Tên SP,Danh mục,Danh mục con,Phong cách,Sub-styles,Giá,Giá gốc,Kích thước,Chất liệu,Màu sắc,Mô tả,Thương hiệu,Tình trạng,Hình ảnh,URL sản phẩm,Board ID
"Index Wall Shelf, Set of 6 - Oak - Wood",Furniture,Storage & Shelving,coastal,Coastal|Farmhouse|Transitional,$1271.00,$1695.00,"96"" W x 64"" H x 10"" D",Wood,Oak,"The entire Index Collection is a pure example of form following function: straightforward carpentry without ornamentation, allowing the objects on your shelves to take the spotlight. Create a matching set for your any room in the house, or maybe you're interested in one stand alone piece. Burrow Index Wall Shelf, Set of 6",Burrow,in_stock,assets\products\coastal\board-4173476\product-coastal-index-wall-shelf-set-of-6-oak-wood-01-01.jpg,https://havenly.com/products/groups/burrow-9787730919726-179?vendorVariantId=87873999,4173476
Foley Grey Velvet Dining Chair,Furniture,Dining Tables & Chairs,coastal,Coastal|Farmhouse|Transitional,$399.00,,"25""Wx23""Dx31.25""H",Faux Mohair,Dove,,CB2,in_stock,assets\products\coastal\board-4173476\product-coastal-foley-grey-velvet-dining-chair-02-01.jpg;assets\products\coastal\board-4173476\product-coastal-foley-grey-velvet-dining-chair-02-02.jpg;assets\products\coastal\board-4173476\product-coastal-foley-grey-velvet-dining-chair-02-03.jpg,https://havenly.com/products/details/Foley-Grey-Velvet-Dining-Chair-CB2-82094139,4173476
Burrow Alto Dining Chair Metal,Furniture,Dining Tables & Chairs,coastal,Coastal|Farmhouse|Transitional,$524.25,$699.00,23.5” D x 18.75” W x 32” H,"Solid rubberwood or powder-coated steel, performance fabric or Italian leather",Black Metal/Camel,"Here’s a new way to sing for your supper: grab your plate and settle in to the Alto Dining Chair, a demure yet durable seat that’s designed for lasting comfort. Featuring foam cushioning in mess-friendly upholstery, and finished in a choice of steel or wood legs, Alto makes it a pleasure to enjoy breakfast, dinner, and everything in between. But what makes this chair a real VIP is its ability to work in just about every setting and design scheme. Versatile, sturdy, and comfortable, you’ll be sin",Burrow,out_of_stock,assets\products\coastal\board-4173476\product-coastal-burrow-alto-dining-chair-metal-03-01.jpg;assets\products\coastal\board-4173476\product-coastal-burrow-alto-dining-chair-metal-03-02.jpg;assets\products\coastal\board-4173476\product-coastal-burrow-alto-dining-chair-metal-03-03.jpg,https://havenly.com/products/details/Burrow-Alto-Dining-Chair-Metal-Burrow-133512936,4173476
Tojo Cane Dining Chair With Cushion - White / Gray - Safavieh,Furniture,Dining Tables & Chairs,coastal,Coastal|Farmhouse|Transitional,$368.55,,21.7in x 38.60in x 18.1in,"Foam, -, Rattan/ Mango Wood/ Foam","White / Grey, Grey, White","Bring Breezy Tropical Flair To The Table With This Coastal Chic Tojo Dining Chair. A Natural Cane Frame Breathes Soothing Seaside Vibes Into Any Interior, While Its Soft White Cushion Ensures Family And Friends Will Comfortably Stay For Second Helpings. Sold In Sets Of Two.",Safavieh,in_stock,assets\products\coastal\board-4173476\product-coastal-tojo-cane-dining-chair-with-cushion-white-gray-safavieh-04-01.jpg;assets\products\coastal\board-4173476\product-coastal-tojo-cane-dining-chair-with-cushion-white-gray-safavieh-04-02.jpg;assets\products\coastal\board-4173476\product-coastal-tojo-cane-dining-chair-with-cushion-white-gray-safavieh-04-03.jpg;assets\products\coastal\board-4173476\product-coastal-tojo-cane-dining-chair-with-cushion-white-gray-safavieh-04-04.jpg;assets\products\coastal\board-4173476\product-coastal-tojo-cane-dining-chair-with-cushion-white-gray-safavieh-04-05.jpg,https://havenly.com/products/details/Tojo-Cane-Dining-Chair-With-Cushion-White-Gray-Safavieh-Safavieh-147140556,4173476
Aniek 18'' H Solid Wood Side Chair (Set of 2),Furniture,Dining Tables & Chairs,coastal,Coastal|Farmhouse|Transitional,$244.99,$319.00,33.25'' H x 19.5'' W x 23.25'' D,Solid Wood / Rubberwood / Rope,Natural (Brown),"The sleek silhouette of this dining chair embodies the grace and simplicity of midcentury modern design, while the rope seats handwoven in an intricate basketweave pattern introduce a more rustic element. This unique blend of styles is further accentuated by the backrest curved for comfort and stained for a smooth finish. The chair stands on a set of solid wood legs and arrives in a set of two. A matching bench and table can be purchased to complete your midcentury dining ensemble.  Features: + ",Wayfair,in_stock,assets\products\coastal\board-4173476\product-coastal-aniek-18-h-solid-wood-side-chair-set-of-2-05-01.jpg;assets\products\coastal\board-4173476\product-coastal-aniek-18-h-solid-wood-side-chair-set-of-2-05-02.jpg;assets\products\coastal\board-4173476\product-coastal-aniek-18-h-solid-wood-side-chair-set-of-2-05-03.jpg;assets\products\coastal\board-4173476\product-coastal-aniek-18-h-solid-wood-side-chair-set-of-2-05-04.jpg;assets\products\coastal\board-4173476\product-coastal-aniek-18-h-solid-wood-side-chair-set-of-2-05-05.jpg,https://havenly.com/products/details/Aniek-18-H-Solid-Wood-Side-Chair-Set-of-2-Wayfair-88838508,4173476
"Handcrafted Weathered Terracotta Vase, Large, 15""H, White",Decor & Lighting,Vases & Botanicals,coastal,Coastal|Farmhouse|Transitional,$139.00,,"14"" Diameter x 15""",Stone,White,,Pottery Barn,unavailable,assets\products\coastal\board-4173476\product-coastal-handcrafted-weathered-terracotta-vase-large-15-h-white-01-01.jpg;assets\products\coastal\board-4173476\product-coastal-handcrafted-weathered-terracotta-vase-large-15-h-white-01-02.jpg;assets\products\coastal\board-4173476\product-coastal-handcrafted-weathered-terracotta-vase-large-15-h-white-01-03.jpg;assets\products\coastal\board-4173476\product-coastal-handcrafted-weathered-terracotta-vase-large-15-h-white-01-04.jpg,https://havenly.com/products/details/Handcrafted-Weathered-Terracotta-Vase-Large-15-H-White-Pottery-Barn-17127602,4173476
Faux Branch  27.6'' Faux Branch (3 stems),Decor & Lighting,Vases & Botanicals,coastal,Coastal|Farmhouse|Transitional,$48.99,,"27.6"" H x 2"" W x 1"" D",Silk,Green,Product may ship compressed - Primping of branches or leaves may be required to match the image shown. Pieces Included: 3 Stems and 5 stems.,Wayfair,in_stock,assets\products\coastal\board-4173476\product-coastal-faux-branch-27-6-faux-branch-3-stems-02-01.jpg;assets\products\coastal\board-4173476\product-coastal-faux-branch-27-6-faux-branch-3-stems-02-02.jpg;assets\products\coastal\board-4173476\product-coastal-faux-branch-27-6-faux-branch-3-stems-02-03.jpg;assets\products\coastal\board-4173476\product-coastal-faux-branch-27-6-faux-branch-3-stems-02-04.jpg,https://havenly.com/products/details/Faux-Branch-27-6-Faux-Branch-3-stems-Wayfair-91042577,4173476
Casta Vase - Blue,Decor & Lighting,Vases & Botanicals,coastal,Coastal|Farmhouse|Transitional,$30.00,,3.0 x 3.0 x 6.25,Glass,Light Blue,"The Casta vases have a classic bottle shape, with a painted spot finish that is semi-translucent, adding texture and visual interest.",Elk Home,in_stock,assets\products\coastal\board-4173476\product-coastal-casta-vase-blue-03-01.jpg;assets\products\coastal\board-4173476\product-coastal-casta-vase-blue-03-02.jpg;assets\products\coastal\board-4173476\product-coastal-casta-vase-blue-03-03.jpg;assets\products\coastal\board-4173476\product-coastal-casta-vase-blue-03-04.jpg,https://havenly.com/products/details/Casta-Vase-Blue-Elk-Home-130253943,4173476
Tube Vase,Decor & Lighting,Vases & Botanicals,coastal,Coastal|Farmhouse|Transitional,$98.00,,9.25 x 3.25 x 6.25,Metal,Plaster White,"The Tube Vase brings a contemporary note to a living room console or bookshelf. Its arched tubular base is made from earthenware and comes in a stylish, dry white plaster finish. Its eye catching silhouette perfectly captures a young, playful aesthetic.",Elk Home,in_stock,assets\products\coastal\board-4173476\product-coastal-tube-vase-04-01.jpg;assets\products\coastal\board-4173476\product-coastal-tube-vase-04-02.jpg;assets\products\coastal\board-4173476\product-coastal-tube-vase-04-03.jpg;assets\products\coastal\board-4173476\product-coastal-tube-vase-04-04.jpg,https://havenly.com/products/details/Tube-Vase-Elk-Home-130254746,4173476
"Faux Potted Sparse Olive Floor Tree, 6.5', Green",Decor & Lighting,Vases & Botanicals,coastal,Coastal|Farmhouse|Transitional,$299.00,,6.5' Tall,Faux Tree,/,,West Elm,unavailable,assets\products\coastal\board-4173476\product-coastal-faux-potted-sparse-olive-floor-tree-6-5-green-05-01.jpg,https://havenly.com/products/details/Faux-Potted-Sparse-Olive-Floor-Tree-6-5-Green-West-Elm-142063980,4173476
Victoria Black Terracotta Vase,Decor & Lighting,Vases & Botanicals,coastal,Coastal|Farmhouse|Transitional,$49.95,,"7.5"" dia. x 8.25""H",Terracota,Black,"Terracotta vase with black glaze finish works all the angles, from its simple base to round curves and angled lip. Natural terracotta shade is visible on the interior, adding to the organic feel. Gorgeous on its own as a statement piece or displaying dried blooms. CB2 exclusive.  -Terracotta -Not watertight -Clean with a soft cloth -Botanicals not included -Made in Indonesia Victoria Black Terracotta Vase",CB2,out_of_stock,assets\products\coastal\board-4173476\product-coastal-victoria-black-terracotta-vase-06-01.jpg;assets\products\coastal\board-4173476\product-coastal-victoria-black-terracotta-vase-06-02.jpg;assets\products\coastal\board-4173476\product-coastal-victoria-black-terracotta-vase-06-03.jpg;assets\products\coastal\board-4173476\product-coastal-victoria-black-terracotta-vase-06-04.jpg,https://havenly.com/products/details/Victoria-Black-Terracotta-Vase-CB2-86884323,4173476
Artificial Heart Evergreen Hanging Foliage Plant,Decor & Lighting,Vases & Botanicals,coastal,Coastal|Farmhouse|Transitional,$62.99,$78.99,32'' H x 12'' W x 6'' D,Plastic/Silk,Green,"Real to the touch variegated green foliage that spills downward in a wild, the natural display makes up this Artificial Heart Evergreen Hanging Foliage Plant. Coming in a set of two, you can let these pieces drape down on a built-in wall shelf in your study, office, or den alongside a few books and other items to create an elegant, calm display.",Wayfair,in_stock,assets\products\coastal\board-4173476\product-coastal-artificial-heart-evergreen-hanging-foliage-plant-07-01.jpg,https://havenly.com/products/details/Artificial-Heart-Evergreen-Hanging-Foliage-Plant-Wayfair-54175146,4173476
9In. Pothos Artificial Plant In White Planter (Real Touch),Decor & Lighting,Vases & Botanicals,coastal,Coastal|Farmhouse|Transitional,$26.99,,"9""H X 8""W X 8""D",Plastic,Green,"If you’re into the jungle look, you’ll go wild for this Pothos Artificial Plant. The trailing fake plant has cascading dense, green foliage of silky leaves – that overflow from the planter and feel real to touch. Standing 9’, from a white planter - included in height , this trio is the perfect addition for bookshelves, home offices, or lonely windows. Item will need to be re-shaped when removed from the box; this artificial plant can easily bend for reshaping purposes - please separate and fluff",Wayfair,in_stock,assets\products\coastal\board-4173476\product-coastal-9in-pothos-artificial-plant-in-white-planter-real-touch-08-01.jpg,https://havenly.com/products/details/9In-Pothos-Artificial-Plant-In-White-Planter-Real-Touch-Wayfair-87901560,4173476
Nasser Wood Decorative Bowl in Beige,Decor & Lighting,Other Decor,coastal,Coastal|Farmhouse|Transitional,$31.99,,3.5'' H x 9'' W x 9'' D,Paulownia wood,Beige,,Wayfair,in_stock,assets\products\coastal\board-4173476\product-coastal-nasser-wood-decorative-bowl-in-beige-09-01.jpg,https://havenly.com/products/details/Nasser-Wood-Decorative-Bowl-in-Beige-Wayfair-97476735,4173476
Faux Foliage Plant in Planter,Decor & Lighting,Vases & Botanicals,coastal,Coastal|Farmhouse|Transitional,$20.99,,13.82'' H X 9.43'' W X 4.51'' D,plastic,white and green,"Description:Adopting fake foliage plant shape design, this artificial bonsai is very beautiful and it is very popular with people, which can be a good decoration for wedding, party, home, etc.Using fine workmanship, this artificial bonsai has vivid color and is very realistic. Besides, it has long serveice life.Made of good plastic material, it is unfading and keeps fresh all the time.Height of the artificial bonsai is 22cm, width is 16cm.It is suitable for restaurant, hotel, shop, home decorati",Wayfair,out_of_stock,assets\products\coastal\board-4173476\product-coastal-faux-foliage-plant-in-planter-10-01.jpg,https://havenly.com/products/details/Faux-Foliage-Plant-in-Planter-Wayfair-117026175,4173476
Tanis Vase - Small,Decor & Lighting,Vases & Botanicals,coastal,Coastal|Farmhouse|Transitional,$52.00,,6.5 x 8.75 x 6.75,Earthenware,Gray,"The Tanis Vase has a weathered, found-object aesthetic that adds a culturally sophisticated look. Made from earthenware with a dry textured grey finish, this small vase has a rounded body and two small handles.",Elk Home,out_of_stock,assets\products\coastal\board-4173476\product-coastal-tanis-vase-small-11-01.jpg;assets\products\coastal\board-4173476\product-coastal-tanis-vase-small-11-02.jpg;assets\products\coastal\board-4173476\product-coastal-tanis-vase-small-11-03.jpg;assets\products\coastal\board-4173476\product-coastal-tanis-vase-small-11-04.jpg;assets\products\coastal\board-4173476\product-coastal-tanis-vase-small-11-05.jpg,https://havenly.com/products/details/Tanis-Vase-Small-Elk-Home-130254743,4173476
"Round Decorative Paulownia Wood Pedestal Vase, Brown",Decor & Lighting,Vases & Botanicals,coastal,Coastal|Farmhouse|Transitional,$29.92,,"7.75"" L x 7.75"" W x 8.13"" H",Paulownia Wood,Walnut,"Add a touch of beauty and elegance to the home with this decorative paulownia wood tall vase. This vase is made of durable paulownia wood that is lightweight and durable. This vase has a brown color that gives it a warm and rustic look, and a narrow opening that creates a sleek and modern silhouette. Use this vase for fresh or dried flowers or branches, or even as a standalone piece. It will add charm and character to any space, whether placed on the windowsill, shelf, table, or floor. This vase",Creative Co-Op,back_ordered,assets\products\coastal\board-4173476\product-coastal-round-decorative-paulownia-wood-pedestal-vase-brown-12-01.jpg,https://havenly.com/products/details/Round-Decorative-Paulownia-Wood-Pedestal-Vase-Brown-Creative-Co-Op-124317732,4173476
Doyle Vase - Small,Decor & Lighting,Vases & Botanicals,coastal,Coastal|Farmhouse|Transitional,$28.00,,6.25 x 6.25 x 4.5,Earthenware,Blue,The Doyle collection of vases and candleholder features a Mediterranean-inspired glossy white glaze with a small blue rectangle pattern. The base is banded with raw matte ceramic with a natural texture.,Elk Home,out_of_stock,assets\products\coastal\board-4173476\product-coastal-doyle-vase-small-13-01.jpg;assets\products\coastal\board-4173476\product-coastal-doyle-vase-small-13-02.jpg;assets\products\coastal\board-4173476\product-coastal-doyle-vase-small-13-03.jpg;assets\products\coastal\board-4173476\product-coastal-doyle-vase-small-13-04.jpg;assets\products\coastal\board-4173476\product-coastal-doyle-vase-small-13-05.jpg,https://havenly.com/products/details/Doyle-Vase-Small-Elk-Home-130253903,4173476
Arcas Vase - Small,Decor & Lighting,Vases & Botanicals,coastal,Coastal|Farmhouse|Transitional,$22.00,,5.5 x 5.5 x 5.5,Earthenware,Cream,"The Arcas Vase is a small decorative bud vase with a rounded body and small mouth opening. The earthenware vessel is painted with a soft matte ivory finish, adding to its calming neutral look.",Elk Home,out_of_stock,assets\products\coastal\board-4173476\product-coastal-arcas-vase-small-14-01.jpg;assets\products\coastal\board-4173476\product-coastal-arcas-vase-small-14-02.jpg;assets\products\coastal\board-4173476\product-coastal-arcas-vase-small-14-03.jpg;assets\products\coastal\board-4173476\product-coastal-arcas-vase-small-14-04.jpg;assets\products\coastal\board-4173476\product-coastal-arcas-vase-small-14-05.jpg,https://havenly.com/products/details/Arcas-Vase-Small-Elk-Home-130254082,4173476
"Hand-Woven Rattan Basket with Lid, Black & Natural",Decor & Lighting,Other Decor,coastal,Coastal|Farmhouse|Transitional,$86.40,,"8.25"" x 8.25"" x 9""",Rattan,"Black, Natural, Tan","This basket is perfect for storing small items in a stylish way. Hand-woven, this rattan basket features a black and natural pattern that lends itself perfect into a boho home. Perfect for placing at the bottom of stairs, on fireplaces, or in laundry rooms.",Bloomingville,out_of_stock,assets\products\coastal\board-4173476\product-coastal-hand-woven-rattan-basket-with-lid-black-natural-15-01.jpg;assets\products\coastal\board-4173476\product-coastal-hand-woven-rattan-basket-with-lid-black-natural-15-02.jpg;assets\products\coastal\board-4173476\product-coastal-hand-woven-rattan-basket-with-lid-black-natural-15-03.jpg,https://havenly.com/products/details/Hand-Woven-Rattan-Basket-with-Lid-Black-Natural-Bloomingville-88390927,4173476
Artesia Natural Rattan Bowl with Handles,Decor & Lighting,Other Decor,coastal,Coastal|Farmhouse|Transitional,$49.95,,"10.03"" dia. x 5.11""H",NATURAL PLANT MATERIAL,Natural,"Handcrafted of rattan, our Artesia handled bowl is woven in a pattern known as hapao. Originating in a remote village in northern Luzon, the largest island in the Philippines, hapao is a traditional pattern used for bags and baskets. Over time, the colors used and shapes formed changed, though always celebrating the durability and beauty of the amazing fiber. This appealingly neutral natural finish emphasizes the texture and intricacy of the weave. The rattan bowl with wooden handles makes a lov",Crate and Barrel,in_stock,assets\products\coastal\board-4173476\product-coastal-artesia-natural-rattan-bowl-with-handles-16-01.jpg;assets\products\coastal\board-4173476\product-coastal-artesia-natural-rattan-bowl-with-handles-16-02.jpg;assets\products\coastal\board-4173476\product-coastal-artesia-natural-rattan-bowl-with-handles-16-03.jpg,https://havenly.com/products/details/Artesia-Natural-Rattan-Bowl-with-Handles-Crate-and-Barrel-72330622,4173476
Coralie Round White Terracotta Vase,Decor & Lighting,Vases & Botanicals,coastal,Coastal|Farmhouse|Transitional,$49.97,$69.95,"10.25"" dia. x 11""H",TERRACOTTA,White,"Dramatic curves and a bright matte white glaze, terra cotta vase stuns in its simplicity. Depressions in the surface create a rough texture, giving an organic look that complements bouquets and dried botanicals. Layers beautifully when displayed in a group. CB2 exclusive.  -Terra cotta with matte white glaze -Watertight; no drainage hole -Wipe with a soft cloth -Botanicals not included -Made in The Philippines Coralie Round White Terracotta Vase",CB2,out_of_stock,assets\products\coastal\board-4173476\product-coastal-coralie-round-white-terracotta-vase-17-01.jpg;assets\products\coastal\board-4173476\product-coastal-coralie-round-white-terracotta-vase-17-02.jpg;assets\products\coastal\board-4173476\product-coastal-coralie-round-white-terracotta-vase-17-03.jpg,https://havenly.com/products/details/Coralie-Round-White-Terracotta-Vase-CB2-118118242,4173476
Gracie Oaks Terracotta & Jute Vase,Decor & Lighting,Vases & Botanicals,coastal,Coastal|Farmhouse|Transitional,$38.99,$67.99,8.0 H x 8.0 W x 8.0 D in,Terracotta,brown/orange,"Unique in shape, this hand thrown terracotta vase is finished with jute detailing wrapped by hand around the neck of the vase. Jute is one of the most environmentally friendly fibers because it can be recycled more than once. Infuse a bit of natural boho style to your home with this vase when you mix and match with your favorite florals to brighten up any room.",Wayfair,out_of_stock,assets\products\coastal\board-4173476\product-coastal-gracie-oaks-terracotta-jute-vase-18-01.jpg,https://havenly.com/products/details/Gracie-Oaks-Terracotta-Jute-Vase-Wayfair-118536096,4173476
Otto Vase - Small,Decor & Lighting,Vases & Botanicals,coastal,Coastal|Farmhouse|Transitional,$78.00,,8.75 x 8.75 x 8.0,Glass,Gray,The Otto Vase is a sleek sculptural frosted glass vase with a slightly organic shape in a calming matte gray finish and a rounded body. This vase is perfect for a Scandinavian or coastal look.,Elk Home,in_stock,assets\products\coastal\board-4173476\product-coastal-otto-vase-small-19-01.jpg;assets\products\coastal\board-4173476\product-coastal-otto-vase-small-19-02.jpg;assets\products\coastal\board-4173476\product-coastal-otto-vase-small-19-03.jpg;assets\products\coastal\board-4173476\product-coastal-otto-vase-small-19-04.jpg;assets\products\coastal\board-4173476\product-coastal-otto-vase-small-19-05.jpg,https://havenly.com/products/details/Otto-Vase-Small-Elk-Home-130254734,4173476
Lena Vase - Small,Decor & Lighting,Vases & Botanicals,coastal,Coastal|Farmhouse|Transitional,$30.00,,5.5 x 5.5 x 5.5,Earthenware,Beige,"The Lena Vase is a small bud vase with a spherical shape. The earthenware vessel is painted with a charming yellow and white striped pattern, adding to its playful look.",Elk Home,in_stock,assets\products\coastal\board-4173476\product-coastal-lena-vase-small-20-01.jpg;assets\products\coastal\board-4173476\product-coastal-lena-vase-small-20-02.jpg;assets\products\coastal\board-4173476\product-coastal-lena-vase-small-20-03.jpg;assets\products\coastal\board-4173476\product-coastal-lena-vase-small-20-04.jpg;assets\products\coastal\board-4173476\product-coastal-lena-vase-small-20-05.jpg,https://havenly.com/products/details/Lena-Vase-Small-Elk-Home-130254079,4173476
Kadin Medallion Blue/ Gray Area Rug (9'X12'),Decor & Lighting,Rugs,coastal,Coastal|Farmhouse|Transitional,$807.50,,9'X12',100% Polyester,Blue Gray,"The Kindred collection melds the timelessness of vintage designs with modern, livable style. In serene tones of blue and gray, the inviting Kadin rug ground spaces with luxe appeal and a classic center medallion motif. This low-pile rug is made of soft polyester and features a stunning, Old World-inspired digitally printed design.. Power-Loomed Performance: the digitally printed and machine-made quality offer an innovative vintage style. Everyday Luxury: 100% polyester with a subtle luster. Low ",Jaipur Living,in_stock,assets\products\coastal\board-4173476\product-coastal-kadin-medallion-blue-gray-area-rug-9-x12-01-01.jpg;assets\products\coastal\board-4173476\product-coastal-kadin-medallion-blue-gray-area-rug-9-x12-01-02.jpg;assets\products\coastal\board-4173476\product-coastal-kadin-medallion-blue-gray-area-rug-9-x12-01-03.jpg;assets\products\coastal\board-4173476\product-coastal-kadin-medallion-blue-gray-area-rug-9-x12-01-04.jpg;assets\products\coastal\board-4173476\product-coastal-kadin-medallion-blue-gray-area-rug-9-x12-01-05.jpg,https://havenly.com/products/details/Kadin-Medallion-Blue-Gray-Area-Rug-9-X12-Jaipur-Living-88509077,4173476
1 - Light Dimmable Picture Light,Decor & Lighting,Table & Floor Lamps,coastal,Coastal|Farmhouse|Transitional,$116.99,$134.49,"Height Extension 7.25'' Reach Extension 8.75'' Other Dimensions Overall 7.25'' H x 17'' W x 8.75'' D Overall Product Weight 2.3 lb. Back Plate Height - Top to Bottom 4.5'' Back Plate Width - Side to Side 4.5'' Fixture dimensions 4"" H x 14.50"" W",Metal,Brass,,Wayfair,in_stock,assets\products\coastal\board-4173476\product-coastal-1-light-dimmable-picture-light-01-01.jpg;assets\products\coastal\board-4173476\product-coastal-1-light-dimmable-picture-light-01-02.jpg;assets\products\coastal\board-4173476\product-coastal-1-light-dimmable-picture-light-01-03.jpg,https://havenly.com/products/details/1-Light-Dimmable-Picture-Light-Wayfair-95311557,4173476
Rememberance Framed Wall Art,Decor & Lighting,Wall Art & Mirrors,coastal,Coastal|Farmhouse|Transitional,$238.00,,32.5 x 2.0 x 32.5,Fabric,Light Blue,"Remembrance brings an impressionist style to any room setting. Using subtle blues, grays and whites to create an intriguing abstract landscape, this piece is the perfect pop of subtle color. Hand painted on canvas, this piece of art features a floating silver frame.",Elk Home,in_stock,assets\products\coastal\board-4173476\product-coastal-rememberance-framed-wall-art-01-01.jpg;assets\products\coastal\board-4173476\product-coastal-rememberance-framed-wall-art-01-02.jpg;assets\products\coastal\board-4173476\product-coastal-rememberance-framed-wall-art-01-03.jpg;assets\products\coastal\board-4173476\product-coastal-rememberance-framed-wall-art-01-04.jpg;assets\products\coastal\board-4173476\product-coastal-rememberance-framed-wall-art-01-05.jpg,https://havenly.com/products/details/Rememberance-Framed-Wall-Art-Elk-Home-132536440,4173476
"Linen Blend Table Runner with Frayed Edges, Natural",Furniture,Coffee & Accent Tables,coastal,Coastal|Farmhouse|Transitional,$60.38,,108x14,Linen,Natural,"This table runner is perfect for any dining or kitchen table. With a linen blend and a beautiful natural color with frayed edges, this runner is perfect for any neutral home. This runner can easily be used for holidays, or year round",Creative Co-Op,out_of_stock,assets\products\coastal\board-4173476\product-coastal-linen-blend-table-runner-with-frayed-edges-natural-01-01.jpg,https://havenly.com/products/details/Linen-Blend-Table-Runner-with-Frayed-Edges-Natural-Creative-Co-Op-88389058,4173476
Haven Pot Planter,Decor & Lighting,Vases & Botanicals,coastal,Coastal|Farmhouse|Transitional,$22.00,,3.0 H x 8.0 W x 8.0 D in,PLASTIC,brown,"Modern minimalism meets modern design. This wide-mouthed planter pot is crafted from recycled materials, creating an accent that's both versatile enough for use throughout your home and sustainable. Crafted from a blend of composite woods and other materials, this pot features a bowl silhouette with a solid tone. It resists frost and weather, so you can use it both indoors and out. No drainage holes are included, so you don't have to worry about it leaking onto your surfaces – but we do recommen",AllModern,out_of_stock,assets\products\coastal\board-4173476\product-coastal-haven-pot-planter-02-01.jpg,https://havenly.com/products/details/Haven-Pot-Planter-AllModern-91795689,4173476
Camden Handmade Rattan Decorative Bowl 1,Decor & Lighting,Other Decor,coastal,Coastal|Farmhouse|Transitional,$47.00,,3'' H x 10'' W x 10'' D,wicker/rattan,White Wash,"This handwoven rattan bowl helps you keep any spot in your home less cluttered. A versatile piece, it can be used to store fruit in your kitchen or hand towels in your bathroom. Crafted from rattan, it brings a coastal- or farmhouse-inspired accent to your space. Plus, the rounded silhouette adds a classic look that we love. Lightweight and measuring 10"" wide, it's easy to carry from room to room. Wipe clean only when it needs a pick-me-up. Due to its handcrafted construction, slight variations ",Birch Lane,in_stock,assets\products\coastal\board-4173476\product-coastal-camden-handmade-rattan-decorative-bowl-1-03-01.jpg,https://havenly.com/products/details/Camden-Handmade-Rattan-Decorative-Bowl-1-Birch-Lane-66006050,4173476
Camden Handmade Rattan Decorative Bowl 1,Decor & Lighting,Other Decor,coastal,Coastal|Farmhouse|Transitional,$35.00,$49.00,3'' H x 10'' W x 10'' D,Wicker/Rattan,Tudor Black,"This handwoven rattan bowl is a great solution to organize your home and instantly upgrade the look of any room in the house. A versatile piece, use it to store fruit or bread in the kitchen or hand towels in the bathroom. Our rattan bowls feature a sophisticated accent that will easily complement any table setting or room in the house. Products are handmade and each piece is unique; therefore slight variations and imperfections exist. Birch Lane™ Color: Tudor Black",Birch Lane,out_of_stock,assets\products\coastal\board-4173476\product-coastal-camden-handmade-rattan-decorative-bowl-1-04-01.jpg,https://havenly.com/products/details/Camden-Handmade-Rattan-Decorative-Bowl-1-Birch-Lane-66006048,4173476
Yalina Ceramic Serving Bowl,Decor & Lighting,Other Decor,coastal,Coastal|Farmhouse|Transitional,$79.00,$85.00,3.0 H x 12.0 D in,ceramic,blue,"The Bono bowl is part of Accent Decor's new kitchen collection and crafted from ceramic, made food-safe. Bring an artisan look to your table with the gorgeous stoneware-crafted Bono bowl in a beautiful blue reactive glaze finish. Joss & Main",AllModern,in_stock,assets\products\coastal\board-4173476\product-coastal-yalina-ceramic-serving-bowl-05-01.jpg,https://havenly.com/products/details/Yalina-Ceramic-Serving-Bowl-AllModern-121859893,4173476
Bodine Cane Back Dining Chair,Furniture,Dining Tables & Chairs,coastal,Coastal|Farmhouse|Transitional,$372.00,,33.5 H x 18.5 W x 22.5 D in,solid wood,Natural Wood Grain Color Variation,"Clean lines and classic comfort collide in this set of two dining chairs! Solid wood means that these chairs are extra durable and easy to maintain. In addition, the cane backrest and upholstered seats are handmade with superior craftsmanship, making them a lasting investment. Easily pair with any dining table, elevating any dining room ensemble.",Birch Lane,out_of_stock,assets\products\coastal\board-4173476\product-coastal-bodine-cane-back-dining-chair-06-01.jpg,https://havenly.com/products/details/Bodine-Cane-Back-Dining-Chair-Birch-Lane-124360865,4173476
Otago Oval Dining Table Walnut,Furniture,Dining Tables & Chairs,coastal,Modern|Coastal|Rustic|Transitional,$2250.00,,71.0 X 29.5 X 43.0,"Walnut Veneer, MDF",Brown,"Nestled on top of a walnut pedestal, the Otago Table features clean lines and a contemporary modern style that will brighten up your dining area with its warm hues and circular design. A polished walnut veneer completes this table's seamless look., Walnut veneer, Seats 4-6 comfortably, Rounded oval shape",Moes Home Collection,out_of_stock,assets\products\coastal\board-4178680\product-coastal-otago-oval-dining-table-walnut-01-01.jpg;assets\products\coastal\board-4178680\product-coastal-otago-oval-dining-table-walnut-01-02.jpg;assets\products\coastal\board-4178680\product-coastal-otago-oval-dining-table-walnut-01-03.jpg;assets\products\coastal\board-4178680\product-coastal-otago-oval-dining-table-walnut-01-04.jpg;assets\products\coastal\board-4178680\product-coastal-otago-oval-dining-table-walnut-01-05.jpg,https://havenly.com/products/details/Otago-Oval-Dining-Table-Walnut-Moes-Home-Collection-131940366,4178680
Encompass White Fabric Dining Chair,Furniture,Dining Tables & Chairs,coastal,Modern|Coastal|Rustic|Transitional,$933.60,,26 W X 28 H X 31 D (in),"95% Polyester, 5% Acrylic",Upholstered in a textured white boucle,"Designed With Your Comfort In Mind, The Encompass Dining Chair Features A Barrel Back Shape That Allows For Ultimate Leisure At The Table. Upholstered In A Textured White Boucle With A Toxin-free, Eco Friendly Treatment To Help Resist Water Based Stains.",Uttermost,back_ordered,assets\products\coastal\board-4178680\product-coastal-encompass-white-fabric-dining-chair-02-01.jpg;assets\products\coastal\board-4178680\product-coastal-encompass-white-fabric-dining-chair-02-02.jpg;assets\products\coastal\board-4178680\product-coastal-encompass-white-fabric-dining-chair-02-03.jpg;assets\products\coastal\board-4178680\product-coastal-encompass-white-fabric-dining-chair-02-04.jpg;assets\products\coastal\board-4178680\product-coastal-encompass-white-fabric-dining-chair-02-05.jpg,https://havenly.com/products/details/Encompass-White-Fabric-Dining-Chair-Uttermost-146122892,4178680
Encore Counter Stool Natural,Furniture,Dining Tables & Chairs,coastal,Modern|Coastal|Rustic|Transitional,$855.80,,23 W X 38 H X 23 D,Wood & linen,Natural,"High Supportive Back And Curvy Flair Arms Make A Grand Style Statement In A Lightly Glazed And Bleached Sandstone Exposed Hardwood Finish With Cane Sides, Tailored In A Durable Yet Lush Off-white Fabric With Added Performance Treatment To Resist Soiling And Stains. Polished Nickel Metal Kick Plate.",Uttermost,out_of_stock,assets\products\coastal\board-4178680\product-coastal-encore-counter-stool-natural-03-01.jpg;assets\products\coastal\board-4178680\product-coastal-encore-counter-stool-natural-03-02.jpg;assets\products\coastal\board-4178680\product-coastal-encore-counter-stool-natural-03-03.jpg;assets\products\coastal\board-4178680\product-coastal-encore-counter-stool-natural-03-04.jpg;assets\products\coastal\board-4178680\product-coastal-encore-counter-stool-natural-03-05.jpg,https://havenly.com/products/details/Encore-Counter-Stool-Natural-Uttermost-70911666,4178680
"Faux Birch Branches 45""",Decor & Lighting,Other,coastal,Modern|Coastal|Rustic|Transitional,$12.47,$24.95,"4"" dia. x 45""H",PAPER,White,"Stylized tree twigs branch out in hand-wrapped in paper for a natural accent with artisan appeal. Brings the outdoors inside set in a tall vase or bundled with rope or ribbon.   • Polyfoam, wire and plastic  • Natural/paper finish  • Indoor use only  • Avoid direct sunlight  • Store in plastic in a cool dry place  • Clean with a dry cloth  • Imported Faux Birch Branches 45""",Crate and Barrel,out_of_stock,assets\products\coastal\board-4178680\product-coastal-faux-birch-branches-45-01-01.jpg;assets\products\coastal\board-4178680\product-coastal-faux-birch-branches-45-01-02.jpg;assets\products\coastal\board-4178680\product-coastal-faux-birch-branches-45-01-03.jpg;assets\products\coastal\board-4178680\product-coastal-faux-birch-branches-45-01-04.jpg;assets\products\coastal\board-4178680\product-coastal-faux-birch-branches-45-01-05.jpg,https://havenly.com/products/details/Faux-Birch-Branches-45-Crate-and-Barrel-6647211,4178680
Earthyn Vase,Decor & Lighting,Vases & Botanicals,coastal,Modern|Coastal|Rustic|Transitional,$268.00,$358.00,"13"" L x 13"" W x 14"" H",clay,Earthy tones,"With earthy tones, this bulbous vase lends depth and dimension wherever it’s placed. Simply styled in your built-ins or added to an entryway vignette, this piece features varying eccentricities creating a truly one-of-a-kind look and feel.",McGee & Co.,out_of_stock,assets\products\coastal\board-4178680\product-coastal-earthyn-vase-02-01.jpg;assets\products\coastal\board-4178680\product-coastal-earthyn-vase-02-02.jpg,https://havenly.com/products/details/Earthyn-Vase-McGee-Co-66103502,4178680
Hand-Carved Paulownia Wood Bowl with Whitewashed Finish,Decor & Lighting,Other Decor,coastal,Modern|Coastal|Rustic|Transitional,$26.40,,"14.5"" x 10.25""",Paulownia Wood,White,This oval bowl will be a beautiful addition to any room décor.  Fill with miscellaneous items for organization or decorative items for a beautiful display.,Bloomingville,out_of_stock,assets\products\coastal\board-4178680\product-coastal-hand-carved-paulownia-wood-bowl-with-whitewashed-finish-03-01.jpg;assets\products\coastal\board-4178680\product-coastal-hand-carved-paulownia-wood-bowl-with-whitewashed-finish-03-02.jpg;assets\products\coastal\board-4178680\product-coastal-hand-carved-paulownia-wood-bowl-with-whitewashed-finish-03-03.jpg;assets\products\coastal\board-4178680\product-coastal-hand-carved-paulownia-wood-bowl-with-whitewashed-finish-03-04.jpg;assets\products\coastal\board-4178680\product-coastal-hand-carved-paulownia-wood-bowl-with-whitewashed-finish-03-05.jpg,https://havenly.com/products/details/Hand-Carved-Paulownia-Wood-Bowl-with-Whitewashed-Finish-Bloomingville-91145913,4178680
Capri Wallpaper,Decor & Lighting,Other Decor,coastal,Modern|Coastal|Rustic|Transitional,$180.00,,20.4 in x 32.9 ft = 55.9 sq ft,Unpasted - Scrubbable - Strippable,Cream,,York Wallcoverings,in_stock,assets\products\coastal\board-4178680\product-coastal-capri-wallpaper-04-01.jpg;assets\products\coastal\board-4178680\product-coastal-capri-wallpaper-04-02.jpg;assets\products\coastal\board-4178680\product-coastal-capri-wallpaper-04-03.jpg,https://havenly.com/products/details/Capri-Wallpaper-York-Wallcoverings-143329773,4178680
Faux Olive Tree,Decor & Lighting,Vases & Botanicals,coastal,Modern|Coastal|Rustic|Transitional,$499.00,,"38"" Diameter x 84""",Plastic,Green,"Refresh the room with a touch of the Mediterranean. Our lifelike, seven-foot-tall olive tree fools the eye with its realistic branches and soft green leaves characteristic of the olive tree. Although already potted in its own container, we recommend ""planting"" it in one of the many attractive planters in our collection. Polyester, plastic, Styrofoam and wire. Dust with a dry cloth or blow dry on cool. For indoor use only. Keep out of direct sunlight. Made in China.",Crate and Barrel,in_stock,assets\products\coastal\board-4178680\product-coastal-faux-olive-tree-05-01.jpg;assets\products\coastal\board-4178680\product-coastal-faux-olive-tree-05-02.jpg;assets\products\coastal\board-4178680\product-coastal-faux-olive-tree-05-03.jpg;assets\products\coastal\board-4178680\product-coastal-faux-olive-tree-05-04.jpg,https://havenly.com/products/details/Faux-Olive-Tree-Crate-and-Barrel-73445676,4178680
Camber Hand-Knotted Medallion Gray/ Cream Area Rug (6'X9'),Decor & Lighting,Rugs,coastal,Modern|Coastal|Rustic|Transitional,$2960.00,,6'X9',100% Wool,Gray Cream,"The Rhapsody collection features heirloom-quality designs of stunningly abrashed Old World patterns. The Camber area rug boasts a beautifully washed, winding medallion design. The tonal gray and cream palette is accented by hints of deep black for added depth and intrigue. This durable wool handknot anchors living spaces with a fresh take on vintage style.. Exceptional Quality: hand knotted by artisans in India for a luxurious, high-quality design. Stylish Durability: made of 100% wool for optim",Jaipur Living,in_stock,assets\products\coastal\board-4178680\product-coastal-camber-hand-knotted-medallion-gray-cream-area-rug-6-x9-01-01.jpg;assets\products\coastal\board-4178680\product-coastal-camber-hand-knotted-medallion-gray-cream-area-rug-6-x9-01-02.jpg;assets\products\coastal\board-4178680\product-coastal-camber-hand-knotted-medallion-gray-cream-area-rug-6-x9-01-03.jpg;assets\products\coastal\board-4178680\product-coastal-camber-hand-knotted-medallion-gray-cream-area-rug-6-x9-01-04.jpg;assets\products\coastal\board-4178680\product-coastal-camber-hand-knotted-medallion-gray-cream-area-rug-6-x9-01-05.jpg,https://havenly.com/products/details/Camber-Hand-Knotted-Medallion-Gray-Cream-Area-Rug-6-X9-Jaipur-Living-107557033,4178680
"Edge Black Arch Floor Mirror 32""x76""",Decor & Lighting,Wall Art & Mirrors,coastal,Modern|Coastal|Rustic|Transitional,$399.20,$499.00,"32""Wx1""Dx76""H",METAL,Black,"Edged with a slim black band, this minimalist floor mirror curves a subtle arch of modern elegance. The mirror, a Crate and Barrel exclusive, leans on the wall for effortless chic. With its black-finished stainless steel frame, the arched floor mirror is an understated essential in any room and is safe to use in bathrooms. Group with our Edge round, capsule, and rounded rectangle floor and wall mirrors in silver, brass and black to create an intriguing geometric display.   • Stainless steel with",Crate and Barrel,in_stock,assets\products\coastal\board-4178680\product-coastal-edge-black-arch-floor-mirror-32-x76-01-01.jpg;assets\products\coastal\board-4178680\product-coastal-edge-black-arch-floor-mirror-32-x76-01-02.jpg;assets\products\coastal\board-4178680\product-coastal-edge-black-arch-floor-mirror-32-x76-01-03.jpg;assets\products\coastal\board-4178680\product-coastal-edge-black-arch-floor-mirror-32-x76-01-04.jpg,https://havenly.com/products/details/Edge-Black-Arch-Floor-Mirror-32-x76-Crate-and-Barrel-48377946,4178680
Terrain by Lauren Fuhr - Rustic Walnut Floater,Other,Other,coastal,Modern|Coastal|Rustic|Transitional,$949.00,,40.0 x 2.0 x 30.0,"Rustic Walnut, Matte Canvas, Gallery Bracer","Rustic Walnut Floater, Matte Canvas",,Four Hands,in_stock,assets\products\coastal\board-4178680\product-coastal-terrain-by-lauren-fuhr-rustic-walnut-floater-01-01.jpg;assets\products\coastal\board-4178680\product-coastal-terrain-by-lauren-fuhr-rustic-walnut-floater-01-02.jpg;assets\products\coastal\board-4178680\product-coastal-terrain-by-lauren-fuhr-rustic-walnut-floater-01-03.jpg,https://havenly.com/products/groups/four-hands-248657-129950?vendorVariantId=145153305,4178680
FOUND SABLE BROWN BEADS,Other,Other,coastal,Modern|Coastal|Rustic|Transitional,$40.00,,"Strand: 26""",Handmade from glass,Brown,,McGee & Co.,out_of_stock,assets\products\coastal\board-4178680\product-coastal-found-sable-brown-beads-02-01.jpg,https://havenly.com/products/details/FOUND-SABLE-BROWN-BEADS-McGee-Co-83628188,4178680
Fiona Loveseat,Furniture,Sofas & Sectionals,coastal,Coastal,$2145.00,,72.0 x 39.0 x 35.0,Performance Velvet,Sterling,"Curvy and ultra-modern, Fiona is the retro statement piece your space needs. An off-the-floor base and thin legs keep its silhouette light and airy, while a plush frame and sleek bench cushion check the Ã¢Â?Â?comfortÃ¢Â?Â box.",Interior Define,in_stock,assets\products\coastal\board-4181734\product-coastal-fiona-loveseat-01-01.jpg;assets\products\coastal\board-4181734\product-coastal-fiona-loveseat-01-02.jpg;assets\products\coastal\board-4181734\product-coastal-fiona-loveseat-01-03.jpg;assets\products\coastal\board-4181734\product-coastal-fiona-loveseat-01-04.jpg;assets\products\coastal\board-4181734\product-coastal-fiona-loveseat-01-05.jpg,https://havenly.com/products/details/Fiona-Loveseat-Interior-Define-133512942,4181734
Jaylessa Wood Nightstand,Furniture,Beds & Headboards,coastal,Coastal,$564.00,,"W 29"" x D 18"" x H 26.5""",Mdf / Solid Rubber Wood / Oak Veneer,Natural,"Liven up your bedroom with the rich textures and modern appeal of our Jaylessa nightstand. It beautifully recalls the timelessness of mid-century design with a tailored and streamlined profile. Expertly crafted in solid wood, the nightstand allows the rich grains of the material to stand out. Its slender curved legs serve as an elegant and charming detail. Finished off with sleek bronze metallic pulls, our nightstand adds character and warmth to a wide variety of settings. It includes two roomy ",Safavieh,in_stock,assets\products\coastal\board-4181734\product-coastal-jaylessa-wood-nightstand-02-01.jpg;assets\products\coastal\board-4181734\product-coastal-jaylessa-wood-nightstand-02-02.jpg;assets\products\coastal\board-4181734\product-coastal-jaylessa-wood-nightstand-02-03.jpg,https://havenly.com/products/details/Jaylessa-Wood-Nightstand-Safavieh-134164334,4181734
"Throw Pillow 20 x 20"" Square""",Furniture,Other,coastal,Coastal,$70.00,,"20""x20""",Performance Plush Velvet,Spa,"Customizing an upholstered furniture item? Add a custom throw pillow to your order!Our made-to-order pillows are customizable in 100+ fabrics and six sizes, and can only be purchased with an upholstered, made-to-order product.These pillows will ship with your upholstered, made-to-order product.",Interior Define,in_stock,assets\products\coastal\board-4181734\product-coastal-throw-pillow-20-x-20-square-03-01.jpg;assets\products\coastal\board-4181734\product-coastal-throw-pillow-20-x-20-square-03-02.jpg;assets\products\coastal\board-4181734\product-coastal-throw-pillow-20-x-20-square-03-03.jpg;assets\products\coastal\board-4181734\product-coastal-throw-pillow-20-x-20-square-03-04.jpg;assets\products\coastal\board-4181734\product-coastal-throw-pillow-20-x-20-square-03-05.jpg,https://havenly.com/products/details/Throw-Pillow-20-x-20-Square-Interior-Define-134453373,4181734
Jaylessa Wood Dresser - Natural,Furniture,Beds & Headboards,coastal,Coastal,$1209.60,,66.0in x 33.0in x 20.0in,Mdf / Solid Rubber Wood / Oak Veneer,Natural,"Embrace the inviting warmth and versatile functionality of our Jaylessa dresser. It beautifully recalls the timelessness of mIndonesia-century design with a tailored and streamlined profile. Expertly crafted in solIndonesia wood, the dresser allows the rich grains of the material to stand out. Its slender curved legs serve as an elegant and charming detail. Finished off with sleek bronze metallic pulls, our dresser adds character and warmth to a wIndonesiae variety of settings. It includes six s",Safavieh Couture,in_stock,assets\products\coastal\board-4181734\product-coastal-jaylessa-wood-dresser-natural-04-01.jpg;assets\products\coastal\board-4181734\product-coastal-jaylessa-wood-dresser-natural-04-02.jpg;assets\products\coastal\board-4181734\product-coastal-jaylessa-wood-dresser-natural-04-03.jpg;assets\products\coastal\board-4181734\product-coastal-jaylessa-wood-dresser-natural-04-04.jpg;assets\products\coastal\board-4181734\product-coastal-jaylessa-wood-dresser-natural-04-05.jpg,https://havenly.com/products/groups/safavieh-couture-sfv2149-72779?vendorVariantId=142956511,4181734
"Modern Bench, Sky Fritz, Brass",Furniture,Accent Chairs,coastal,Coastal,$654.00,,"19""H x 42""W x 22""D","Construction - Hardwood Pine and Poly Fill. Fabric - 71% Cotton, 29% Linen.",Neutral,"This 1970s-inspired bench brings an element of sleek beauty to any space. NOTE: This is not a storage bench Sky Fritz: A classic woven market stripe that's both rustic and refined, our Fritz fabric is as classic as it gets. Composition: 71% Cotton, 29% Linen",The Inside,out_of_stock,assets\products\coastal\board-4181734\product-coastal-modern-bench-sky-fritz-brass-05-01.jpg;assets\products\coastal\board-4181734\product-coastal-modern-bench-sky-fritz-brass-05-02.jpg;assets\products\coastal\board-4181734\product-coastal-modern-bench-sky-fritz-brass-05-03.jpg,https://havenly.com/products/details/Modern-Bench-Sky-Fritz-Brass-The-Inside-120824606,4181734
"Classic Storage Bench, Heron Luxe Velvet",Furniture,Accent Chairs,coastal,Coastal,$1099.00,,"21""H x 55""W x 18""D","Construction - Alder wood, foam, metal hinge mechanism and anti-glide legs. Fabric - 82% Polyester, 18% Cotton.",Blue,"Add storage and style to any hallway, bedroom, or living room with our Classic Storage Bench. Customize your piece with over 30+ fabric options Heron Luxe Velvet:  Composition: 82% Polyester, 18% Cotton",The Inside,out_of_stock,assets\products\coastal\board-4181734\product-coastal-classic-storage-bench-heron-luxe-velvet-06-01.jpg;assets\products\coastal\board-4181734\product-coastal-classic-storage-bench-heron-luxe-velvet-06-02.jpg;assets\products\coastal\board-4181734\product-coastal-classic-storage-bench-heron-luxe-velvet-06-03.jpg;assets\products\coastal\board-4181734\product-coastal-classic-storage-bench-heron-luxe-velvet-06-04.jpg,https://havenly.com/products/details/Classic-Storage-Bench-Heron-Luxe-Velvet-The-Inside-137615552,4181734
"Classic Storage Bench, Ocean Classic Velvet",Furniture,Accent Chairs,coastal,Coastal,$768.00,$1024.00,"21""H x 55""W x 18""D","Construction - Alder wood, foam, metal hinge mechanism and anti-glide legs. Fabric - 100% Polyester.",Blue,"Add storage and style to any hallway, bedroom, or living room with our Classic Storage Bench. Customize your piece with over 30+ fabric options Ocean Classic Velvet: A sublimely soft velvet that holds up to everyday life, our velvet upholstery fabric is woven of cleanable, high performance polyester to resist fading, crushing, stains and heavy traffic. Composition: 100% Polyester",The Inside,out_of_stock,assets\products\coastal\board-4181734\product-coastal-classic-storage-bench-ocean-classic-velvet-07-01.jpg;assets\products\coastal\board-4181734\product-coastal-classic-storage-bench-ocean-classic-velvet-07-02.jpg;assets\products\coastal\board-4181734\product-coastal-classic-storage-bench-ocean-classic-velvet-07-03.jpg;assets\products\coastal\board-4181734\product-coastal-classic-storage-bench-ocean-classic-velvet-07-04.jpg,https://havenly.com/products/details/Classic-Storage-Bench-Ocean-Classic-Velvet-The-Inside-137615567,4181734
Fairport Seagrass Baskets,Decor & Lighting,Other,coastal,Coastal,$100.00,$159.93,"21""H X 17""W X 17""D",SEAGRASS,Brown,An open weave gives these baskets an airy feel with just a touch of bohemian style. Thick rope handles make it easy to load spare blankets and move from room to room. Set of three.,Wayfair,in_stock,assets\products\coastal\board-4181734\product-coastal-fairport-seagrass-baskets-01-01.jpg;assets\products\coastal\board-4181734\product-coastal-fairport-seagrass-baskets-01-02.jpg;assets\products\coastal\board-4181734\product-coastal-fairport-seagrass-baskets-01-03.jpg;assets\products\coastal\board-4181734\product-coastal-fairport-seagrass-baskets-01-04.jpg,https://havenly.com/products/details/Fairport-Seagrass-Baskets-Wayfair-10547441,4181734
Smithery Curtain Rod,Decor & Lighting,Other Decor,coastal,Coastal,$88.00,,"M: 48-88""L",Metal,Antiqued Brass,"This classic curtain rod offers a beautiful treatment for any window in your home. Best of all? It is compatible with our array of only-at-Anthro finials. Smithery Curtain Rod by Anthropologie in Gold, Size:.75D4888",Anthropologie,in_stock,assets\products\coastal\board-4181734\product-coastal-smithery-curtain-rod-02-01.jpg;assets\products\coastal\board-4181734\product-coastal-smithery-curtain-rod-02-02.jpg;assets\products\coastal\board-4181734\product-coastal-smithery-curtain-rod-02-03.jpg,https://havenly.com/products/details/Smithery-Curtain-Rod-Anthropologie-95664923,4181734
Quimby Blackout Curtain Pair (Set of 2),Decor & Lighting,Other Decor,coastal,Coastal,$39.99,,"52"" W x 96"" L",Velvet,Beige,"Curtains are meant to diminish the light and wind, but now people pay more attention to using them to decorate their houses. So here comes it! These luxury velvet curtains are made of A-grade velvet, which is a thick suede-like material, a much greater touch-feeling, and also must dress your room with a new decent visual. Features Triple layers curtain helps block out 70%-85% of light and UV rays, dark color curtains work better 5"" Length rod pocket with back tabs fits rod diameter up to 3 inche",Wayfair,out_of_stock,assets\products\coastal\board-4181734\product-coastal-quimby-blackout-curtain-pair-set-of-2-03-01.jpg;assets\products\coastal\board-4181734\product-coastal-quimby-blackout-curtain-pair-set-of-2-03-02.jpg;assets\products\coastal\board-4181734\product-coastal-quimby-blackout-curtain-pair-set-of-2-03-03.jpg;assets\products\coastal\board-4181734\product-coastal-quimby-blackout-curtain-pair-set-of-2-03-04.jpg,https://havenly.com/products/details/Quimby-Blackout-Curtain-Pair-Set-of-2-Wayfair-111249232,4181734
The Citizenry Ahana Handwoven Area Rug | 9' x 12' | Sand,Decor & Lighting,Rugs,coastal,Coastal,$2139.00,,9' x 12',100% New Zealand Wool,Sand,"It’s all in the details. In this beautiful, textured area rug, small stripes cross to create an irregular grid pattern that is sure to make an impression. Complete with a chunky, high-pile texture, each piece has an effortless, laid-back appeal that is perfect for the family room or home office. Handwoven by a collective of 200 weavers in Panipat, one of India’s historic hubs for rugmaking, each one takes days to complete. Every rug is Oeko-Tex® certified and made sustainably in a fair trade env",The Citizenry,out_of_stock,assets\products\coastal\board-4181734\product-coastal-the-citizenry-ahana-handwoven-area-rug-9-x-12-sand-01-01.jpg;assets\products\coastal\board-4181734\product-coastal-the-citizenry-ahana-handwoven-area-rug-9-x-12-sand-01-02.jpg;assets\products\coastal\board-4181734\product-coastal-the-citizenry-ahana-handwoven-area-rug-9-x-12-sand-01-03.jpg;assets\products\coastal\board-4181734\product-coastal-the-citizenry-ahana-handwoven-area-rug-9-x-12-sand-01-04.jpg;assets\products\coastal\board-4181734\product-coastal-the-citizenry-ahana-handwoven-area-rug-9-x-12-sand-01-05.jpg,https://havenly.com/products/details/The-Citizenry-Ahana-Handwoven-Area-Rug-9-x-12-Sand-The-Citizenry-139160420,4181734
Nadia Floor Lamp - - Safavieh,Decor & Lighting,Table & Floor Lamps,coastal,Coastal,$108.00,,"15"" x 15"" x 53""-64.25""",Metal,"Aged Brass, White","Haute decor for inspired interiors, the Nadia floor lamp embraces the beauty of clean lines and modern, elegant details. Its stylish, gold-finished metal base and swing arm are luxuriant touches highlighted by the soft glow of its white cotton shade.",Safavieh,in_stock,assets\products\coastal\board-4181734\product-coastal-nadia-floor-lamp-safavieh-01-01.jpg;assets\products\coastal\board-4181734\product-coastal-nadia-floor-lamp-safavieh-01-02.jpg;assets\products\coastal\board-4181734\product-coastal-nadia-floor-lamp-safavieh-01-03.jpg;assets\products\coastal\board-4181734\product-coastal-nadia-floor-lamp-safavieh-01-04.jpg;assets\products\coastal\board-4181734\product-coastal-nadia-floor-lamp-safavieh-01-05.jpg,https://havenly.com/products/details/Nadia-Floor-Lamp-Safavieh-Safavieh-16788807,4181734
Welsh Table Lamp,Decor & Lighting,Table & Floor Lamps,coastal,Coastal,$48.60,,"13""W X 13""D X 21""H","Ceramic, Linen",Off-White,"A grand decorative statement for today’s eclectic interiors, this Welsh Table Lamp hearkens back to ancient stone craft. A distressed white finish highlights its brilliantly textured design, and an off-white shade completes the look.",Safavieh,out_of_stock,assets\products\coastal\board-4181734\product-coastal-welsh-table-lamp-02-01.jpg;assets\products\coastal\board-4181734\product-coastal-welsh-table-lamp-02-02.jpg;assets\products\coastal\board-4181734\product-coastal-welsh-table-lamp-02-03.jpg;assets\products\coastal\board-4181734\product-coastal-welsh-table-lamp-02-04.jpg,https://havenly.com/products/details/Welsh-Table-Lamp-Safavieh-118402798,4181734
"Chantel CNL-1001 50""W x 60""L Throw",Bedding & Bath,Blanket & Throw,coastal,Coastal,$550.00,,"50"" x 60""","65% Silk, 25% Polyester, 10% Cashmere",Ice Blue,"The Chantel Throw is a beautiful addition to any cottage-style home. Crafted with a luxurious blend of silk, cashmere and polyester, this throw offers comfort and warmth with its woven construction. The fringe adds an elegant touch that will bring texture and style to your living space. And for easy care, simply do not bleach the throw. Elevate your cottage-style home today with the Chantel Throw!",Surya,in_stock,assets\products\coastal\board-4181734\product-coastal-chantel-cnl-1001-50-w-x-60-l-throw-01-01.jpg;assets\products\coastal\board-4181734\product-coastal-chantel-cnl-1001-50-w-x-60-l-throw-01-02.jpg;assets\products\coastal\board-4181734\product-coastal-chantel-cnl-1001-50-w-x-60-l-throw-01-03.jpg,https://havenly.com/products/details/Chantel-CNL-1001-50-W-x-60-L-Throw-Surya-8176328,4181734
Etched City Framed Art,Decor & Lighting,Wall Art & Mirrors,coastal,Coastal,$147.20,$184.00,"17.75"" x 19.75""",Paper,Beige,"This etching piece features a quaint city scene that pulls the viewer in to appreciate the unique art process through which it was made. Our art pieces are made to order and cannot be cancelled, returned or exchanged.",McGee & Co.,in_stock,assets\products\coastal\board-4181734\product-coastal-etched-city-framed-art-01-01.jpg;assets\products\coastal\board-4181734\product-coastal-etched-city-framed-art-01-02.jpg,https://havenly.com/products/details/Etched-City-Framed-Art-McGee-Co-45326969,4181734
Etched Brunch Framed Art,Decor & Lighting,Wall Art & Mirrors,coastal,Coastal,$184.00,,"17.75"" x 19.75""",Paper,Beige,"This etching piece features a simple lunch time scene that pulls the viewer in to appreciate the unique art process through which it was made. Our art pieces are made to order and cannot be cancelled, returned or exchanged.",McGee & Co.,in_stock,assets\products\coastal\board-4181734\product-coastal-etched-brunch-framed-art-02-01.jpg;assets\products\coastal\board-4181734\product-coastal-etched-brunch-framed-art-02-02.jpg,https://havenly.com/products/details/Etched-Brunch-Framed-Art-McGee-Co-49040376,4181734
The Old Town By Dan Hobday,Decor & Lighting,Other,coastal,Coastal,$699.00,,32.0 x 2.5 x 24.0,white oak frame,"brown, gray","Artist Dan Hobday finds inspiration in the coastal landscapes of his hometown of Devon, England. This serene piece is framed within vertical grain white oak for a museum-quality look. Handmade in Austin, Texas.",Four Hands,in_stock,assets\products\coastal\board-4181734\product-coastal-the-old-town-by-dan-hobday-03-01.jpg;assets\products\coastal\board-4181734\product-coastal-the-old-town-by-dan-hobday-03-02.jpg;assets\products\coastal\board-4181734\product-coastal-the-old-town-by-dan-hobday-03-03.jpg;assets\products\coastal\board-4181734\product-coastal-the-old-town-by-dan-hobday-03-04.jpg,https://havenly.com/products/details/The-Old-Town-By-Dan-Hobday-Four-Hands-126619949,4181734
Fabric Basket,Other,Other,coastal,Coastal,$114.99,$199.00,14'' H x 18'' W x 18'' D,Plastic,White/Taupe,"With strong handles and sturdy design, this product is great for use on the go or in the home. It is perfect for storing kids toys.",Wayfair,out_of_stock,assets\products\coastal\board-4181734\product-coastal-fabric-basket-01-01.jpg,https://havenly.com/products/details/Fabric-Basket-Wayfair-71207521,4181734
"Waffle Bedding, King/CA King RESTOCK 04/19/2026",Furniture,Other,coastal,Coastal,$440.00,,"KING: 108""W x 92""L,20""W x 36""L",100% Cotton,White,"This Waffle Bedding is the perfect addition to any cottage-style bedroom. Crafted from 100% cotton and made in India, this bedding offers soft comfort that will last for years. With a waffle weave pattern, it provides timeless style and texture. And with easy care instructions of do not bleach, you can keep your bedding looking fresh and new for longer. Add a touch of comfort and charm to your bedroom today with this Waffle Bedding!",Surya,out_of_stock,assets\products\coastal\board-4181734\product-coastal-waffle-bedding-king-ca-king-restock-04-19-2026-02-01.jpg;assets\products\coastal\board-4181734\product-coastal-waffle-bedding-king-ca-king-restock-04-19-2026-02-02.jpg;assets\products\coastal\board-4181734\product-coastal-waffle-bedding-king-ca-king-restock-04-19-2026-02-03.jpg,https://havenly.com/products/groups/surya-27433-0-3525?vendorVariantId=87429885,4181734
Better Days - Floater Frame Print on Canvas,Decor & Lighting,Wall Art & Mirrors,coastal,Coastal,$449.00,,31.5 H x 31.5 W x 2.0 D in,canvas,neutral,"Better days displays a neutral palette of soft beige tones that is perfect to update any space. This image can easily accent your existing furnishings in any room--whether traditional or modern. Birch Lane™ Size: 31.5"" H x 31.5"" W, Format: Gold",Birch Lane,out_of_stock,assets\products\coastal\board-4181734\product-coastal-better-days-floater-frame-print-on-canvas-03-01.jpg,https://havenly.com/products/details/Better-Days-Floater-Frame-Print-on-Canvas-Birch-Lane-115369592,4181734
Lowen Upholstered Bed with Tufting Option,Furniture,Beds & Headboards,coastal,Coastal,$2045.00,,"87.25"" x 81.75"" x 55""",Fabric,Limestone,"<div data-content-type=""html"" data-appearance=""default"" data-element=""main"">&lt;p&gt;A classic silhouette made current. Lowen's plush headboard is customizable with or without tufting--choose from vertical channel or diamond tufting--for a modern-minded design that's equally polished and laid-back. You'll love the way Lowen's minimal and refined silhouette creates a captivating balance in your bedroom.&lt;/p&gt;  &lt;p&gt;Box springs are optional with Lowen's slat support system. Not compatibl",Interior Define,out_of_stock,assets\products\coastal\board-4181734\product-coastal-lowen-upholstered-bed-with-tufting-option-04-01.jpg;assets\products\coastal\board-4181734\product-coastal-lowen-upholstered-bed-with-tufting-option-04-02.jpg;assets\products\coastal\board-4181734\product-coastal-lowen-upholstered-bed-with-tufting-option-04-03.jpg;assets\products\coastal\board-4181734\product-coastal-lowen-upholstered-bed-with-tufting-option-04-04.jpg;assets\products\coastal\board-4181734\product-coastal-lowen-upholstered-bed-with-tufting-option-04-05.jpg,https://havenly.com/products/details/Lowen-Upholstered-Bed-with-Tufting-Option-Interior-Define-150764271,4181734
Tana Outdoor Stool - Natural Teak,Furniture,Accent Chairs,coastal,Modern|Coastal|Glam|Transitional,$349.00,,19 x 11.75 x 11.75,Teak,natural,"Teak Wood Stool, Indoor and Outdoor, Coastal Design | Article Tana Modern Furniture. Contemporary West Coast. Tana extends Article’s commitment to traceable and certifiably sourced teak. Built from workshop offcuts, the Tana keeps your feet up while reducing our environmental footprint. The blocky shape is kept light with angled cutaways. Naturally weather-resistant, the Tana’s teak will develop a beautiful silver patina over time, and small cracks will appear in line with the wood’s natural gra",Article,out_of_stock,assets\products\coastal\board-4192177\product-coastal-tana-outdoor-stool-natural-teak-01-01.jpg;assets\products\coastal\board-4192177\product-coastal-tana-outdoor-stool-natural-teak-01-02.jpg;assets\products\coastal\board-4192177\product-coastal-tana-outdoor-stool-natural-teak-01-03.jpg;assets\products\coastal\board-4192177\product-coastal-tana-outdoor-stool-natural-teak-01-04.jpg;assets\products\coastal\board-4192177\product-coastal-tana-outdoor-stool-natural-teak-01-05.jpg,https://havenly.com/products/details/Tana-Outdoor-Stool-Natural-Teak-Article-47525867,4192177
Kearney 35.43'' Wide Barrel Chair,Furniture,Accent Chairs,coastal,Modern|Coastal|Glam|Transitional,$849.00,$953.00,30'' H x 35'' W x 31'' D,velvet,Stax Dust Blue,"Looking for something to really make your seating arrangement pop? This barrel chair is just the thing for adding a touch of eye-catching modern style to your space. It's crafted with a solid wood frame, and features foam-filled polyester upholstery for an inviting seat. Plus, it's streamlined, rounded silhouette and floating seat, it's perfect for a mid-century-inspired look. And since the upholstery is fade- and stain-resistant, it's sure to stand up to regular use.",Wayfair,out_of_stock,assets\products\coastal\board-4192177\product-coastal-kearney-35-43-wide-barrel-chair-02-01.jpg,https://havenly.com/products/details/Kearney-35-43-Wide-Barrel-Chair-Wayfair-84289581,4192177
Caterina Natural Upholstered Office Chair with Brass Base,Furniture,Accent Chairs,coastal,Modern|Coastal|Glam|Transitional,$799.00,,"26.77"" W x 25.59"" D x 31.3"" H",Tubular iron frame and base with burnished brass finish,Natural,"Indulge your home office with living-room luxe. Our Caterina office chair blanket-wraps a textured, linen-like fabric over a frame of tubular steel for chic cushioning. The metal frame's burnished brass finish lends a golden glow to the natural  upholstery for a functional chair with lots of style. Outfitted with casters, the ergonomically designed chair adjusts for varying heights to make your office stay a comfortable one. The Caterina ivory office chair is a Crate & Barrel exclusive.   • Tubu",Crate and Barrel,in_stock,assets\products\coastal\board-4192177\product-coastal-caterina-natural-upholstered-office-chair-with-brass-base-03-01.jpg;assets\products\coastal\board-4192177\product-coastal-caterina-natural-upholstered-office-chair-with-brass-base-03-02.jpg;assets\products\coastal\board-4192177\product-coastal-caterina-natural-upholstered-office-chair-with-brass-base-03-03.jpg,https://havenly.com/products/details/Caterina-Natural-Upholstered-Office-Chair-with-Brass-Base-Crate-and-Barrel-137640673,4192177
"Natalie 24"" Barrel Chair",Furniture,Accent Chairs,coastal,Modern|Coastal|Glam|Transitional,$609.99,$853.00,30'' H x 35'' W x 31'' D,velvet,Rust Polyester,"Looking for something to help pull together that Insta-worthy living room? This barrel chair is just the thing for mixing some major mid-century-inspired style into your home. It's made with a solid wood frame, and has foam-filled seats with web suspension construction for an inviting feel. It's upholstered in a polyester velvet fabric that resists stains and tears, so it stands up to regular use. Plus, it's streamlined, rounded silhouette, stitched detailing and floating seat, it's delivers a r",Wayfair,out_of_stock,assets\products\coastal\board-4192177\product-coastal-natalie-24-barrel-chair-04-01.jpg;assets\products\coastal\board-4192177\product-coastal-natalie-24-barrel-chair-04-02.jpg,https://havenly.com/products/details/Natalie-24-Barrel-Chair-Wayfair-87899173,4192177
Icon Wood 8x10 Black Wall Picture Frame,Decor & Lighting,Other Decor,coastal,Modern|Coastal|Glam|Transitional,$34.95,,"16""Wx1.13""Dx20""H",WOOD,Black,"Give a treasured photo the presentation it deserves with this classic frame. The thick white mat and beveled black frame elevate the most casual snapshot, and the impeccable proportions and crisp black-and-white perfectly suit modern decor. This wall frame can be hung vertically or horizontally on the wall.     Poplar wood with black finish  Glass  Engineered wood  White mat board  Sawtooth hangers  Hangs vertically or horizontally  Holds 8x10 photo with mat; 15x19 without  Clean wipe with dry c",Crate and Barrel,in_stock,assets\products\coastal\board-4192177\product-coastal-icon-wood-8x10-black-wall-picture-frame-01-01.jpg;assets\products\coastal\board-4192177\product-coastal-icon-wood-8x10-black-wall-picture-frame-01-02.jpg;assets\products\coastal\board-4192177\product-coastal-icon-wood-8x10-black-wall-picture-frame-01-03.jpg;assets\products\coastal\board-4192177\product-coastal-icon-wood-8x10-black-wall-picture-frame-01-04.jpg;assets\products\coastal\board-4192177\product-coastal-icon-wood-8x10-black-wall-picture-frame-01-05.jpg,https://havenly.com/products/details/Icon-Wood-8x10-Black-Wall-Picture-Frame-Crate-and-Barrel-51139454,4192177
Icon Wood 5x5 Black Picture Frame,Decor & Lighting,Other Decor,coastal,Modern|Coastal|Glam|Transitional,$49.95,,"20"" sq. x 1.13""D",WOOD,Black,"Give a treasured photo the presentation it deserves with this classic frame. The thick white mat and beveled black frame elevate the most casual snapshot, and the impeccable proportions and crisp black-and-white perfectly suit modern decor. This wall frame can be hung vertically or horizontally on the wall.     Poplar wood with black finish  Glass  Engineered wood  White mat board  Sawtooth hangers  Hangs vertically or horizontally  Holds 5x5 photo with mat; 19x19 without  Clean wipe with dry cl",Crate and Barrel,in_stock,assets\products\coastal\board-4192177\product-coastal-icon-wood-5x5-black-picture-frame-02-01.jpg;assets\products\coastal\board-4192177\product-coastal-icon-wood-5x5-black-picture-frame-02-02.jpg;assets\products\coastal\board-4192177\product-coastal-icon-wood-5x5-black-picture-frame-02-03.jpg;assets\products\coastal\board-4192177\product-coastal-icon-wood-5x5-black-picture-frame-02-04.jpg;assets\products\coastal\board-4192177\product-coastal-icon-wood-5x5-black-picture-frame-02-05.jpg,https://havenly.com/products/details/Icon-Wood-5x5-Black-Picture-Frame-Crate-and-Barrel-51139468,4192177
Frida Vase,Decor & Lighting,Vases & Botanicals,coastal,Modern|Coastal|Glam|Transitional,$96.00,,"Overall: 6.5"" Dia. x 10"" H",Earthenware with Green Hand-Painted Finish,Green Hand-Painted Finish,"With a cool green tone, the Frida Vase is made from ceramic and beautifully hand-glazed. Its subtle taper brings a modern feel to this classic vase, complementing built-in or console vignettes with ease.",McGee & Co.,in_stock,assets\products\coastal\board-4192177\product-coastal-frida-vase-03-01.jpg;assets\products\coastal\board-4192177\product-coastal-frida-vase-03-02.jpg,https://havenly.com/products/details/Frida-Vase-McGee-Co-133314471,4192177
Celia White Vase,Decor & Lighting,Vases & Botanicals,coastal,Modern|Coastal|Glam|Transitional,$15.00,$12.95,"4.75"" dia. x 5.75""H",Porcelain,White,Modern Italian curves take 3-D turn in porcelain vase. Each rib is applied by hand to cylindrical base. Watertight for blooms.,CB2,out_of_stock,assets\products\coastal\board-4192177\product-coastal-celia-white-vase-04-01.jpg;assets\products\coastal\board-4192177\product-coastal-celia-white-vase-04-02.jpg;assets\products\coastal\board-4192177\product-coastal-celia-white-vase-04-03.jpg,https://havenly.com/products/details/Celia-White-Vase-CB2-12005189,4192177
Derry Vase - Short,Decor & Lighting,Vases & Botanicals,coastal,Modern|Coastal|Glam|Transitional,$40.00,,6.0 x 6.0 x 8.5,Earthenware,Blue Glazed,"The charming, earthenware Derry rounded vase features a curved and fluted profile with amphora style handles. This earthenware piece has an eye catching blue quartz finish in a reactive glaze, making it perfect for adding a pop of color to a living room or hallway.",Elk Home,out_of_stock,assets\products\coastal\board-4192177\product-coastal-derry-vase-short-05-01.jpg;assets\products\coastal\board-4192177\product-coastal-derry-vase-short-05-02.jpg;assets\products\coastal\board-4192177\product-coastal-derry-vase-short-05-03.jpg;assets\products\coastal\board-4192177\product-coastal-derry-vase-short-05-04.jpg,https://havenly.com/products/details/Derry-Vase-Short-Elk-Home-130255037,4192177
Arcas Vase - Medium,Decor & Lighting,Vases & Botanicals,coastal,Modern|Coastal|Glam|Transitional,$19.00,,3.5 x 3.5 x 8.0,Earthenware,Cream,"The Arcas Vase is a decorative vase with a rounded center and a fluted neck. The earthenware vessel is painted with a soft matte ivory finish, adding to its calming neutral look.",Elk Home,in_stock,assets\products\coastal\board-4192177\product-coastal-arcas-vase-medium-06-01.jpg;assets\products\coastal\board-4192177\product-coastal-arcas-vase-medium-06-02.jpg;assets\products\coastal\board-4192177\product-coastal-arcas-vase-medium-06-03.jpg;assets\products\coastal\board-4192177\product-coastal-arcas-vase-medium-06-04.jpg;assets\products\coastal\board-4192177\product-coastal-arcas-vase-medium-06-05.jpg,https://havenly.com/products/details/Arcas-Vase-Medium-Elk-Home-130254055,4192177
Arcas Vase - Small,Decor & Lighting,Vases & Botanicals,coastal,Modern|Coastal|Glam|Transitional,$22.00,,5.5 x 5.5 x 5.5,Earthenware,Cream,"The Arcas Vase is a small decorative bud vase with a rounded body and small mouth opening. The earthenware vessel is painted with a soft matte ivory finish, adding to its calming neutral look.",Elk Home,out_of_stock,assets\products\coastal\board-4192177\product-coastal-arcas-vase-small-07-01.jpg;assets\products\coastal\board-4192177\product-coastal-arcas-vase-small-07-02.jpg;assets\products\coastal\board-4192177\product-coastal-arcas-vase-small-07-03.jpg;assets\products\coastal\board-4192177\product-coastal-arcas-vase-small-07-04.jpg;assets\products\coastal\board-4192177\product-coastal-arcas-vase-small-07-05.jpg,https://havenly.com/products/details/Arcas-Vase-Small-Elk-Home-130254082,4192177
Ciro Vase - Small,Decor & Lighting,Vases & Botanicals,coastal,Modern|Coastal|Glam|Transitional,$30.00,,6.0 x 2.0 x 6.25,Earthenware,White,The Ciro Vase has a tubular body which curves around an open circle. The earthenware vase is painted on the diagonal with matte white and navy. A narrow mouth opening allows the slimmest of blooms.,Elk Home,out_of_stock,assets\products\coastal\board-4192177\product-coastal-ciro-vase-small-08-01.jpg;assets\products\coastal\board-4192177\product-coastal-ciro-vase-small-08-02.jpg;assets\products\coastal\board-4192177\product-coastal-ciro-vase-small-08-03.jpg;assets\products\coastal\board-4192177\product-coastal-ciro-vase-small-08-04.jpg;assets\products\coastal\board-4192177\product-coastal-ciro-vase-small-08-05.jpg,https://havenly.com/products/details/Ciro-Vase-Small-Elk-Home-130254081,4192177
Flounce Black Teak Decorative Bowl,Decor & Lighting,Other Decor,coastal,Modern|Coastal|Glam|Transitional,$71.00,$89.95,"12.3""Wx11.3""Dx6.3""H",NATURAL PLANT MATERIAL,Black,"Handcrafted by master woodworkers, sculptural bowl is made from the roots of teak trees sourced from Indonesia. Artisans carve the root by hand, following the wood's natural grain to reveal its rich patterning. The piece is then dried, sanded and coated with a blackened finish, resulting in an organically shaped decorative bowl that highlights the wood's natural beauty. CB2 exclusive.  -Handmade -Teak root with blackened finish -Characteristics of wood include variation in tone, natural knots an",CB2,in_stock,assets\products\coastal\board-4192177\product-coastal-flounce-black-teak-decorative-bowl-09-01.jpg;assets\products\coastal\board-4192177\product-coastal-flounce-black-teak-decorative-bowl-09-02.jpg;assets\products\coastal\board-4192177\product-coastal-flounce-black-teak-decorative-bowl-09-03.jpg;assets\products\coastal\board-4192177\product-coastal-flounce-black-teak-decorative-bowl-09-04.jpg;assets\products\coastal\board-4192177\product-coastal-flounce-black-teak-decorative-bowl-09-05.jpg,https://havenly.com/products/details/Flounce-Black-Teak-Decorative-Bowl-CB2-125795851,4192177
Potted Faux Agave Sisal Plant,Decor & Lighting,Vases & Botanicals,coastal,Modern|Coastal|Glam|Transitional,$64.47,$129.00,"23""Wx26""Dx24.5""H",PLASTIC,White,"A beloved succulent, without the maintenance. Created to look just like the real Central American plant, our artificial agave sisal has a sculptural presence in greys and greens tipped with rosy hues. The spiky, sword-shaped leaves form a tall rosette, rising from a modern white ceramic pot filled with faux soil. A Crate & Barrel exclusive, our potted agave sisal brings lively greenery to your home, no natural light or green thumb required.   • Ceramic pot  • Plastic and iron faux plant  • Faux ",Crate and Barrel,out_of_stock,assets\products\coastal\board-4192177\product-coastal-potted-faux-agave-sisal-plant-10-01.jpg;assets\products\coastal\board-4192177\product-coastal-potted-faux-agave-sisal-plant-10-02.jpg;assets\products\coastal\board-4192177\product-coastal-potted-faux-agave-sisal-plant-10-03.jpg,https://havenly.com/products/details/Potted-Faux-Agave-Sisal-Plant-Crate-and-Barrel-129793624,4192177
"Ankara Beige Indoor 5'3"" x 7' Machine Woven Rug",Decor & Lighting,Rugs,coastal,Modern|Coastal|Glam|Transitional,$207.00,,"5'3"" x 7'3""",100% Polypropylene,"Pale Blue, Light Gray, Bright Blue, Ivory, Camel, Cream","Bring a touch of traditional charm to your living space with the Ankara Area Rug. This beautiful piece from Turkey features an updated traditional design that seamlessly blends old-world aesthetics with modern convenience. Its medium pile construction ensures durability, making it ideal for high traffic areas in your home. Made of premium polypropylene and machine-woven to perfection, this rug promises enduring appeal and is easy to maintain - simply spot clean with mild detergent when necessary",Surya,back_ordered,assets\products\coastal\board-4192177\product-coastal-ankara-beige-indoor-5-3-x-7-machine-woven-rug-01-01.jpg;assets\products\coastal\board-4192177\product-coastal-ankara-beige-indoor-5-3-x-7-machine-woven-rug-01-02.jpg;assets\products\coastal\board-4192177\product-coastal-ankara-beige-indoor-5-3-x-7-machine-woven-rug-01-03.jpg;assets\products\coastal\board-4192177\product-coastal-ankara-beige-indoor-5-3-x-7-machine-woven-rug-01-04.jpg;assets\products\coastal\board-4192177\product-coastal-ankara-beige-indoor-5-3-x-7-machine-woven-rug-01-05.jpg,https://havenly.com/products/details/Ankara-Beige-Indoor-5-3-x-7-Machine-Woven-Rug-Surya-63423072,4192177
"Possini Euro Ralston 14"" Antique Brass Modern Plug-In Picture Light",Decor & Lighting,Table & Floor Lamps,coastal,Modern|Coastal|Glam|Transitional,$119.99,,"14"" wide x 4"" high. 2"" metal shade",Brass,Antique Brass,"Illuminate your favorite artwork, best photos and more with handsome picture lights. This 14"" wide design comes in a sleek antique brass finish for a classic look. In-line on/off switch. Plug-in style light. Easy installation.",Lamps Plus,out_of_stock,assets\products\coastal\board-4192177\product-coastal-possini-euro-ralston-14-antique-brass-modern-plug-in-picture-01-01.jpg,https://havenly.com/products/details/Possini-Euro-Ralston-14-Antique-Brass-Modern-Plug-In-Picture-Light-Lamps-Plus-48048414,4192177
"Possini Euro Milan 64"" Gold Finish Modern Floor Lamp with Marble Base",Decor & Lighting,Table & Floor Lamps,coastal,Modern|Coastal|Glam|Transitional,$124.95,$249.99,"18"" Diameter x 64""","Brass, Marble",Gold,"Inspired by Italian lighting, this sleek and modern floor lamp is sure to brighten the style of any living area or bedroom. From the Possini Euro Design brand, the lamp features a real white marble accent at the bottom. The metal column is in a gold finish, while up top is a white linen drum shade. Twin light pulls give you easy lighting control.",Lamps Plus,in_stock,assets\products\coastal\board-4192177\product-coastal-possini-euro-milan-64-gold-finish-modern-floor-lamp-with-mar-02-01.jpg;assets\products\coastal\board-4192177\product-coastal-possini-euro-milan-64-gold-finish-modern-floor-lamp-with-mar-02-02.jpg;assets\products\coastal\board-4192177\product-coastal-possini-euro-milan-64-gold-finish-modern-floor-lamp-with-mar-02-03.jpg;assets\products\coastal\board-4192177\product-coastal-possini-euro-milan-64-gold-finish-modern-floor-lamp-with-mar-02-04.jpg,https://havenly.com/products/details/Possini-Euro-Milan-64-Gold-Finish-Modern-Floor-Lamp-with-Marble-Base-Lamps-Plus-85743661,4192177
Floating Abstract Art,Decor & Lighting,Other,coastal,Modern|Coastal|Glam|Transitional,$363.00,,"29"" x 53""","Canvas, Wood","Blue, Gold, White","Contemporary In Design, This Hand Painted Abstract On Canvas Utilizes Bold Hues To Make A Statement. Shades Of Blue, Gold, Bronze And White Add A Glamorous Edge To This Artwork. Each Canvas Is Stretched And Attached To A Wooden Frame And Is Surrounded By A Petite, Gold Leaf Gallery Frame. Due To The Handcrafted Nature Of This Artwork, Each Piece May Have Subtle Differences.",Uttermost,out_of_stock,assets\products\coastal\board-4192177\product-coastal-floating-abstract-art-01-01.jpg;assets\products\coastal\board-4192177\product-coastal-floating-abstract-art-01-02.jpg;assets\products\coastal\board-4192177\product-coastal-floating-abstract-art-01-03.jpg;assets\products\coastal\board-4192177\product-coastal-floating-abstract-art-01-04.jpg;assets\products\coastal\board-4192177\product-coastal-floating-abstract-art-01-05.jpg,https://havenly.com/products/details/Floating-Abstract-Art-Uttermost-64029988,4192177
Memory Art Print,Decor & Lighting,Wall Art & Mirrors,coastal,Modern|Coastal|Glam|Transitional,$237.00,,"18"" x 24""","standard, Frame Type: Walnut Wood Frame","Blue, White, Gold",,Minted,in_stock,assets\products\coastal\board-4192177\product-coastal-memory-art-print-02-01.jpg,https://havenly.com/products/details/Memory-Art-Print-Minted-88307308,4192177
Merriton Desk PRE-ORDER FOR 12/2/24 BACK IN STOCK,Furniture,Desks,coastal,Modern|Coastal|Glam|Transitional,$748.00,,"31""H, 48""W, 18""D",Engineered hardwood desk with a polished lacquered finish Brass and lucite hardware,"White, Ivory","A harmonious pairing of gleaming brass and modern lucite accents punctuate the polished lacquer of our neatly proportioned Merriton collection. Featuring a streamlined, chamfered-edge silhouette, this desk introduces refined glamour to your home office or workspace. For product details, ordering assistance and more, please contact our furniture specialists. For aesthetic advice and tips to help decorate your space, enjoy our complimentary home styling services. Merriton Desk by Anthropologie in ",Anthropologie,out_of_stock,assets\products\coastal\board-4192177\product-coastal-merriton-desk-pre-order-for-12-2-24-back-in-stock-01-01.jpg,https://havenly.com/products/details/Merriton-Desk-PRE-ORDER-FOR-12-2-24-BACK-IN-STOCK-Anthropologie-136760432,4192177
Chantelle Modern Arched Bookshelf with Glass Doors,Furniture,Storage & Shelving,coastal,Modern|Coastal|Glam|Transitional,$449.99,$646.20,"76"" H x 30"" L x 15"" W",Durable warp-resistant MDF and laminate,Black,"Elevate your space and add practical storage with this modern arched bookshelf. There’s a reason you’ve seen this show-stopper all over your favorite influencer’s stories. It’s a modern, unique piece that completes any space from the dining room to the home office. With five spacious shelves made from durable MDF, you’ll have plenty of room for storage and display. Place it in your dining room as a chic china cabinet, or display it in the living room for the world’s most beautiful book or toy st",Walker Edison,in_stock,assets\products\coastal\board-4192177\product-coastal-chantelle-modern-arched-bookshelf-with-glass-doors-02-01.jpg;assets\products\coastal\board-4192177\product-coastal-chantelle-modern-arched-bookshelf-with-glass-doors-02-02.jpg;assets\products\coastal\board-4192177\product-coastal-chantelle-modern-arched-bookshelf-with-glass-doors-02-03.jpg;assets\products\coastal\board-4192177\product-coastal-chantelle-modern-arched-bookshelf-with-glass-doors-02-04.jpg;assets\products\coastal\board-4192177\product-coastal-chantelle-modern-arched-bookshelf-with-glass-doors-02-05.jpg,https://havenly.com/products/details/Chantelle-Modern-Arched-Bookshelf-with-Glass-Doors-Walker-Edison-143311618,4192177
After the Storm Painting,Other,Other,coastal,Modern|Coastal|Glam|Transitional,$399.00,,39.0 H x 39.0 W x 1.25 D in,canvas,blue/brown/gray,The magical cloud composition that happens after a summer storm is captured beautifully in this large-scale giclee on canvas. A stunningly serene composition in muted tones. Highlights are hand-embellished with touches of paint creating a rich texture and depth. The canvas is finished off beautifully with a slick modern gold frame. Birch Lane™,Birch Lane,out_of_stock,assets\products\coastal\board-4192177\product-coastal-after-the-storm-painting-03-01.jpg,https://havenly.com/products/details/After-the-Storm-Painting-Birch-Lane-132401528,4192177
"Secure Grip Rug Pad, 5' x 8', Rectangle",Decor & Lighting,Rugs,coastal,Modern|Coastal|Glam|Transitional,$70.00,,5' x 8',100% PVC,n/a,"Enhance the comfort and security of your area rug with the Secure Grip Rug Pad. Ideal for hard surfaces, this PVC rug pad prevents slips and slides, keeping your rug firmly in place no matter how much traffic it sees. Not only does it offer superior grip, but it also adds an extra layer of cushioning underfoot for a softer step. With the Secure Grip Rug Pad, you'll enjoy a safer, more comfortable home environment. Transform any room into a cozy haven with this practical addition!",Surya,in_stock,assets\products\coastal\board-4192177\product-coastal-secure-grip-rug-pad-5-x-8-rectangle-04-01.jpg;assets\products\coastal\board-4192177\product-coastal-secure-grip-rug-pad-5-x-8-rectangle-04-02.jpg,https://havenly.com/products/groups/surya-13727-0-1030?vendorVariantId=20915067,4192177
Blake Accent Chair,Furniture,Accent Chairs,coastal,Modern|Coastal,$1455.00,,"32.75""W x 34""D x 29""H",Performance Vintage Velvet,Scuba,"Soft modernity meets classic mid-century details in the Blake accent chair. Featuring a curved walnut wood frame, brass-capped legs, and a sloped arm, the Blake makes for an eye-catching statement piece in any space.Contract&nbsp;grade.",Interior Define,in_stock,assets\products\coastal\board-4195190\product-coastal-blake-accent-chair-01-01.jpg;assets\products\coastal\board-4195190\product-coastal-blake-accent-chair-01-02.jpg;assets\products\coastal\board-4195190\product-coastal-blake-accent-chair-01-03.jpg;assets\products\coastal\board-4195190\product-coastal-blake-accent-chair-01-04.jpg;assets\products\coastal\board-4195190\product-coastal-blake-accent-chair-01-05.jpg,https://havenly.com/products/details/Blake-Accent-Chair-Interior-Define-152100056,4195190
Fae Small Round Ottoman,Furniture,Accent Chairs,coastal,Modern|Coastal,$420.00,,18x18x20,Performance Loop Weave,Champagne,"Fae's clean-lined shape sits atop a simple brass base, making it an interesting and versatile addition to any space.18"" Diameter, 20"" HeightDesigner tip: Fae looks lovely when placed spontaneously in a room or styled in multiples.Pairs well with: Winslow, Sloan, LukasContract&nbsp;grade.",Interior Define,in_stock,assets\products\coastal\board-4195190\product-coastal-fae-small-round-ottoman-02-01.jpg;assets\products\coastal\board-4195190\product-coastal-fae-small-round-ottoman-02-02.jpg;assets\products\coastal\board-4195190\product-coastal-fae-small-round-ottoman-02-03.jpg;assets\products\coastal\board-4195190\product-coastal-fae-small-round-ottoman-02-04.jpg;assets\products\coastal\board-4195190\product-coastal-fae-small-round-ottoman-02-05.jpg,https://havenly.com/products/details/Fae-Small-Round-Ottoman-Interior-Define-144051606,4195190
The Citizenry Eshana Sandstone Tray | Round | Tan,Decor & Lighting,Other Decor,coastal,Modern|Coastal,$65.00,$129.00,"Round: 13""D x 1.25""H",100% Rainbow Sandstone,Tan,"A second home for all your essentials, this understated tray is an easy accent with laid-back elegance. Style as an elevated addition to your coffee table or landing pad for your keys on a console table. Carved from all natural sandstone, each tray has a unique array of shades of red, violet, and brown. No two are alike. Handcrafted from locally-sourced rainbow sandstone from the mountains of India, each tray can take several days to make. From the first cut to the final polish, artisans bring t",The Citizenry,in_stock,assets\products\coastal\board-4195190\product-coastal-the-citizenry-eshana-sandstone-tray-round-tan-01-01.jpg;assets\products\coastal\board-4195190\product-coastal-the-citizenry-eshana-sandstone-tray-round-tan-01-02.jpg;assets\products\coastal\board-4195190\product-coastal-the-citizenry-eshana-sandstone-tray-round-tan-01-03.jpg;assets\products\coastal\board-4195190\product-coastal-the-citizenry-eshana-sandstone-tray-round-tan-01-04.jpg;assets\products\coastal\board-4195190\product-coastal-the-citizenry-eshana-sandstone-tray-round-tan-01-05.jpg,https://havenly.com/products/groups/the-citizenry-7869816733883-153182?vendorVariantId=139160417,4195190
Clam Shell Bowl,Decor & Lighting,Other Decor,coastal,Modern|Coastal,$252.00,,"23"" x 13"" x 7""",Ceramic,White,This Decorative Bowl Is Designed To Closely Mimic A Clamshell With An Antique White Finish. A Perfect Statement Piece For Any Beachy Or Coastal Home Decor. Indoor Use Only.,Uttermost,in_stock,assets\products\coastal\board-4195190\product-coastal-clam-shell-bowl-02-01.jpg;assets\products\coastal\board-4195190\product-coastal-clam-shell-bowl-02-02.jpg;assets\products\coastal\board-4195190\product-coastal-clam-shell-bowl-02-03.jpg,https://havenly.com/products/details/Clam-Shell-Bowl-Uttermost-6947993,4195190
The Citizenry Padma Round Storage Basket | Oversized | Tan,Decor & Lighting,Other Decor,coastal,Modern|Coastal,$112.00,$149.00,Oversized,Hogla plant,Tan,"Made of durable hogla leaves, this storage basket brings a natural, organic feel to any space. Designed in a clean, minimal silhouette, it effortlessly blends in modern or traditional homes alike. Available in three roomy sizes, they're made to stash it all - blankets, toys, towels - pretty much anything and everything. Meticulously braided by hand by a cooperative of women in Dhaka, Bangladesh, each one is made with sustainably harvested materials in a fair trade environment. | The Citizenry Pa",The Citizenry,out_of_stock,assets\products\coastal\board-4195190\product-coastal-the-citizenry-padma-round-storage-basket-oversized-tan-03-01.jpg;assets\products\coastal\board-4195190\product-coastal-the-citizenry-padma-round-storage-basket-oversized-tan-03-02.jpg;assets\products\coastal\board-4195190\product-coastal-the-citizenry-padma-round-storage-basket-oversized-tan-03-03.jpg;assets\products\coastal\board-4195190\product-coastal-the-citizenry-padma-round-storage-basket-oversized-tan-03-04.jpg;assets\products\coastal\board-4195190\product-coastal-the-citizenry-padma-round-storage-basket-oversized-tan-03-05.jpg,https://havenly.com/products/details/The-Citizenry-Padma-Round-Storage-Basket-Oversized-Tan-The-Citizenry-126903320,4195190
"The Citizenry Isidora Pillow | 12"" x 20"" | Tan",Decor & Lighting,Throw Pillows,coastal,Modern|Coastal,$111.00,$139.00,12'' x 20'',Front: 100% WoolBack: 100% Cotton,Tan,"With deep natural hues and chunky, textured wool, this lumbar pillow adds a bit of drama wherever it goes. With a slightly irregular, perfectly imperfect weave, this pillow is truly one of a kind, with a more rustic, natural feel. Handwoven by a group of 10 master artisans in Montevideo, Uruguay, each pillow takes up to a day to complete. All made start-to-finish in a fair trade working environment. This pillow comes ready to style. Cruelty-free down alternative insert included. | The Citizenry ",The Citizenry,out_of_stock,assets\products\coastal\board-4195190\product-coastal-the-citizenry-isidora-pillow-12-x-20-tan-04-01.jpg;assets\products\coastal\board-4195190\product-coastal-the-citizenry-isidora-pillow-12-x-20-tan-04-02.jpg,https://havenly.com/products/details/The-Citizenry-Isidora-Pillow-12-x-20-Tan-The-Citizenry-141878613,4195190
"MAO-07 Blue 8'-4"" x 11'-6""- rug",Decor & Lighting,Rugs,coastal,Modern|Coastal,$590.00,,"8'-4"" x 11'-6""",100% Polyester Face,Blue,"The Rifle Paper Co. x Loloi Maison Collection introduces a fresh take on the collaboration's signature whimsical style. With a fanciful bird here and a twirling vine there, this power-loomed rug collection is low pile and never sheds, bringing joy and delight to even the most heavily trafficked rooms.",Loloi Rugs,out_of_stock,assets\products\coastal\board-4195190\product-coastal-mao-07-blue-8-4-x-11-6-rug-01-01.jpg,https://havenly.com/products/details/MAO-07-Blue-8-4-x-11-6-rug-Loloi-Rugs-130726035,4195190
"Jolie Gray Indoor 8'10"" x 12' Machine Woven Rug",Decor & Lighting,Rugs,coastal,Modern|Coastal,$744.00,,9' x 12',"90% Polypropylene, 10% Polyester","Medium Gray, Tan, Light Gray, Ivory, Charcoal, Dark Blue, Black","This Jolie area rug is the perfect choice for your living space! Made of high-quality Polypropylene and Polyester, this modern style rug features a medium pile that can handle high traffic areas. With its unique high/low construction, this machine-woven Turkish masterpiece will be an eye-catching addition to your home. To ensure long lasting beauty and durability, we recommend pairing it with a rug pad (not included). Professional cleaning only is recommended for care.",Surya,out_of_stock,assets\products\coastal\board-4195190\product-coastal-jolie-gray-indoor-8-10-x-12-machine-woven-rug-02-01.jpg;assets\products\coastal\board-4195190\product-coastal-jolie-gray-indoor-8-10-x-12-machine-woven-rug-02-02.jpg;assets\products\coastal\board-4195190\product-coastal-jolie-gray-indoor-8-10-x-12-machine-woven-rug-02-03.jpg;assets\products\coastal\board-4195190\product-coastal-jolie-gray-indoor-8-10-x-12-machine-woven-rug-02-04.jpg;assets\products\coastal\board-4195190\product-coastal-jolie-gray-indoor-8-10-x-12-machine-woven-rug-02-05.jpg,https://havenly.com/products/groups/surya-26559-0-3191?vendorVariantId=75318790,4195190
Paint Chip Wool Rug,Decor & Lighting,Rugs,coastal,Modern|Coastal,$2368.00,,9x12,wool,"Blue, Teal, Sea Foam, Hunter Green, Taupe, Beige, Cream","Inspired by a painter's palette, our much-loved Paint Chip Hand Micro-hooked Rug adds pops of color, from subtle to bright, to any room. Made from 100% wool, this beautiful rug is perfect for high-traffic areas such as living rooms, kids' rooms, staircases, and hallways. It's durable, low maintenance, and soft underfoot.",Dash and Albert,in_stock,assets\products\coastal\board-4195190\product-coastal-paint-chip-wool-rug-03-01.jpg;assets\products\coastal\board-4195190\product-coastal-paint-chip-wool-rug-03-02.jpg;assets\products\coastal\board-4195190\product-coastal-paint-chip-wool-rug-03-03.jpg,https://havenly.com/products/details/Paint-Chip-Wool-Rug-Dash-and-Albert-144106550,4195190
Malta Navy Handwoven Wool Rug,Decor & Lighting,Rugs,coastal,Modern|Coastal,$1284.00,,9x12,92% Wool/5% Cotton/3% Polyester,Blue,"Dreamy faded mini stripes whisper poetic behind herringbone relief spacers like the sound of the distant surf. Add a beachy feel with this weathered effect, durable, lightweight, wool flatweave rug. Versatile for all high traffic areas with a modern and timeless touch. Expertly handwoven in a low profile structure from naturally warm and cozy wool, a durable, soil resistant, sustainable, biodegradable resource.",Dash and Albert,in_stock,assets\products\coastal\board-4195190\product-coastal-malta-navy-handwoven-wool-rug-04-01.jpg;assets\products\coastal\board-4195190\product-coastal-malta-navy-handwoven-wool-rug-04-02.jpg,https://havenly.com/products/details/Malta-Navy-Handwoven-Wool-Rug-Dash-and-Albert-135757003,4195190
Agatha Table Lamp,Decor & Lighting,Table & Floor Lamps,coastal,Modern|Coastal,$292.00,,"Base; Diameter 6"" | Fixture; Height 23.75"", Diameter 12"", Weight 8.8Lbs | Shade; Height 12"", Diameter 12""","Ceramic, Steel",White/Natural,"Organic shapes intersect with earthy elegance in the tastefully textured Agatha Table Lamp by Alder & Ore. Antiqued porcelain ceramic pairs with brushed metal accents, positioning illuminating through a tailored off-white linen shade. With its artfully weathered ceramic base and crisp drum shade, Agatha softens rooms with an earthy contemporary glow. Allow this artistic table lamp to bring a sculptural touch enhanced by shapes found in nature to interior environments. Color: White/Natural. Finis",Alder & Ore,out_of_stock,assets\products\coastal\board-4195190\product-coastal-agatha-table-lamp-01-01.jpg,https://havenly.com/products/details/Agatha-Table-Lamp-Alder-Ore-145160233,4195190
Beam Cream Natural Jute Floor Lamp,Decor & Lighting,Table & Floor Lamps,coastal,Modern|Coastal,$259.20,,"12""W x 12""D x 47""H","Cotton,Iron,Jute","Cream,Natural","Introducing the Beam Jute Floor Lamp, a must-have for your zen home. Crafted from sustainable natural jute, this lamp adds an eco-friendly touch to your decor. Its open, airy design exudes a warm and inviting ambiance, making it an ideal choice to illuminate your living space.Product Dimensions: 12""W x 12""D x 47""HCrafted using natural Jute, Cotton and IronRequires 1 bulb - not includedCord length is 105""Power source: Plug-inUL listedMax 7 watt LEDSkillfully Handmade",TOV FURNITURE,out_of_stock,assets\products\coastal\board-4195190\product-coastal-beam-cream-natural-jute-floor-lamp-02-01.jpg;assets\products\coastal\board-4195190\product-coastal-beam-cream-natural-jute-floor-lamp-02-02.jpg;assets\products\coastal\board-4195190\product-coastal-beam-cream-natural-jute-floor-lamp-02-03.jpg;assets\products\coastal\board-4195190\product-coastal-beam-cream-natural-jute-floor-lamp-02-04.jpg;assets\products\coastal\board-4195190\product-coastal-beam-cream-natural-jute-floor-lamp-02-05.jpg,https://havenly.com/products/details/Beam-Cream-Natural-Jute-Floor-Lamp-TOV-FURNITURE-136209086,4195190
"Na Pali Coast, Kauai, Hi Modern Frameless",Decor & Lighting,Other,coastal,Modern|Coastal,$944.00,,"40"" x 30""",Acrylic Glass,color theme: white,"I love aerial photography, and taking photos of the coast of Kauai, HI from a helicopter. .",Minted,in_stock,assets\products\coastal\board-4195190\product-coastal-na-pali-coast-kauai-hi-modern-frameless-01-01.jpg;assets\products\coastal\board-4195190\product-coastal-na-pali-coast-kauai-hi-modern-frameless-01-02.jpg;assets\products\coastal\board-4195190\product-coastal-na-pali-coast-kauai-hi-modern-frameless-01-03.jpg,https://havenly.com/products/details/Na-Pali-Coast-Kauai-Hi-Modern-Frameless-Minted-152534275,4195190
Lyla Handloomed Silver Blue Solid Performance Area Rug 9'x12',Decor & Lighting,Rugs,coastal,Modern|Coastal,$1189.00,$1699.00,9'x12',Recycled Polyester,Blue,"Silver blue performance rug brings a lustrous wash of color to the room. Soft to the touch and designed to handle high-traffic areas with ease, low-pile rug is made from 100% recycled polyester that reveals a subtle sheen when the light hits. CB2 exclusive.How will it look in your room? 12andamp;quot;x12andamp;quot; rug samples are available in stores for a fee refundable upon return of the sample.  -100% recycled polyester -Pile height: 0.27 inch -Ideal for high-traffic areas -All-surface rug p",CB2,out_of_stock,assets\products\coastal\board-4195190\product-coastal-lyla-handloomed-silver-blue-solid-performance-area-rug-9-x12-01-01.jpg;assets\products\coastal\board-4195190\product-coastal-lyla-handloomed-silver-blue-solid-performance-area-rug-9-x12-01-02.jpg,https://havenly.com/products/details/Lyla-Handloomed-Silver-Blue-Solid-Performance-Area-Rug-9-x12-CB2-140143643,4195190
Viewpoint Aged Black Vases Set/2,Decor & Lighting,Other,coastal,Modern|Coastal,$283.20,,"4.5"" x 13.5"" x 15.5""",GRC,"This Set Of Vases Is Accented By Contemporary Geometric Carving In Aged Black With Off-centered Openings, Perfect For Floral Stems Or Placed Among Your Other Favorite Accessories. Sizes: S-12x12x4, L-14x16x5","This Set Of Vases Is Accented By Contemporary Geometric Carving In Aged Black With Off-centered Openings, Perfect For Floral Stems Or Placed Among Your Other Favorite Accessories. Sizes: S-12x12x4, L-14x16x5",Uttermost,in_stock,assets\products\coastal\board-4195190\product-coastal-viewpoint-aged-black-vases-set-2-02-01.jpg;assets\products\coastal\board-4195190\product-coastal-viewpoint-aged-black-vases-set-2-02-02.jpg;assets\products\coastal\board-4195190\product-coastal-viewpoint-aged-black-vases-set-2-02-03.jpg;assets\products\coastal\board-4195190\product-coastal-viewpoint-aged-black-vases-set-2-02-04.jpg,https://havenly.com/products/details/Viewpoint-Aged-Black-Vases-Set-2-Uttermost-126942378,4195190
"Lustro Gray Indoor 8'10"" x 12' Machine Woven Rug",Decor & Lighting,Rugs,coastal,Modern|Coastal,$697.00,,9' x 12',"50% Polyester, 50% Polypropylene","Teal, Beige, Cream, Camel, Taupe","Introducing the Lustro area rug ? a sleek and modern addition to your home. This minimalist design is perfect for adding a subtle touch of texture and style to any room. The Lustro rug is made of durable polypropylene and polyester, machine-woven in Turkey for quality you can trust. It features a medium pile that's great for high traffic areas, and we recommend using with a rug pad for added comfort. With its simple yet sophisticated design, this area rug will bring an elegant touch to your spac",Surya,out_of_stock,assets\products\coastal\board-4195190\product-coastal-lustro-gray-indoor-8-10-x-12-machine-woven-rug-03-01.jpg;assets\products\coastal\board-4195190\product-coastal-lustro-gray-indoor-8-10-x-12-machine-woven-rug-03-02.jpg;assets\products\coastal\board-4195190\product-coastal-lustro-gray-indoor-8-10-x-12-machine-woven-rug-03-03.jpg;assets\products\coastal\board-4195190\product-coastal-lustro-gray-indoor-8-10-x-12-machine-woven-rug-03-04.jpg;assets\products\coastal\board-4195190\product-coastal-lustro-gray-indoor-8-10-x-12-machine-woven-rug-03-05.jpg,https://havenly.com/products/details/Lustro-Gray-Indoor-8-10-x-12-Machine-Woven-Rug-Surya-75825568,4195190
Ines Bench,Furniture,Accent Chairs,coastal,Modern|Bohemian|Coastal,$715.00,,"60"" x 22"" x 18.25""","Wood, Fabric",Pebble,"Minimalist style meets mixed materials. Ines' simple wood frame is matched with a soft, upholstered cushion detailed with straps in Leather Palomino. Finding lightness in its elongated legs and streamlined design, Ines is a chic addition to any space.Designer tip: Ines looks beautiful and neutral fabrics, especially textured weaves.",Interior Define,in_stock,assets\products\coastal\board-4206259\product-coastal-ines-bench-01-01.jpg;assets\products\coastal\board-4206259\product-coastal-ines-bench-01-02.jpg;assets\products\coastal\board-4206259\product-coastal-ines-bench-01-03.jpg;assets\products\coastal\board-4206259\product-coastal-ines-bench-01-04.jpg;assets\products\coastal\board-4206259\product-coastal-ines-bench-01-05.jpg,https://havenly.com/products/details/Ines-Bench-Interior-Define-141180506,4206259
Modern 3 Shelf Open Arched Bookcase Cabinet - Black,Furniture,Storage & Shelving,coastal,Modern|Bohemian|Coastal,$486.00,,"76"" H x 30"" L x 15"" W",Durable warp-resistant MDF and laminate,Black,"You’ve seen arched bookcases all over social media, and now you can bring home the trend without breaking the bank. This modern arched bookcase and cabinet offers practical storage and statement-making style, all in one beautiful piece. Three roomy shelves give you a place to showcase your favorite books and decor, while the lower closed storage allows you to conceal your less polished belongings. The oversized, curved door handles make a subtle statement that elevates the design, perfectly comp",Walker Edison,in_stock,assets\products\coastal\board-4206259\product-coastal-modern-3-shelf-open-arched-bookcase-cabinet-black-02-01.jpg,https://havenly.com/products/details/Modern-3-Shelf-Open-Arched-Bookcase-Cabinet-Black-Walker-Edison-141334309,4206259
"Warm White Linen Sheer Window Curtain Panel 48""x96""",Decor & Lighting,Other Decor,coastal,Modern|Bohemian|Coastal,$59.95,,48 x 96,LINEN,Ivory/Warm White,"Sheer ivory linen instantly lightens up any space. Airy curtain panel drapes beautifully alone or layers in lovely contrast with heavier panels. CB2 exclusive.  -100% linen -Curtain style: Rod pocket only -Do no dry clean -Includes 1 curtain panel -Made in India Warm White Linen Sheer Window Curtain Panel 48""x96""",CB2,in_stock,assets\products\coastal\board-4206259\product-coastal-warm-white-linen-sheer-window-curtain-panel-48-x96-01-01.jpg;assets\products\coastal\board-4206259\product-coastal-warm-white-linen-sheer-window-curtain-panel-48-x96-01-02.jpg;assets\products\coastal\board-4206259\product-coastal-warm-white-linen-sheer-window-curtain-panel-48-x96-01-03.jpg,https://havenly.com/products/details/Warm-White-Linen-Sheer-Window-Curtain-Panel-48-x96-CB2-90932334,4206259
Decorative Paulownia Wood Tray with Handles,Decor & Lighting,Other Decor,coastal,Modern|Bohemian|Coastal,$48.00,,"16.5"" W x 8"" D x 2.75"" H",Paulownia Wood,Natural,"Add a touch of natural beauty to any gathering space with this beautiful organic tray; Made from 100% paulownia wood; Tray measures 28"" L x 8"" W x 2"" H",Bloomingville,out_of_stock,assets\products\coastal\board-4206259\product-coastal-decorative-paulownia-wood-tray-with-handles-02-01.jpg;assets\products\coastal\board-4206259\product-coastal-decorative-paulownia-wood-tray-with-handles-02-02.jpg,https://havenly.com/products/details/Decorative-Paulownia-Wood-Tray-with-Handles-Bloomingville-116245604,4206259
"Found Decorative Clay Jar, Distressed Espresso Color (Each One Will Vary)",Decor & Lighting,Other Decor,coastal,Modern|Bohemian|Coastal,$105.00,,9.5x9.5x11.75,Clay,Black,This found clay jar features an organic silhouette in a distressed finish that may vary from brown to black; glaze may be matte or shiny,Creative Co-Op,out_of_stock,assets\products\coastal\board-4206259\product-coastal-found-decorative-clay-jar-distressed-espresso-color-each-one-03-01.jpg,https://havenly.com/products/details/Found-Decorative-Clay-Jar-Distressed-Espresso-Color-Each-One-Will-Vary-Creative-Co-Op-118131680,4206259
"The Citizenry Kasni Pillow | 22"" x 22"" | Stone",Decor & Lighting,Throw Pillows,coastal,Modern|Bohemian|Coastal,$95.00,$119.00,"22"" x 22""",100% Cotton,Stone,"Classics are rarely as cozy as this beautiful accent pillow, woven with alternating single or double stripes. Able to complement warm or cool tones with ease, this versatile pillow features a beautiful stone color that belongs in any space. Handcrafted by a group of master weavers in Kannur, India, each pillow is made in a fair trade environment. From start to finish, it takes about half a day to complete one pillow. This pillow comes ready to style. Cruelty-free down alternative insert included",The Citizenry,out_of_stock,assets\products\coastal\board-4206259\product-coastal-the-citizenry-kasni-pillow-22-x-22-stone-04-01.jpg;assets\products\coastal\board-4206259\product-coastal-the-citizenry-kasni-pillow-22-x-22-stone-04-02.jpg;assets\products\coastal\board-4206259\product-coastal-the-citizenry-kasni-pillow-22-x-22-stone-04-03.jpg,https://havenly.com/products/details/The-Citizenry-Kasni-Pillow-22-x-22-Stone-The-Citizenry-141878900,4206259
"Linen Curtain, Antique White Linen, 50"" x 96"", Blackout",Decor & Lighting,Other Decor,coastal,Modern|Bohemian|Coastal,$189.00,,"50"" x 96""","Fabric - 55% Linen, 45% Viscose.",Antique White,"All panels sold individually -- Our two-in-one construction with duo hanging options gives you the best of both worlds. Use the rod pocket for a soft, bunched look, and the back tabs for a tailored, pleated look Antique White Linen:  Composition: 55% Linen, 45% Viscose",The Inside,in_stock,assets\products\coastal\board-4206259\product-coastal-linen-curtain-antique-white-linen-50-x-96-blackout-05-01.jpg;assets\products\coastal\board-4206259\product-coastal-linen-curtain-antique-white-linen-50-x-96-blackout-05-02.jpg;assets\products\coastal\board-4206259\product-coastal-linen-curtain-antique-white-linen-50-x-96-blackout-05-03.jpg,https://havenly.com/products/details/Linen-Curtain-Antique-White-Linen-50-x-96-Blackout-The-Inside-143328679,4206259
The Citizenry Dhara Leather Lumbar Pillow | Small | Ivory,Decor & Lighting,Throw Pillows,coastal,Modern|Bohemian|Coastal,$119.00,$159.00,"12""H x 20""W",Front: Ethically-sourced Leather from Kolkata. Back: 100% Linen,Ivory,"Woven from vegetable-tanned leather from Kolkata, this small lumbar pillow instantly elevates the look of any pillow combination with its warm tan hue and luxe texture. With its dimension and detail, it makes for a special accent on any couch or corner nook. Made from ethically-sourced leather from Kolkata, each pillow is handcrafted in a leather workshop in Gurgaon. From start-to-finish, each pillow takes 1 day to complete, all made in a fair trade environment. Note: Since this is a natural pro",The Citizenry,out_of_stock,assets\products\coastal\board-4206259\product-coastal-the-citizenry-dhara-leather-lumbar-pillow-small-ivory-06-01.jpg;assets\products\coastal\board-4206259\product-coastal-the-citizenry-dhara-leather-lumbar-pillow-small-ivory-06-02.jpg;assets\products\coastal\board-4206259\product-coastal-the-citizenry-dhara-leather-lumbar-pillow-small-ivory-06-03.jpg;assets\products\coastal\board-4206259\product-coastal-the-citizenry-dhara-leather-lumbar-pillow-small-ivory-06-04.jpg;assets\products\coastal\board-4206259\product-coastal-the-citizenry-dhara-leather-lumbar-pillow-small-ivory-06-05.jpg,https://havenly.com/products/details/The-Citizenry-Dhara-Leather-Lumbar-Pillow-Small-Ivory-The-Citizenry-151105965,4206259
"Matte Black 1"" Double Curtain Rod and End Cap Finials Set 88""-120""",Decor & Lighting,Other Decor,coastal,Modern|Bohemian|Coastal,$169.00,,88''-120'',Metal,Black,"Our two-tier curtain rod set hangs both panels and sheers for a layered look, adjusting easily to your preferred levels of light and privacy. This exclusive set includes two telescoping rods finished with sleek cylindrical end caps, elegantly angular double brackets and mounting hardware, all in striking matte black. Complete your modern window with any of our matte black curtain rings and tiebacks.     Iron and zinc alloy with matte black finish  20-lb. weight limit for 48""–88"" set; 40-lb. weig",Crate and Barrel,out_of_stock,assets\products\coastal\board-4206259\product-coastal-matte-black-1-double-curtain-rod-and-end-cap-finials-set-88--07-01.jpg;assets\products\coastal\board-4206259\product-coastal-matte-black-1-double-curtain-rod-and-end-cap-finials-set-88--07-02.jpg;assets\products\coastal\board-4206259\product-coastal-matte-black-1-double-curtain-rod-and-end-cap-finials-set-88--07-03.jpg;assets\products\coastal\board-4206259\product-coastal-matte-black-1-double-curtain-rod-and-end-cap-finials-set-88--07-04.jpg,https://havenly.com/products/details/Matte-Black-1-Double-Curtain-Rod-and-End-Cap-Finials-Set-88-120-Crate-and-Barrel-62006385,4206259
"Matte Black 1"" Curtain Rod and End Cap Finials Set 48""-88""",Decor & Lighting,Other Decor,coastal,Modern|Bohemian|Coastal,$109.00,,"48""-88""",Iron and zinc alloy,Black,"Show your curtains off to their best effect with this modern, understated set in on-trend matte black. A slender telescoping rod is held in elegantly angular brackets and finished at each end with sleek cylindrical end caps. This set includes a telescoping rod, two brackets and mounting hardware. Add our matte black curtain rings and tiebacks for a modern, finished look.     Iron and zinc alloy with matte black finish  20-lb. weight limit for 28""–48"" and 48""–88"" sets; 40-lb. weight limit for 88""",Crate and Barrel,out_of_stock,assets\products\coastal\board-4206259\product-coastal-matte-black-1-curtain-rod-and-end-cap-finials-set-48-88-08-01.jpg;assets\products\coastal\board-4206259\product-coastal-matte-black-1-curtain-rod-and-end-cap-finials-set-48-88-08-02.jpg;assets\products\coastal\board-4206259\product-coastal-matte-black-1-curtain-rod-and-end-cap-finials-set-48-88-08-03.jpg,https://havenly.com/products/details/Matte-Black-1-Curtain-Rod-and-End-Cap-Finials-Set-48-88-Crate-and-Barrel-62006257,4206259
Grass Plume Feather Arrangement in Poe Volcanic Glaze Vase,Decor & Lighting,Vases & Botanicals,coastal,Modern|Bohemian|Coastal,$123.85,$266.80,"Vase Width: 13.78""  Height: 16.73"" Botanical Width: 16""  Depth: 2""  Height: 48""","stone, pampas grass",White,"This simple combination of a vase filled with dried grass yields major impact thanks to fascinating texture and perfect proportions. The subtle color variations and feathery texture of dried pampas grass stalks find perfect expression in our Poe vase, broad-shouldered and finished with a reactive white glaze for a profusion of speckles unique to each piece. An easy way to refresh a console or entryway table, the ready-to-go arrangement is a Crate & Barrel exclusive.     Hand-glazed stoneware vas",Crate and Barrel,out_of_stock,assets\products\coastal\board-4206259\product-coastal-grass-plume-feather-arrangement-in-poe-volcanic-glaze-vase-09-01.jpg;assets\products\coastal\board-4206259\product-coastal-grass-plume-feather-arrangement-in-poe-volcanic-glaze-vase-09-02.jpg;assets\products\coastal\board-4206259\product-coastal-grass-plume-feather-arrangement-in-poe-volcanic-glaze-vase-09-03.jpg;assets\products\coastal\board-4206259\product-coastal-grass-plume-feather-arrangement-in-poe-volcanic-glaze-vase-09-04.jpg;assets\products\coastal\board-4206259\product-coastal-grass-plume-feather-arrangement-in-poe-volcanic-glaze-vase-09-05.jpg,https://havenly.com/products/details/Grass-Plume-Feather-Arrangement-in-Poe-Volcanic-Glaze-Vase-Crate-and-Barrel-126843935,4206259
Koi Wall Hanging,Decor & Lighting,Other,coastal,Modern|Bohemian|Coastal,$229.95,$298.00,"42"" diameter",.,Yellow,"Handcrafted from rattan, this wall hanging adds a burst of artistry to your walls. Koi Wall Hanging by Anthropologie in Beige",Anthropologie,out_of_stock,assets\products\coastal\board-4206259\product-coastal-koi-wall-hanging-10-01.jpg,https://havenly.com/products/details/Koi-Wall-Hanging-Anthropologie-85992257,4206259
"Hathaway HTH-03 Java / Multi 9'-0"" x 12'-0""",Decor & Lighting,Other,coastal,Modern|Bohemian|Coastal,$578.00,,"9'-0"" x 12'-0""","100% Polyester Pile, Backing: Cotton Canvas",Java / Multi,"Featuring soft motifs in a carefully curated color pallette, the Hathaway Collection captures the essence of one-of-a-kind rugs at an attractive price. Power-loomed of polyester in Turkey, each design is the perfect blend of vintage and modern for today's home.",Loloi Rugs,out_of_stock,assets\products\coastal\board-4206259\product-coastal-hathaway-hth-03-java-multi-9-0-x-12-0-01-01.jpg;assets\products\coastal\board-4206259\product-coastal-hathaway-hth-03-java-multi-9-0-x-12-0-01-02.jpg;assets\products\coastal\board-4206259\product-coastal-hathaway-hth-03-java-multi-9-0-x-12-0-01-03.jpg;assets\products\coastal\board-4206259\product-coastal-hathaway-hth-03-java-multi-9-0-x-12-0-01-04.jpg,https://havenly.com/products/details/Hathaway-HTH-03-Java-Multi-9-0-x-12-0-Loloi-Rugs-83581713,4206259
The Citizenry Stonewashed Linen Duvet Cover | King/Cal King | Duvet Only | Seaglass,Bedding & Bath,Duvet Cover,coastal,Modern|Bohemian|Coastal,$379.00,,King | Duvet Cover,Linen,Solid Sand,"Set the stage for an effortlessly cool bedroom. Breathable yet warm, this duvet cover is the perfect layer from summer to winter. Garment washed to give you an airy, soft, most perfectly worn feel ever (no, really). Available in luxe, earthy hues, this duvet cover is designed to mix and match with our bedding collection to create a look that’s inherently your own. Made using only the finest French flax and woven in the oldest, family-run linen mill in Portugal, each piece is Oeko-Tex® certified ",The Citizenry,in_stock,assets\products\coastal\board-4206259\product-coastal-the-citizenry-stonewashed-linen-duvet-cover-king-cal-king-du-01-01.jpg;assets\products\coastal\board-4206259\product-coastal-the-citizenry-stonewashed-linen-duvet-cover-king-cal-king-du-01-02.jpg;assets\products\coastal\board-4206259\product-coastal-the-citizenry-stonewashed-linen-duvet-cover-king-cal-king-du-01-03.jpg;assets\products\coastal\board-4206259\product-coastal-the-citizenry-stonewashed-linen-duvet-cover-king-cal-king-du-01-04.jpg;assets\products\coastal\board-4206259\product-coastal-the-citizenry-stonewashed-linen-duvet-cover-king-cal-king-du-01-05.jpg,https://havenly.com/products/details/The-Citizenry-Stonewashed-Linen-Duvet-Cover-King-Cal-King-Duvet-Only-Seaglass-The-Citizenry-141878919,4206259
The Pacific Art Print,Decor & Lighting,Wall Art & Mirrors,coastal,Modern|Bohemian|Coastal,$850.00,,50x44,floating canvas; Frame:walnut,Pacific Blue,"Edition Count: 350 Per Size, Per Colorway Canvas Size: 54"" X 40"" Depth: 1.625"" Frame Size: 55.125"" X 41.125"" Framed Weight: 13.2 Lbs Printing: Deluxe Pigment Ink on Canvas Color: Pacific Blue Frame: Walnut Finish",Minted,in_stock,assets\products\coastal\board-4206259\product-coastal-the-pacific-art-print-01-01.jpg;assets\products\coastal\board-4206259\product-coastal-the-pacific-art-print-01-02.jpg;assets\products\coastal\board-4206259\product-coastal-the-pacific-art-print-01-03.jpg;assets\products\coastal\board-4206259\product-coastal-the-pacific-art-print-01-04.jpg,https://havenly.com/products/details/The-Pacific-Art-Print-Minted-118983879,4206259
Above by Kelly Ventura for Artfully Walls,Decor & Lighting,Other,coastal,Modern|Bohemian|Coastal,$550.00,,"49.5x37.5x1.25""","Fine Art Paper, Natural Smooth Veneer",,"320 GSM fine art paper, Archival inks, Museum quality Giclee prints",Artfully Walls,in_stock,assets\products\coastal\board-4206259\product-coastal-above-by-kelly-ventura-for-artfully-walls-02-01.jpg,https://havenly.com/products/details/Above-by-Kelly-Ventura-for-Artfully-Walls-Artfully-Walls-71670388,4206259
The Pacific Wall Art,Decor & Lighting,Wall Art & Mirrors,coastal,Modern|Bohemian|Coastal,$629.00,,30 x 40,Canvas / Natural Raw Wood Canvas Frame,Pacific Blue,"While traveling around Central America, I met someone who would refer to the ocean as ""the doctor"". After some time I came to understand what he meant. In this image I wanted to capture the feelings of deep peace and contentment that would wash over me after a day in the water.",Minted,in_stock,assets\products\coastal\board-4206259\product-coastal-the-pacific-wall-art-03-01.jpg,https://havenly.com/products/details/The-Pacific-Wall-Art-Minted-153213512,4206259
Above By Kelly Ventura,Decor & Lighting,Other,coastal,Modern|Bohemian|Coastal,$440.00,,36x28,Standard UV plexiglass,"Fram: Natural Smooth Veneer, No Matte",An abstract view from above. Above twisting and plunging canyons and streams,Artfully Walls,in_stock,assets\products\coastal\board-4206259\product-coastal-above-by-kelly-ventura-04-01.jpg,https://havenly.com/products/details/Above-By-Kelly-Ventura-Artfully-Walls-153213513,4206259
"Found Decorative Clay Jar, Distressed Espresso Color (Each One Will Vary)",Other,Other,coastal,Modern|Bohemian|Coastal,$70.14,,7.5x7.5x6.75,Clay,Black,This found clay jar features an organic silhouette in a distressed finish that may vary from brown to black; glaze may be matte or shiny,Creative Co-Op,out_of_stock,assets\products\coastal\board-4206259\product-coastal-found-decorative-clay-jar-distressed-espresso-color-each-one-01-01.jpg,https://havenly.com/products/details/Found-Decorative-Clay-Jar-Distressed-Espresso-Color-Each-One-Will-Vary-Creative-Co-Op-118131682,4206259
"Decorative Marble Chain, Variegated Blush Tones",Other,Other,coastal,Modern|Bohemian|Coastal,$30.71,,13x4x2,100% Marble,Variegated Blush Tones,"Add a sculptural element to a mantel piece, console table, or bookshelf with this masterfully carved decorative accent; Genuine solid marble and seamlessly interlocking pieces make each chain one of a kind",Creative Co-Op,back_ordered,assets\products\coastal\board-4206259\product-coastal-decorative-marble-chain-variegated-blush-tones-02-01.jpg,https://havenly.com/products/details/Decorative-Marble-Chain-Variegated-Blush-Tones-Creative-Co-Op-124317997,4206259
"Lock Grip Rug Pad, 9' x 12', Rectangle",Decor & Lighting,Rugs,coastal,Modern|Bohemian|Coastal,$100.00,,9' x 12',100% PVC,Cream,"Introducing our ""Lock Grip"" Rug Pad, a game changer for hard surface floor owners. This exceptional product is composed of PVC material, known for its durability and resilience. It's designed to keep your rugs securely in place while providing an extra layer of cushioning underfoot.  Not only does it protect your floors from wear and tear, but it also enhances the overall comfort and appearance of any room. So why wait? Secure your rugs in style with our Lock Grip Rug Pad today!",Surya,in_stock,assets\products\coastal\board-4206259\product-coastal-lock-grip-rug-pad-9-x-12-rectangle-03-01.jpg;assets\products\coastal\board-4206259\product-coastal-lock-grip-rug-pad-9-x-12-rectangle-03-02.jpg,https://havenly.com/products/groups/surya-13726-0-1029?vendorVariantId=8170694,4206259
Morriston 126-inch Extension Dining Table Rustic Honey,Furniture,Dining Tables & Chairs,coastal,Classic|Coastal|Rustic,$1500.00,$1759.98,"L 94.12'' - 126.25"" x D 42"" x H 30.75""",Solid Wood,Rustic Honey,"Versatile in hue and designed to please, this dining table offers a twist on the classic farmhouse look. With a modified trestle base that features ornate accents, it fulfills a thirst for traditional décor. Enjoy a lovely neutral finish that blends with surrounding decor. Assemble a tasteful dining group by choosing coordinating bench units or fashionable wood chairs. This dining table is perfect for a casual yet sophisticated space.",Wayfair,out_of_stock,assets\products\coastal\board-4220292\product-coastal-morriston-126-inch-extension-dining-table-rustic-honey-01-01.jpg;assets\products\coastal\board-4220292\product-coastal-morriston-126-inch-extension-dining-table-rustic-honey-01-02.jpg,https://havenly.com/products/details/Morriston-126-inch-Extension-Dining-Table-Rustic-Honey-Wayfair-82157660,4220292
Rhodes King Louis Back Side Chair (Set of 2) / Light blue,Furniture,Dining Tables & Chairs,coastal,Classic|Coastal|Rustic,$299.99,$379.99,39.5'' H x 19.75'' W x 24.25'' D,Light wood / Rubberwood,Light Blue/Beige,,Wayfair,in_stock,assets\products\coastal\board-4220292\product-coastal-rhodes-king-louis-back-side-chair-set-of-2-light-blue-02-01.jpg;assets\products\coastal\board-4220292\product-coastal-rhodes-king-louis-back-side-chair-set-of-2-light-blue-02-02.jpg;assets\products\coastal\board-4220292\product-coastal-rhodes-king-louis-back-side-chair-set-of-2-light-blue-02-03.jpg;assets\products\coastal\board-4220292\product-coastal-rhodes-king-louis-back-side-chair-set-of-2-light-blue-02-04.jpg;assets\products\coastal\board-4220292\product-coastal-rhodes-king-louis-back-side-chair-set-of-2-light-blue-02-05.jpg,https://havenly.com/products/details/Rhodes-King-Louis-Back-Side-Chair-Set-of-2-Light-blue-Wayfair-91538143,4220292
"Caprice 96"" Sideboard-Natural Mango",Furniture,Media Consoles,coastal,Classic|Coastal|Rustic,$2999.00,,"96"" W x 17"" D x 33"" H","Solid Mango, Iron","Natural Mango, Gunmetal, Natural Cane","Monochromatic with a textural twist. Natural mango frames woven cane fronts, with black iron hardware for subtle contrast. Inside, spacious shelving and drawer space awaits storage of dinnerware and more.",Four Hands,back_ordered,assets\products\coastal\board-4220292\product-coastal-caprice-96-sideboard-natural-mango-03-01.jpg;assets\products\coastal\board-4220292\product-coastal-caprice-96-sideboard-natural-mango-03-02.jpg;assets\products\coastal\board-4220292\product-coastal-caprice-96-sideboard-natural-mango-03-03.jpg;assets\products\coastal\board-4220292\product-coastal-caprice-96-sideboard-natural-mango-03-04.jpg;assets\products\coastal\board-4220292\product-coastal-caprice-96-sideboard-natural-mango-03-05.jpg,https://havenly.com/products/details/Caprice-96-Sideboard-Natural-Mango-Four-Hands-132427239,4220292
Daphne Upholstered Chair,Furniture,Accent Chairs,coastal,Classic|Coastal|Rustic,$620.00,,24 x 24.5 x 29.75,Performance Antimicrobial Chenille,Limestone,"Comfort meets durability in the fully-upholstered Daphne dining chair. Available in performance fabric with contrast piping or leather upholstery, this piece will stand up to wine spills, spaghetti stains, and more. Plus, it features reversible cushions and castor wheels that lock for ease of use, so you can dine in style.",Interior Define,in_stock,assets\products\coastal\board-4220292\product-coastal-daphne-upholstered-chair-04-01.jpg;assets\products\coastal\board-4220292\product-coastal-daphne-upholstered-chair-04-02.jpg;assets\products\coastal\board-4220292\product-coastal-daphne-upholstered-chair-04-03.jpg;assets\products\coastal\board-4220292\product-coastal-daphne-upholstered-chair-04-04.jpg;assets\products\coastal\board-4220292\product-coastal-daphne-upholstered-chair-04-05.jpg,https://havenly.com/products/details/Daphne-Upholstered-Chair-Interior-Define-148886671,4220292
"Emmett Bronze Taper Candle Holder 14.5""",Decor & Lighting,Other Decor,coastal,Classic|Coastal|Rustic,$27.97,$26.95,"Height: 14.5"" Diameter: 3.75""",Aluminum,Antique Bronze,,Crate and Barrel,out_of_stock,assets\products\coastal\board-4220292\product-coastal-emmett-bronze-taper-candle-holder-14-5-01-01.jpg,https://havenly.com/products/details/Emmett-Bronze-Taper-Candle-Holder-14-5-Crate-and-Barrel-8181027,4220292
Smithery Curtain Rod,Decor & Lighting,Other Decor,coastal,Classic|Coastal|Rustic,$68.00,,"28-48""L",metal,Gold,"This classic curtain rod offers a beautiful treatment for any window in your home. Best of all? It is compatible with our array of only-at-Anthro finials. Smithery Curtain Rod by Anthropologie in Gold, Size: Smallmall",Anthropologie,out_of_stock,assets\products\coastal\board-4220292\product-coastal-smithery-curtain-rod-02-01.jpg,https://havenly.com/products/details/Smithery-Curtain-Rod-Anthropologie-85582207,4220292
"Nerida White Footed Centerpiece Bowl 18""",Decor & Lighting,Other Decor,coastal,Classic|Coastal|Rustic,$64.97,$129.95,"17.91""Wx14.76""Dx10.24""H",CERAMIC,White,"Elevate pine cones, seashells and other seasonal bowl fillers and botanicals in our dramatically oversized Nerida centerpiece bowl. Perched upon a tapered base, the graceful bowl evokes the silhouette of a Roman drinking cup in earthenware glazed creamy white. Looped handles complete the soft geometry of the clean-curved bowl and invite you to reposition it beyond the dining table. Our Nerida white footed centerpiece bowl is a Crate & Barrel exclusive.     Glazed earthenware  Not watertight  Not",Crate and Barrel,out_of_stock,assets\products\coastal\board-4220292\product-coastal-nerida-white-footed-centerpiece-bowl-18-03-01.jpg;assets\products\coastal\board-4220292\product-coastal-nerida-white-footed-centerpiece-bowl-18-03-02.jpg;assets\products\coastal\board-4220292\product-coastal-nerida-white-footed-centerpiece-bowl-18-03-03.jpg,https://havenly.com/products/details/Nerida-White-Footed-Centerpiece-Bowl-18-Crate-and-Barrel-106720194,4220292
Luxe Linen Blend Woven Curtain,Decor & Lighting,Other Decor,coastal,Classic|Coastal|Rustic,$128.00,,50'' x 84'',Linen,White,"Crafted from a luxurious heavyweight blend of linen and viscose, this curtain features an open weave, raw-edge trim, and a silky, beautiful drape that delivers a subtle sheen with textural richness and refinement to your décor. Ready to unveil the secrets to choosing and hanging curtains? Read our guide For aesthetic advice and tips to help decorate your space, enjoy our complimentary home styling services Luxe Linen Blend Woven Curtain by Anthropologie in White, Size: 50X84",Anthropologie,out_of_stock,assets\products\coastal\board-4220292\product-coastal-luxe-linen-blend-woven-curtain-04-01.jpg,https://havenly.com/products/details/Luxe-Linen-Blend-Woven-Curtain-Anthropologie-109164259,4220292
Faux Silver Dollar Eucalyptus Tree 6',Decor & Lighting,Vases & Botanicals,coastal,Classic|Coastal|Rustic,$349.00,,"29""Wx29""Dx72""H",PLASTIC,Silver,"Our eucalyptus tree is so convincing and lifelike that the only thing missing is the scent. Unparalleled in quality and skillfully crafted to look just like the real thing, our faux tree charms with a lush presentation of eucalyptus's unmistakable round and silvery blue-green leaves. Refresh your living room, sun room or bedroom with the look of fresh greenery without the care. Each of our exclusive six-foot-tall trees comes ""potted"" in its own container, though we invite you to enhance the look",Crate and Barrel,out_of_stock,assets\products\coastal\board-4220292\product-coastal-faux-silver-dollar-eucalyptus-tree-6-05-01.jpg;assets\products\coastal\board-4220292\product-coastal-faux-silver-dollar-eucalyptus-tree-6-05-02.jpg;assets\products\coastal\board-4220292\product-coastal-faux-silver-dollar-eucalyptus-tree-6-05-03.jpg;assets\products\coastal\board-4220292\product-coastal-faux-silver-dollar-eucalyptus-tree-6-05-04.jpg,https://havenly.com/products/details/Faux-Silver-Dollar-Eucalyptus-Tree-6-Crate-and-Barrel-130439251,4220292
12.5” Handmade Natural Jute and Cotton Planter,Decor & Lighting,Vases & Botanicals,coastal,Classic|Coastal|Rustic,$28.99,$57.99,Width: 12.5 In.  Height: 12.5 In.  Depth: 12.5 In.,Jute,Natural,"Unique and rustic in nature, this hand stitched basket is an ideal planter for housing a faux tree of your choice. If you’re into boho, minimalist or clean lines, you’ll love this planter that brings neutral color and straight lines to any home that needs a soft, bare touch. Pair in a corner that needs a boho, sunny addition.",Nearly Natural,in_stock,assets\products\coastal\board-4220292\product-coastal-12-5-handmade-natural-jute-and-cotton-planter-06-01.jpg;assets\products\coastal\board-4220292\product-coastal-12-5-handmade-natural-jute-and-cotton-planter-06-02.jpg;assets\products\coastal\board-4220292\product-coastal-12-5-handmade-natural-jute-and-cotton-planter-06-03.jpg;assets\products\coastal\board-4220292\product-coastal-12-5-handmade-natural-jute-and-cotton-planter-06-04.jpg,https://havenly.com/products/details/12-5-Handmade-Natural-Jute-and-Cotton-Planter-Nearly-Natural-135294773,4220292
"Amore Gray Indoor 8'10"" x 13'1"" Machine Woven Rug",Decor & Lighting,Rugs,coastal,Classic|Coastal|Rustic,$775.00,,"8'10"" x 13'",100% Polyester,Blue,"Step into the charm of yesteryear with our Amore collection. This updated traditional area rug, woven with precision in Turkey, combines the timeless appeal of classic design with a modern twist. Adorned with a beautiful fringe, this rug is more than just a floor covering?it's a statement piece that demands attention without overpowering your decor. Made from polyester, it boasts a medium pile that feels plush underfoot and stands up well to high traffic areas making it perfect for those bustlin",Surya,out_of_stock,assets\products\coastal\board-4220292\product-coastal-amore-gray-indoor-8-10-x-13-1-machine-woven-rug-01-01.jpg;assets\products\coastal\board-4220292\product-coastal-amore-gray-indoor-8-10-x-13-1-machine-woven-rug-01-02.jpg;assets\products\coastal\board-4220292\product-coastal-amore-gray-indoor-8-10-x-13-1-machine-woven-rug-01-03.jpg;assets\products\coastal\board-4220292\product-coastal-amore-gray-indoor-8-10-x-13-1-machine-woven-rug-01-04.jpg;assets\products\coastal\board-4220292\product-coastal-amore-gray-indoor-8-10-x-13-1-machine-woven-rug-01-05.jpg,https://havenly.com/products/details/Amore-Gray-Indoor-8-10-x-13-1-Machine-Woven-Rug-Surya-92162080,4220292
Luca Oriental Blue/Ivory Area Rug,Decor & Lighting,Rugs,coastal,Classic|Coastal|Rustic,$342.50,$685.00,"7'10"" x 10'",Polyester,blue/brown/red/white,"The Luca collection by Becki Owens x Surya offers an affordable rich vintage-inspired look that can withstand high traffic. Woven with durable synthetic materials in Turkey, this rug radiates a versatile, old-world feel without sacrificing style or budget. This rug collection inspired by one-of-a-kind hand-knotted rugs with a vintage design will bring a curated, collected layer to your home.",Wayfair,in_stock,assets\products\coastal\board-4220292\product-coastal-luca-oriental-blue-ivory-area-rug-02-01.jpg,https://havenly.com/products/details/Luca-Oriental-Blue-Ivory-Area-Rug-Wayfair-125872789,4220292
"Angela Rose x Loloi Blake Sky / Beige Area Rug - 7'10"" x 10'2""",Decor & Lighting,Rugs,coastal,Classic|Coastal|Rustic,$417.99,$759.00,"7'10"" x 10'2""",100% Polyester,Earth-toned,"Designed in an expertly distressed antique style, the Blake collection by angela rose x Loloi features traditional motifs that have softened into the background, making it an effortless neutral in any room. Muted earth-toned palettes complement a range of furniture, while subtle cream-colored fringe at the edges adds texture and framing. The Blake collection is power-loomed in Turkey of 100% polyester pile.  Features: Earth-toned area rugs in the Blake collection by Angela Rose x Loloi feature t",Wayfair,in_stock,assets\products\coastal\board-4220292\product-coastal-angela-rose-x-loloi-blake-sky-beige-area-rug-7-10-x-10-2-03-01.jpg;assets\products\coastal\board-4220292\product-coastal-angela-rose-x-loloi-blake-sky-beige-area-rug-7-10-x-10-2-03-02.jpg;assets\products\coastal\board-4220292\product-coastal-angela-rose-x-loloi-blake-sky-beige-area-rug-7-10-x-10-2-03-03.jpg;assets\products\coastal\board-4220292\product-coastal-angela-rose-x-loloi-blake-sky-beige-area-rug-7-10-x-10-2-03-04.jpg;assets\products\coastal\board-4220292\product-coastal-angela-rose-x-loloi-blake-sky-beige-area-rug-7-10-x-10-2-03-05.jpg,https://havenly.com/products/details/Angela-Rose-x-Loloi-Blake-Sky-Beige-Area-Rug-7-10-x-10-2-Wayfair-119673348,4220292
VENDOME LARGE CHANDELIER - HAND-RUBBED ANTIQUE BRASS,Decor & Lighting,Table & Floor Lamps,coastal,Classic|Coastal|Rustic,$1499.00,,"O/A Height: 44"" • Min. Custom Height: 27"" • Width: 36""",N/A,Hand-Rubbed Antique Brass,"With elegant curves that are equal parts dainty and dramatic, the Vendome Chandelier remains refined and traditional for formal settings.",McGee & Co.,in_stock,assets\products\coastal\board-4220292\product-coastal-vendome-large-chandelier-hand-rubbed-antique-brass-01-01.jpg,https://havenly.com/products/details/VENDOME-LARGE-CHANDELIER-HAND-RUBBED-ANTIQUE-BRASS-McGee-Co-50414958,4220292
Desert Cactus Tapestry,Other,Other,coastal,Classic|Coastal|Rustic,$118.80,$198.00,"48""H, 72""W",Paper,Assorted,"Paper, pine wood Please note that this item features printed artwork This item has an artisan variance in paper and is meant to look vintage Imported Desert Cactus Tapestry by Anthropologie",Anthropologie,out_of_stock,assets\products\coastal\board-4220292\product-coastal-desert-cactus-tapestry-01-01.jpg;assets\products\coastal\board-4220292\product-coastal-desert-cactus-tapestry-01-02.jpg;assets\products\coastal\board-4220292\product-coastal-desert-cactus-tapestry-01-03.jpg,https://havenly.com/products/details/Desert-Cactus-Tapestry-Anthropologie-72837265,4220292
Camilla Gold Tray,Other,Other,coastal,Classic|Coastal|Rustic,$235.20,,"9"" x 36"" x 3""",Cast Aluminum,"Dramatic Proportions And Thick Cast Aluminum Make This Tray Special.  The Edge Is Rough Cut, And Polished To Have A Soft Hand.  The Finish Is Textured Gold.","Dramatic Proportions And Thick Cast Aluminum Make This Tray Special. The Edge Is Rough Cut, And Polished To Have A Soft Hand. Finish Is A Textured Gold.",Uttermost,in_stock,assets\products\coastal\board-4220292\product-coastal-camilla-gold-tray-02-01.jpg;assets\products\coastal\board-4220292\product-coastal-camilla-gold-tray-02-02.jpg;assets\products\coastal\board-4220292\product-coastal-camilla-gold-tray-02-03.jpg;assets\products\coastal\board-4220292\product-coastal-camilla-gold-tray-02-04.jpg;assets\products\coastal\board-4220292\product-coastal-camilla-gold-tray-02-05.jpg,https://havenly.com/products/details/Camilla-Gold-Tray-Uttermost-121049953,4220292
Seaside Wall Art,Decor & Lighting,Wall Art & Mirrors,coastal,Classic|Coastal|Rustic,$1128.00,,"40""H, 60""W",Framed art,Blue,"About Phil Lancaster Artist Phil Lancaster has found his most creative influences through travel - working in the home furnishings industry in product design and overseeing product development for a number of retail companies has allowed him to travel all through Europe, South America, and Asia. The culture, architecture, and landscapes of those diverse parts of the world have influenced both his approach as well as the final results of the work. Seaside Wall Art by Anthropologie in Blue",Anthropologie,out_of_stock,assets\products\coastal\board-4220292\product-coastal-seaside-wall-art-03-01.jpg,https://havenly.com/products/details/Seaside-Wall-Art-Anthropologie-125960044,4220292
"Venezia Clear Glass Taper Candle Holders, Set of 3",Decor & Lighting,Other Decor,coastal,Classic|Coastal|Rustic,$32.91,$51.85,"3.5"" dia. x 8.86""H",Glass,Clear,"Inspired by mid-century modern glassware, our Venezia candle holders support elongated bubbles on slender stems for a sculptural yet playful silhouette. Crafted of clear glass, these three candlesticks support tapers or double as bud vases. We love to layer botanicals with candlelight in a bountiful display. Mix and match our exclusive Venezia candle holders in various heights and hues to create an extravagant effect on your dining table or mantel.     Borosilicate glass  Each holds 1 standard t",Crate and Barrel,out_of_stock,assets\products\coastal\board-4220292\product-coastal-venezia-clear-glass-taper-candle-holders-set-of-3-04-01.jpg;assets\products\coastal\board-4220292\product-coastal-venezia-clear-glass-taper-candle-holders-set-of-3-04-02.jpg;assets\products\coastal\board-4220292\product-coastal-venezia-clear-glass-taper-candle-holders-set-of-3-04-03.jpg,https://havenly.com/products/details/Venezia-Clear-Glass-Taper-Candle-Holders-Set-of-3-Crate-and-Barrel-132097896,4220292
Livia Hutch,Other,Other,coastal,Classic|Coastal|Rustic,$2498.00,,"Overall: 78""H, 38""W, 17""D",Wood,White,"Style No. 82622432; Color Code: 010  Ash wood hutch reinforced with engineered hardwood and finished with ash veneer Brushed brass hardware Four adjustable interior shelves Seventeen holes for adjustable shelves Wipe with a clean, soft cloth. Avoid abrasive cleaners to protect finish Anti-tip hardware included for extra safety and stability This item is suitable for indoor use Imported Dimensions Overall: 78""H, 38""W, 17""D Interior Shelf Dimensions (4): 0.75""H, 36.25""W, 15.25""D Distance Between H",Anthropologie,in_stock,assets\products\coastal\board-4220292\product-coastal-livia-hutch-05-01.jpg;assets\products\coastal\board-4220292\product-coastal-livia-hutch-05-02.jpg;assets\products\coastal\board-4220292\product-coastal-livia-hutch-05-03.jpg;assets\products\coastal\board-4220292\product-coastal-livia-hutch-05-04.jpg;assets\products\coastal\board-4220292\product-coastal-livia-hutch-05-05.jpg,https://havenly.com/products/details/Livia-Hutch-Anthropologie-139160738,4220292
Lurid Wall Art,Decor & Lighting,Wall Art & Mirrors,coastal,Classic|Coastal|Rustic,$728.00,,.,Lurid Wall Art,.,"About Giselle Kelly Giselle Kelly was born and raised in Los Angeles, California. She studied Fine Art with an emphasis in engraving in university, and was inspired by oriental art. Her inspiration comes from life experiences, nature, travel, people, and music. She enjoys working with a variety of mediums such as acrylic, watercolor, and oriental ink. Lurid Wall Art by Anthropologie in Grey, Acrylic",Anthropologie,out_of_stock,assets\products\coastal\board-4220292\product-coastal-lurid-wall-art-06-01.jpg,https://havenly.com/products/details/Lurid-Wall-Art-Anthropologie-146164057,4220292
