Tên SP,Danh mục,Phong cách,Sub-styles,Giá,Kích thước,Chất liệu,Màu sắc,Mô tả,Thương hiệu,Tình trạng,Hình ảnh,URL sản phẩm,Board ID
Cindy Console With Storage Drawers - Black - Safavieh,Furniture,glam,Glam|New Classic,$220.05,"39.4"" x 14.2"" x 31.7""","Pine, Zinc Alloy",Black,"The Cindy console, with slightly tapered legs, just right black finish and three drawers for stashing, has a basic, easy-going appeal. Perfect for country, beachy or casual settings, the console is crafted from pine. Minor assembly required.",Safavieh,in_stock,assets\products\glam\board-4190768\product-glam-cindy-console-with-storage-drawers-black-safavieh-01-01.jpg;assets\products\glam\board-4190768\product-glam-cindy-console-with-storage-drawers-black-safavieh-01-02.jpg;assets\products\glam\board-4190768\product-glam-cindy-console-with-storage-drawers-black-safavieh-01-03.jpg;assets\products\glam\board-4190768\product-glam-cindy-console-with-storage-drawers-black-safavieh-01-04.jpg,https://havenly.com/products/details/Cindy-Console-With-Storage-Drawers-Black-Safavieh-Safavieh-72801760,4190768
Osaka Side Table Black,Furniture,glam,Glam|New Classic,$199,19.0 X 19.0 X 14.0,Iron,Black,"The Osaka Side Table features a solid metal construction with a matt-black finish, ideal for small spaces., Solid iron construction with striking base design, additional shelf for multipurpose use, Ideal for small spaces, The Osaka side table has a matte black finish and elegant metal construction. A striking contemporary accent piece.",Moes Home Collection,out_of_stock,assets\products\glam\board-4190768\product-glam-osaka-side-table-black-02-01.jpg;assets\products\glam\board-4190768\product-glam-osaka-side-table-black-02-02.jpg;assets\products\glam\board-4190768\product-glam-osaka-side-table-black-02-03.jpg;assets\products\glam\board-4190768\product-glam-osaka-side-table-black-02-04.jpg;assets\products\glam\board-4190768\product-glam-osaka-side-table-black-02-05.jpg,https://havenly.com/products/details/Osaka-Side-Table-Black-Moes-Home-Collection-131940143,4190768
Assana Coffee Table,Furniture,glam,Glam|New Classic,$300.11,"47.2"" X 23.6"" X 19.7""",Pine/mdfw,Black,"Bring modern drama and style to your home with our Assana console table. The crisp lines and striking design of the console table create a visual impact in any corner. It features offset legs that cut perpendicularly for a dramatic appeal. Crafted in pinewood, the table showcases natural grain in a sleek black finish to serve as a sophisticated and versatile addition to your home. Our statement-making console remains perfect for styling your entryway, living space, or home office.",Safavieh,back_ordered,assets\products\glam\board-4190768\product-glam-assana-coffee-table-03-01.jpg;assets\products\glam\board-4190768\product-glam-assana-coffee-table-03-02.jpg;assets\products\glam\board-4190768\product-glam-assana-coffee-table-03-03.jpg;assets\products\glam\board-4190768\product-glam-assana-coffee-table-03-04.jpg;assets\products\glam\board-4190768\product-glam-assana-coffee-table-03-05.jpg,https://havenly.com/products/details/Assana-Coffee-Table-Safavieh-133239774,4190768
"26"" x 16"" Textured Lumbar Throw Pillow, Beige, w/Insert",Decor & Pillows,glam,Glam|New Classic,$70,"26"" x 16""","Cotton, Wool, poly-filled",Beige,"Our products are designed for particular people, by particular people. It’s why we obsess over colors and create new, intricate textures that are made to last. This beautiful lumbar throw pillow brings with it so much warmth, comfort and texture. This pillow is made of Cotton & Wool. Made in India. Spot clean. Poly insert included.",Loloi Rugs,out_of_stock,assets\products\glam\board-4190768\product-glam-26-x-16-textured-lumbar-throw-pillow-beige-w-insert-01-01.jpg;assets\products\glam\board-4190768\product-glam-26-x-16-textured-lumbar-throw-pillow-beige-w-insert-01-02.jpg,https://havenly.com/products/details/26-x-16-Textured-Lumbar-Throw-Pillow-Beige-w-Insert-Loloi-Rugs-72844044,4190768
"Marble Footed Bowl, White",Decor & Pillows,glam,Glam|New Classic,$72,"8"" Diameter x 4.25""",Marble,White,"This footed bowl works great for display or serving purposes. Made out of marble and featuring a sleek white color, this modern bowl looks great on countertops. Perfect for storing fresh fruits or snacks, or for serving friends and family in style",Bloomingville,out_of_stock,assets\products\glam\board-4190768\product-glam-marble-footed-bowl-white-02-01.jpg;assets\products\glam\board-4190768\product-glam-marble-footed-bowl-white-02-02.jpg;assets\products\glam\board-4190768\product-glam-marble-footed-bowl-white-02-03.jpg,https://havenly.com/products/details/Marble-Footed-Bowl-White-Bloomingville-88390933,4190768
"Florette Gallery Wall Charms, Set of 3",Decor & Pillows,glam,Glam|New Classic,"${'id': '47707537792', 'price': 39.95, '__typename': 'PriceModel'} (was $54)","14"" diameter each",paper,white,"Handcrafted using natural saa paper to create various floral shapes and petals, this set of blooming busts brings a charming touch of whimsy to your mantel or wall décor. Florette Gallery Wall Charms, Set of 3 by Anthropologie in White",Anthropologie,out_of_stock,assets\products\glam\board-4190768\product-glam-florette-gallery-wall-charms-set-of-3-03-01.jpg,https://havenly.com/products/details/Florette-Gallery-Wall-Charms-Set-of-3-Anthropologie-47637647,4190768
Icon Wood 3-Piece 11x14 Black Gallery Wall Frame Set,Decor & Pillows,glam,Glam|New Classic,$179.85,"Each frame holds 11""x14"" photo with mat or 18""x21"" without",engineered wood,Black,"Create an instant gallery with this three-frame set. The classic frames give treasured photos the presentation they deserve. Thick white mats and beveled black frames elevate the most casual snapshot, and the impeccable proportions and crisp black-and-white perfectly suit modern decor. A Crate & Barrel exclusive, the trio of 11&quot;x14&quot; wood frames can be displayed in a vertical or horizontal line or arranged as a staggered gallery wall.   • Poplar wood with black finish  • Glass  • Engine",Crate and Barrel,in_stock,assets\products\glam\board-4190768\product-glam-icon-wood-3-piece-11x14-black-gallery-wall-frame-set-04-01.jpg;assets\products\glam\board-4190768\product-glam-icon-wood-3-piece-11x14-black-gallery-wall-frame-set-04-02.jpg;assets\products\glam\board-4190768\product-glam-icon-wood-3-piece-11x14-black-gallery-wall-frame-set-04-03.jpg,https://havenly.com/products/details/Icon-Wood-3-Piece-11x14-Black-Gallery-Wall-Frame-Set-Crate-and-Barrel-118843646,4190768
Icon Wood 8x10 Black Wall Picture Frame,Decor & Pillows,glam,Glam|New Classic,$34.95,"16""Wx1.13""Dx20""H",WOOD,Black,"Give a treasured photo the presentation it deserves with this classic frame. The thick white mat and beveled black frame elevate the most casual snapshot, and the impeccable proportions and crisp black-and-white perfectly suit modern decor. This wall frame can be hung vertically or horizontally on the wall.     Poplar wood with black finish  Glass  Engineered wood  White mat board  Sawtooth hangers  Hangs vertically or horizontally  Holds 8x10 photo with mat; 15x19 without  Clean wipe with dry c",Crate and Barrel,in_stock,assets\products\glam\board-4190768\product-glam-icon-wood-8x10-black-wall-picture-frame-05-01.jpg;assets\products\glam\board-4190768\product-glam-icon-wood-8x10-black-wall-picture-frame-05-02.jpg;assets\products\glam\board-4190768\product-glam-icon-wood-8x10-black-wall-picture-frame-05-03.jpg;assets\products\glam\board-4190768\product-glam-icon-wood-8x10-black-wall-picture-frame-05-04.jpg;assets\products\glam\board-4190768\product-glam-icon-wood-8x10-black-wall-picture-frame-05-05.jpg,https://havenly.com/products/details/Icon-Wood-8x10-Black-Wall-Picture-Frame-Crate-and-Barrel-51139454,4190768
"Modern Transparent Bubble Glass and Metal Table Lamp, Brushed Gold",Lighting,glam,Glam|New Classic,$112.49,"15"" x 15"" x 26.5""",Glass,"Gold, Clear","This stunning lamp features a cylindrical bubble glass base with exquisite brushed gold metal accents, harmoniously combined to create a truly eye-catching piece. Topped with a sophisticated linen drum shade, this table lamp exudes both style and functionality. Crafted with meticulous attention to detail, this lamp showcases a remarkable fusion of materials and textures. The transparent bubble glass base adds a touch of intrigue and modernity, while the brushed gold metal accents provide a luxur",Creative Co-Op,out_of_stock,assets\products\glam\board-4190768\product-glam-modern-transparent-bubble-glass-and-metal-table-lamp-brushed-01-01.jpg;assets\products\glam\board-4190768\product-glam-modern-transparent-bubble-glass-and-metal-table-lamp-brushed-01-02.jpg;assets\products\glam\board-4190768\product-glam-modern-transparent-bubble-glass-and-metal-table-lamp-brushed-01-03.jpg;assets\products\glam\board-4190768\product-glam-modern-transparent-bubble-glass-and-metal-table-lamp-brushed-01-04.jpg,https://havenly.com/products/details/Modern-Transparent-Bubble-Glass-and-Metal-Table-Lamp-Brushed-Gold-Creative-Co-Op-88389003,4190768
The Citizenry Stonewashed Organic Cotton Percale Bed Sheet Set | Queen | Seaglass,Bedding & Bath,glam,Glam|New Classic,$199,Queen,"100% Cotton Percale, 300TC",Seaglass,"The relaxed look of linen. The crisp, smooth feel of cotton. Cozy up with the best of both worlds, courtesy of this stonewashed percale bedding set. Loomed from soft, long-staple cotton, this breathable bedding is made with a durable 300 thread count that gets softer with every wash. Available in a range of earthy hues, this mix-and-match set is an everyday essential worth waking up to. Set includes: -1 flat sheet-1 fitted sheet-2 pillowcasesLoomed at a fair trade mill in Bangalore, India, this ",The Citizenry,in_stock,assets\products\glam\board-4190768\product-glam-the-citizenry-stonewashed-organic-cotton-percale-bed-sheet-s-01-01.jpg;assets\products\glam\board-4190768\product-glam-the-citizenry-stonewashed-organic-cotton-percale-bed-sheet-s-01-02.jpg;assets\products\glam\board-4190768\product-glam-the-citizenry-stonewashed-organic-cotton-percale-bed-sheet-s-01-03.jpg;assets\products\glam\board-4190768\product-glam-the-citizenry-stonewashed-organic-cotton-percale-bed-sheet-s-01-04.jpg;assets\products\glam\board-4190768\product-glam-the-citizenry-stonewashed-organic-cotton-percale-bed-sheet-s-01-05.jpg,https://havenly.com/products/groups/the-citizenry-7962638287035-7552?vendorVariantId=146520210,4190768
The Citizenry Alegria Organic Cotton Quilted Bed Blanket | Full/Queen | Blanket Only | Stone Blue,Bedding & Bath,glam,Glam|New Classic,"${'id': '47719348518', 'price': 232, '__typename': 'PriceModel'} (was $309)",Full/Queen | Blanket Only,100% Organic Cotton,Stone Blue,"Putting a fresh spin on time-tested traditions, this beautiful bed blanket is loomed with soft, 100% organic cotton into cloud-like textures that are positively dreamy. Accented with classic blocks and checkering, this bed blanket is easily layered over your bed in a neutral oat color or stone blue. Crafted over weeks at one of the oldest textile mills in Portugal, each piece is loomed by multiple generations of local artisans. All made start to finish in a fair trade environment with 100% organ",The Citizenry,out_of_stock,assets\products\glam\board-4190768\product-glam-the-citizenry-alegria-organic-cotton-quilted-bed-blanket-ful-02-01.jpg;assets\products\glam\board-4190768\product-glam-the-citizenry-alegria-organic-cotton-quilted-bed-blanket-ful-02-02.jpg;assets\products\glam\board-4190768\product-glam-the-citizenry-alegria-organic-cotton-quilted-bed-blanket-ful-02-03.jpg;assets\products\glam\board-4190768\product-glam-the-citizenry-alegria-organic-cotton-quilted-bed-blanket-ful-02-04.jpg;assets\products\glam\board-4190768\product-glam-the-citizenry-alegria-organic-cotton-quilted-bed-blanket-ful-02-05.jpg,https://havenly.com/products/details/The-Citizenry-Alegria-Organic-Cotton-Quilted-Bed-Blanket-Full-Queen-Blanket-Only-Stone-Blue-The-Citizenry-141878881,4190768
"Western Landscape Modern Prints, S/2",Art & Mirrors,glam,Glam|New Classic,$525.8,"30"" x 30"" (each)","Pine, Glass, MDF, Paper","Slate Gray, Gunmetal, Tan","A Modern Interpretation Of The Rocky Mountains, These Framed Prints Showcase An Array Of Neutral Shades Including Taupe, Brown, Light Gray, And White. Each Print Is Accented By Triple White Matting With Spacers And A Sleek Slate Gray Frame Under Glass. Artwork By June Erica Vess.",Uttermost,out_of_stock,assets\products\glam\board-4190768\product-glam-western-landscape-modern-prints-s-2-01-01.jpg;assets\products\glam\board-4190768\product-glam-western-landscape-modern-prints-s-2-01-02.jpg;assets\products\glam\board-4190768\product-glam-western-landscape-modern-prints-s-2-01-03.jpg;assets\products\glam\board-4190768\product-glam-western-landscape-modern-prints-s-2-01-04.jpg;assets\products\glam\board-4190768\product-glam-western-landscape-modern-prints-s-2-01-05.jpg,https://havenly.com/products/details/Western-Landscape-Modern-Prints-S-2-Uttermost-81232094,4190768
"Minimalist Wave by Bree Madden - Framed Wall Art Basic White 30"" x 30""",Art & Mirrors,glam,Glam|New Classic,$199,30 x 30 x 2,Wood,white,"Frame it up. The Deny Designs framed art takes away all the hassle of finding the right frame for your art. The art is printed on a satin wood finish and comes exposed for a more artistic look. The frames are available in three different colors and a variety of sizes so no matter your design needs, we have just the option for you. Sprinkle in different sizes and maybe an art canvas or two to help create a picture perfect gallery wall. And the best part? Every purchase pays the artist who designe",Deny Designs,in_stock,assets\products\glam\board-4190768\product-glam-minimalist-wave-by-bree-madden-framed-wall-art-basic-white-3-02-01.jpg;assets\products\glam\board-4190768\product-glam-minimalist-wave-by-bree-madden-framed-wall-art-basic-white-3-02-02.jpg;assets\products\glam\board-4190768\product-glam-minimalist-wave-by-bree-madden-framed-wall-art-basic-white-3-02-03.jpg,https://havenly.com/products/details/Minimalist-Wave-by-Bree-Madden-Framed-Wall-Art-Basic-White-30-x-30-Deny-Designs-85497720,4190768
The Forest For The Trees Art Print,Art & Mirrors,glam,Glam|New Classic,$450,24X30,"premium, Frame Type: walnut",Green gold,,Minted,in_stock,assets\products\glam\board-4190768\product-glam-the-forest-for-the-trees-art-print-03-01.jpg,https://havenly.com/products/details/The-Forest-For-The-Trees-Art-Print-Minted-88147833,4190768
Rangely Wall Mirror,Art & Mirrors,glam,Glam|New Classic,$258,24.0 x 1.0 x 36.0,Glass,Clear,"The Rangely Mirror has a rectangular shape and a mirrored frame made from a single beveled layer. The result is a clean, modern mirror that blends seamlessly into any environment, whether it's a powder room, entry hall, bedroom or dining room.",Elk Home,in_stock,assets\products\glam\board-4190768\product-glam-rangely-wall-mirror-04-01.jpg;assets\products\glam\board-4190768\product-glam-rangely-wall-mirror-04-02.jpg;assets\products\glam\board-4190768\product-glam-rangely-wall-mirror-04-03.jpg,https://havenly.com/products/details/Rangely-Wall-Mirror-Elk-Home-132536238,4190768
3Pcs Framed Modern Neutral Abstract Wall Art Boho Minimalist Line Canvas Posters Prints Mid Century Beige Black Brown Wall Decor Pictures For Living Room Bedroom Home Decoration,Art & Mirrors,glam,Glam|New Classic,"${'id': '47660061612', 'price': 83.99, '__typename': 'PriceModel'} (was $87.99)",16'' H X 16'' W,/,Blue;Black;Brown;White;Green;Gray,"Neutral Wall Art Size: Size:12x16in(30x40cm). wall art is already perfectly stretched over solid wooden frame and hooks have been mounted on panel, you could easily hang the framed canvas wall art on at any timeModern Abstract Wall Art: The combination of simple patterns and lines creates an elegant and warm atmosphere for the room, Adding minimalist and abstract elements to the wall makes the room more cozy, unique, and artistic and the vivid color brings you the perfect visual enjoymentMinimal",Wayfair,out_of_stock,assets\products\glam\board-4190768\product-glam-3pcs-framed-modern-neutral-abstract-wall-art-boho-minimalist-05-01.jpg,https://havenly.com/products/details/3Pcs-Framed-Modern-Neutral-Abstract-Wall-Art-Boho-Minimalist-Line-Canvas-Posters-Prints-Mid-Century-Beige-Black-Brown-Wall-Decor-Pictures-For-Living-Room-Bedroom-Home-Decoration-Wayfair-152997450,4190768
Gray Abstract Mountain Minimalist Artwork Framed Prints Poster Bathroom Small Wall Art,Art & Mirrors,glam,Glam|New Classic,$47.99,"16"" H x 12"" W",/,White,"SIGNLEADER is an adept home decorations manufacturer that specializes in the production of high-definition canvas, and hanging poster wall art. Looking for something specific? Browse our offerings and you're sure to find the perfect artistic flourish to display on your walls. When you purchase a SignLeader piece, rest assured knowing that all of our art is crafted by professional hands. Our in-house team of designers routinely inspects the details of our artwork to ensure perfect quality and exa",Wayfair,in_stock,assets\products\glam\board-4190768\product-glam-gray-abstract-mountain-minimalist-artwork-framed-prints-post-06-01.jpg,https://havenly.com/products/details/Gray-Abstract-Mountain-Minimalist-Artwork-Framed-Prints-Poster-Bathroom-Small-Wall-Art-Wayfair-151044703,4190768
"Minimalist Wave by Bree Madden - Framed Wall Art Basic Black 30"" x 30""",Art & Mirrors,glam,Glam|New Classic,$199,30 x 30 x 2,Black Frame,"multi-color, Black","Frame it up. The Deny Designs framed art takes away all the hassle of finding the right frame for your art. The art is printed on a satin wood finish and comes exposed for a more artistic look. The frames are available in three different colors and a variety of sizes so no matter your design needs, we have just the option for you. Sprinkle in different sizes and maybe an art canvas or two to help create a picture perfect gallery wall. And the best part? Every purchase pays the artist who designe",Deny Designs,in_stock,assets\products\glam\board-4190768\product-glam-minimalist-wave-by-bree-madden-framed-wall-art-basic-black-3-07-01.jpg,https://havenly.com/products/details/Minimalist-Wave-by-Bree-Madden-Framed-Wall-Art-Basic-Black-30-x-30-Deny-Designs-85497551,4190768
"Flight into Bliss, 40x30, White Wood Frame, Standard",Art & Mirrors,glam,Glam|New Classic,$443,"40"" x 30""","Paper, Wood, Plexi",Bliss Blue,"This piece is my observation of a bird in flight with clouds and sky surrounding this little soulful bird. I gathered from the way he was flying it appeared he was enjoying the slight wind and the freedom to roam in the vast sky. I perhaps projected myself onto him and was feeling the same way but only in thought, mind, and body. I wish for everyone to feel a sense of flight and freedom to just be in this vast world we live in. Live life and love much!  Frame Size  41.3"" X 31.3""  Image Size  40""",Minted,in_stock,assets\products\glam\board-4190768\product-glam-flight-into-bliss-40x30-white-wood-frame-standard-08-01.jpg;assets\products\glam\board-4190768\product-glam-flight-into-bliss-40x30-white-wood-frame-standard-08-02.jpg,https://havenly.com/products/details/Flight-into-Bliss-40x30-White-Wood-Frame-Standard-Minted-142735117,4190768
Dream Peachy Art Print,Art & Mirrors,glam,Glam|New Classic,$754,"30x40""","standard, Frame Type: walnut, White border","Blue, Ivory, Pink",,Minted,in_stock,assets\products\glam\board-4190768\product-glam-dream-peachy-art-print-09-01.jpg,https://havenly.com/products/details/Dream-Peachy-Art-Print-Minted-88908365,4190768
Crevice Open Edition Fine Art Print,Art & Mirrors,glam,Glam|New Classic,$270,18x24,"standard, Frame Type: natural","Blue, Yellow, Green",Art Print from Minted designed by AlisonJerry. The story behond this piece really stems from my love for nature. As a child I grew up in a house that was beautifully nestled on a small lake in Wisconsin. Many days I spent exploring the lake shore while looking for things to touch and feel.This painting reminds me of looking at the lush moss growing on the rocks with drift wood along side of them. I loved taking in the all the colors that I could possibly see in this natural lakeside setting. I u,Minted,in_stock,assets\products\glam\board-4190768\product-glam-crevice-open-edition-fine-art-print-10-01.jpg,https://havenly.com/products/details/Crevice-Open-Edition-Fine-Art-Print-Minted-124397145,4190768
Exhale Open Edition Fine Art Print,Art & Mirrors,glam,Glam|New Classic,$386,"44""x44""","canvas, frame: none","Blue, White","Exhale Art Print from Minted designed by Studio Shines ‘Exhale’ captures the essence of a winter seascape. Subdued and serene, the textured layers of blues evoke a quiet, reflective mood..",Minted,out_of_stock,assets\products\glam\board-4190768\product-glam-exhale-open-edition-fine-art-print-11-01.jpg;assets\products\glam\board-4190768\product-glam-exhale-open-edition-fine-art-print-11-02.jpg,https://havenly.com/products/details/Exhale-Open-Edition-Fine-Art-Print-Minted-109681706,4190768
"Monday Blues, Matte Brass Frame, 40"" x 30""",Art & Mirrors,glam,Glam|New Classic,$526,"40"" x 30""","Matte Brass, Paper","Blue, White, Gray","I painted this as if I was looking out the window and seeing the first snowfall. It's meant to be peaceful and relaxing. I used acrylics to show the emotion of the wind, snowfall, and the sun. This reminds me of a midwest winter day, where I grew up. About the Artist: I love everything about art. I use a variety of mediums like oils, watercolor, pastels, photography, and photoshop.I enjoy the entire process of making something beautiful and even making mistakes along the way which turn out bette",Minted,in_stock,assets\products\glam\board-4190768\product-glam-monday-blues-matte-brass-frame-40-x-30-12-01.jpg;assets\products\glam\board-4190768\product-glam-monday-blues-matte-brass-frame-40-x-30-12-02.jpg;assets\products\glam\board-4190768\product-glam-monday-blues-matte-brass-frame-40-x-30-12-03.jpg,https://havenly.com/products/details/Monday-Blues-Matte-Brass-Frame-40-x-30-Minted-47922047,4190768
"Rosy Tomorrow I, Natural Raw Wood Frame, 30""x40"", Standard",Art & Mirrors,glam,Glam|New Classic,$478,"Frame Size: 31.3"" X 41.3""  Image Size: 30"" X 40""","Wood, Paper, Plexi","Green, Blue, Natural","Originally painted in oil on canvas, this dazzling pair of landscapes feature a wide vista and towering clouds optimistically highlighted in pink. The grand scale and bright glint of sunshine on the far hills reminds us that there will always be a Rosy Tomorrow. This Art Print is part of a pair - consider pairing it with Rosy Tomorrow II.  Natural Raw Wood Frame - Handcrafted in Italy from the finest milled wood. Frame profile width is 0.5"" for dimensions 11x14 and smaller; 0.75"" for 30x40 and s",Minted,in_stock,assets\products\glam\board-4190768\product-glam-rosy-tomorrow-i-natural-raw-wood-frame-30-x40-standard-13-01.jpg;assets\products\glam\board-4190768\product-glam-rosy-tomorrow-i-natural-raw-wood-frame-30-x40-standard-13-02.jpg;assets\products\glam\board-4190768\product-glam-rosy-tomorrow-i-natural-raw-wood-frame-30-x40-standard-13-03.jpg,https://havenly.com/products/details/Rosy-Tomorrow-I-Natural-Raw-Wood-Frame-30-x40-Standard-Minted-120356083,4190768
"Clarity Found, 40""x30""",Art & Mirrors,glam,Glam|New Classic,$537,"40"" x 30""","White Border, Frame Type: Arrowhead",Beige,"ABOUT THE WORK  After a long cross country trip with my family, our last stop was a fabulous beach with not a soul in sight. The sky was clear and the water was calm. It was the perfect way to end a hectic family trip. This seascape was inspired while visiting the beach in Maine.  Edition Count  350 Per Size, Per Colorway  Frame Size  41.3"" X 31.3""  Image Size  35"" X 25""  Framed Weight  8.2 Lbs  Printing  Deluxe Pigment Ink",Minted,in_stock,assets\products\glam\board-4190768\product-glam-clarity-found-40-x30-14-01.jpg,https://havenly.com/products/details/Clarity-Found-40-x30-Minted-139946208,4190768
"Carefree, 40""x30"", Natural Raw Wood Frame, Matted",Art & Mirrors,glam,Glam|New Classic,$569,"40"" x 30""","Paper, Wood, Plexi",Aqua Blue,"ABOUT THE WORK  This piece was inspired by a day at the beach. Pink, coral, and varied hues of tan were speckled throughout the sand. The water was vibrant and reflecting vivid colors of blue and aqua. It was peaceful and beautiful. My goal was to capture a little bit of that magical day in this painting called ""Carefree"".  Edition Count  350 Per Size, Per Colorway  Frame Size  41.3"" X 31.3""  Image Size  23.8"" X 23.8""  Framed Weight  8.9 Lbs  Printing  Deluxe Pigment Ink",Minted,in_stock,assets\products\glam\board-4190768\product-glam-carefree-40-x30-natural-raw-wood-frame-matted-15-01.jpg,https://havenly.com/products/details/Carefree-40-x30-Natural-Raw-Wood-Frame-Matted-Minted-139946206,4190768
Sea Glass Limited Edition Fine Art Print,Art & Mirrors,glam,Glam|New Classic,$237,18x24,"standard, Frame Type: natural","Blue, Beige","Art Print from Minted designed by Yao Cheng Design. In my exploration of translucency with watercolor, this painting was focused on using the color blue but still showcasing the wide range of colors within. I was inspired both by sapphire color in gem stones as well as by the deep sea. The layout really blooms into life and captures so much of the energy that I feel when I&#039;m painting in watercolor! Free Shipping & Free Returns every day on non custom art. Code: SHIPFREE.",Minted,out_of_stock,assets\products\glam\board-4190768\product-glam-sea-glass-limited-edition-fine-art-print-16-01.jpg,https://havenly.com/products/details/Sea-Glass-Limited-Edition-Fine-Art-Print-Minted-87171003,4190768
Somewhere Limited Edition Fine Art Print 1,Art & Mirrors,glam,Glam|New Classic,$237,18x24,"standard, Frame Type: white","Blue, Orange, Green","Somewhere Limited Edition Fine Art Print from Minted designed by Artsy Canvas Girl Designs Watercolor painting is a dance with water, paints and yourself. I love that with just a couple of colors, a soft, ethereal feeling is created. I like the simple, minimalist quality of this art piece. Somewhere is the first painting in my watercolor wash series, an exploration of color and feelings. Free Shipping & Free Returns every day on non custom art. Code: SHIPFREE.",Minted,out_of_stock,assets\products\glam\board-4190768\product-glam-somewhere-limited-edition-fine-art-print-1-17-01.jpg,https://havenly.com/products/details/Somewhere-Limited-Edition-Fine-Art-Print-1-Minted-82651695,4190768
Somewhere Limited Edition Fine Art Print 1,Art & Mirrors,glam,Glam|New Classic,$386,18x24,"canvas, Frame Type: natural_float","Blue, Orange, Green","Somewhere Limited Edition Fine Art Print from Minted designed by Artsy Canvas Girl Designs Watercolor painting is a dance with water, paints and yourself. I love that with just a couple of colors, a soft, ethereal feeling is created. I like the simple, minimalist quality of this art piece. Somewhere is the first painting in my watercolor wash series, an exploration of color and feelings. Free Shipping & Free Returns every day on non custom art. Code: SHIPFREE.",Minted,out_of_stock,assets\products\glam\board-4190768\product-glam-somewhere-limited-edition-fine-art-print-1-18-01.jpg,https://havenly.com/products/details/Somewhere-Limited-Edition-Fine-Art-Print-1-Minted-87175941,4190768
Somewhere Limited Edition Fine Art Print 1,Art & Mirrors,glam,Glam|New Classic,$386,18x24,"standard, Frame Type: white","Blue, Orange, Green","Somewhere Limited Edition Fine Art Print from Minted designed by Artsy Canvas Girl Designs Watercolor painting is a dance with water, paints and yourself. I love that with just a couple of colors, a soft, ethereal feeling is created. I like the simple, minimalist quality of this art piece. Somewhere is the first painting in my watercolor wash series, an exploration of color and feelings. Free Shipping & Free Returns every day on non custom art. Code: SHIPFREE.",Minted,out_of_stock,assets\products\glam\board-4190768\product-glam-somewhere-limited-edition-fine-art-print-1-19-01.jpg,https://havenly.com/products/details/Somewhere-Limited-Edition-Fine-Art-Print-1-Minted-82652746,4190768
Sea Glass Limited Edition Fine Art Print,Art & Mirrors,glam,Glam|New Classic,$478,30x40,"standard, Frame Type: white","Blue, Beige",Multi Photo Full Bleed from Minted designed by Yao Cheng. Free Shipping & Free Returns every day on non custom art. Code: SHIPFREE.,Minted,out_of_stock,assets\products\glam\board-4190768\product-glam-sea-glass-limited-edition-fine-art-print-20-01.jpg,https://havenly.com/products/details/Sea-Glass-Limited-Edition-Fine-Art-Print-Minted-82608153,4190768
Terrain No. 1 Limited Edition Fine Art Print 1,Art & Mirrors,glam,Glam|New Classic,$341,30x24,"standard, Frame Type: white","Blue, Beige, Green",Terrain No. 1 designed by Jennifer Daily Full bleed. Free Shipping & Free Returns every day on non custom art. Code: SHIPFREE.,Minted,out_of_stock,assets\products\glam\board-4190768\product-glam-terrain-no-1-limited-edition-fine-art-print-1-21-01.jpg,https://havenly.com/products/details/Terrain-No-1-Limited-Edition-Fine-Art-Print-1-Minted-88197002,4190768
Cason Dining Chair - Black - Safavieh,Other,glam,Glam|New Classic,$189.54,21.65in x 32.68in x 17.32in,"Pvc, Steel, Fabric/ Metal / Plywood","Black, -, Black","Ensure The Comfort Of You And Your Guests When Gathered At The Table With This Penthouse-Chic Cason Dining Chair. Fully Upholstered In Sleek Faux Leather For Next-Level Luxury, Cason'S Jet Black Tone Makes A Decoratively Dramatic Statement Despite Its Minimalist Frame. Sold In Sets Of Two.",Safavieh,out_of_stock,assets\products\glam\board-4190768\product-glam-cason-dining-chair-black-safavieh-01-01.jpg;assets\products\glam\board-4190768\product-glam-cason-dining-chair-black-safavieh-01-02.jpg;assets\products\glam\board-4190768\product-glam-cason-dining-chair-black-safavieh-01-03.jpg;assets\products\glam\board-4190768\product-glam-cason-dining-chair-black-safavieh-01-04.jpg;assets\products\glam\board-4190768\product-glam-cason-dining-chair-black-safavieh-01-05.jpg,https://havenly.com/products/details/Cason-Dining-Chair-Black-Safavieh-Safavieh-147140022,4190768
"Crawford Modern Solid Wood Bed with Black Woven Cane Headboard, Black Stain Finish, Queen",Other,glam,Glam|New Classic,$901.25,"84.0""L x 62.0""W x 43.0""H","90% Pine Wood, 10% Rattan",Black,"The Crawford collection is a symphony of modernity and nostalgia, crafted to inspire and captivate. The rich, solid wood frame, bathed in an inky black stain, is a testament to this bed's superior construction, while the tightly woven cane panel headboard, reminiscent of a vintage speaker, whispers of bohemian adventures yet to come. This bed is for the dreamer, the collector of memories and moments, a perfect fit for those who seek to infuse their boho or transitional spaces with a touch of the",Creative Co-Op,out_of_stock,assets\products\glam\board-4190768\product-glam-crawford-modern-solid-wood-bed-with-black-woven-cane-headboa-02-01.jpg,https://havenly.com/products/details/Crawford-Modern-Solid-Wood-Bed-with-Black-Woven-Cane-Headboard-Black-Stain-Finish-Queen-Creative-Co-Op-142968798,4190768
"Stacked Glass Base Table Lamp with Cotton Drum Shade, White",Other,glam,Glam|New Classic,$113.75,10.5x10.5x26.5,"50% Glass, 30% Cotton, 20% Iron  ",White,"The gentle contours of the cotton shade perfectly complement the sculptural base of this table lamp, forming a harmonious ensemble that radiates timeless elegance. Meticulously crafted from premium glass, metal, and cotton materials, this table lamp stands as a testament to exceptional quality and artistry. Its compact yet impactful presence allows it to grace any tabletop or nightstand with ease. Please note that the light bulb is not included, allowing the freedom to select the perfect lightin",Creative Co-Op,out_of_stock,assets\products\glam\board-4190768\product-glam-stacked-glass-base-table-lamp-with-cotton-drum-shade-white-03-01.jpg,https://havenly.com/products/details/Stacked-Glass-Base-Table-Lamp-with-Cotton-Drum-Shade-White-Creative-Co-Op-136777256,4190768
Tapestry Outdoor Dining Chair,Furniture,glam,Modern|Classic|Glam,,"24.75"" x 23.5"" x 34.5""","Teak, Steel, Rope, 100% Olefin","Gray, White, Tan","Create a coastal backyard oasis with the Tapestry Outdoor Dining Chair by Essentials For Living. It measures 24.75"" wide, 23.5"" deep, 34.5"" high, with a seat height of 18.5"". Constructed with a stainless steel frame and solid gray teak legs, this side dining chair is not only sturdy, but durable for outdoor use. A dove gray rope is tightly woven with an eye-catching solid white speckle stripe interwoven at the center of the seat back. The gray teak legs feature crossed leg stretchers and a beaut",Essentials for Living,in_stock,assets\products\glam\board-4192140\product-glam-tapestry-outdoor-dining-chair-01-01.jpg;assets\products\glam\board-4192140\product-glam-tapestry-outdoor-dining-chair-01-02.jpg;assets\products\glam\board-4192140\product-glam-tapestry-outdoor-dining-chair-01-03.jpg;assets\products\glam\board-4192140\product-glam-tapestry-outdoor-dining-chair-01-04.jpg;assets\products\glam\board-4192140\product-glam-tapestry-outdoor-dining-chair-01-05.jpg,https://havenly.com/products/details/Tapestry-Outdoor-Dining-Chair-Essentials-for-Living-83546751,4192140
"65"" Casa Vieja Ultra Breeze Black Wet LED Ceiling Fan with Remote",Lighting,glam,Modern|Classic|Glam,$499.99,"65"" blade span. 25-degree blade pitch. DC-165 mm motor size. Canopy is 6"" wide. Maximum 20-degree ceiling slope with included canopy.",Stamped Steel,black,"Versatility and function are the hallmarks of the Ultra Breeze collection of large outdoor ceiling fans from Casa Vieja. The classic matte black finish motor and six matte black finish molded ABS blades offer a touch of class to this sturdy wet rated indoor/outdoor ceiling fan. The integrated LED module provides additional ambient illumination through an etched opal glass diffuser. Control the Ultra Breeze ceiling fan with the included 6-speed full-function hand-held remote control, perfect for ",Lamps Plus,in_stock,assets\products\glam\board-4192140\product-glam-65-casa-vieja-ultra-breeze-black-wet-led-ceiling-fan-with-re-01-01.jpg;assets\products\glam\board-4192140\product-glam-65-casa-vieja-ultra-breeze-black-wet-led-ceiling-fan-with-re-01-02.jpg;assets\products\glam\board-4192140\product-glam-65-casa-vieja-ultra-breeze-black-wet-led-ceiling-fan-with-re-01-03.jpg;assets\products\glam\board-4192140\product-glam-65-casa-vieja-ultra-breeze-black-wet-led-ceiling-fan-with-re-01-04.jpg;assets\products\glam\board-4192140\product-glam-65-casa-vieja-ultra-breeze-black-wet-led-ceiling-fan-with-re-01-05.jpg,https://havenly.com/products/details/65-Casa-Vieja-Ultra-Breeze-Black-Wet-LED-Ceiling-Fan-with-Remote-Lamps-Plus-148138570,4192140
"Boka Rectangular Black Resin Indoor/Outdoor Large Planter 15""H",Other,glam,Modern|Classic|Glam,$189,"31.5""Wx11.81""Dx14.96""H",STONE/CEMENT,Black,"Black resin concrete composite planter surfaces a pebbled texture that looks so at home indoors and out. Opens wide for botanicals. Ideal for growing herbs. CB2 exclusive.  -Resin concrete composite -One drainage hole with plug -Outdoor-safe; cover or store indoors during inclement weather and when not in use -Made in Vietnam Boka Rectangular Black Resin Indoor/Outdoor Large Planter 15""H",CB2,in_stock,assets\products\glam\board-4192140\product-glam-boka-rectangular-black-resin-indoor-outdoor-large-planter-15-01-01.jpg;assets\products\glam\board-4192140\product-glam-boka-rectangular-black-resin-indoor-outdoor-large-planter-15-01-02.jpg;assets\products\glam\board-4192140\product-glam-boka-rectangular-black-resin-indoor-outdoor-large-planter-15-01-03.jpg,https://havenly.com/products/details/Boka-Rectangular-Black-Resin-Indoor-Outdoor-Large-Planter-15-H-CB2-87600493,4192140
Vetro 8-Wick Green Glass Citronella Candle,Other,glam,Modern|Classic|Glam,"${'id': '47684946877', 'price': 64.97, '__typename': 'PriceModel'} (was $129)","11""Wx3""H",WAX,Clear,"Enhance your outdoor meals and alfresco cocktail hours with our Vetro citronella candle. Inspired by sea glass, the green hand-blown vessel brings the beauty of the beach home, with organic edges that enhance the look of a found object. Light the eight-wick candle to waft the fresh herbal, citrusy scent over your summer tablescape, or arrange a few on your outdoor coffee table to uplift a leisurely lounge area.     Citrus/herbal scent  Hand-blown glass vessel  Paraffin wax  204.5 oz.  Approx. bu",Crate and Barrel,out_of_stock,assets\products\glam\board-4192140\product-glam-vetro-8-wick-green-glass-citronella-candle-02-01.jpg;assets\products\glam\board-4192140\product-glam-vetro-8-wick-green-glass-citronella-candle-02-02.jpg,https://havenly.com/products/details/Vetro-8-Wick-Green-Glass-Citronella-Candle-Crate-and-Barrel-130837423,4192140
Kingston Outdoor Dining Table,Other,glam,Modern|Classic|Glam,$2598,94.0 x 35.0 x 29.5,Concrete,Polished Concrete,"Dining tables are one of the main center pieces of your home and this tables versatile rectangular design will effortlessly add something special to any dining space. Light grey in color, you'll be able to constantly change your interior styling and never have to worry about updating your table. Ideal for both indoor or outdoor dining, this bold concrete masterpiece will last a lifetime.",Elk Home,in_stock,assets\products\glam\board-4192140\product-glam-kingston-outdoor-dining-table-03-01.jpg;assets\products\glam\board-4192140\product-glam-kingston-outdoor-dining-table-03-02.jpg;assets\products\glam\board-4192140\product-glam-kingston-outdoor-dining-table-03-03.jpg,https://havenly.com/products/details/Kingston-Outdoor-Dining-Table-Elk-Home-132533771,4192140
Jenica Outdoor String Lights - Black - Safavieh,Other,glam,Modern|Classic|Glam,$48.6,300in x 2.75in x 1.5in,"Metal/Glass/Plastic, Metal/Glass/Plastic","Black, Black","Give your outdoor living space some serious sparkle with these chic and modern Jenica LED Outdoor String Lights. Jenica's jet black cord provides the perfect contrast to the shine of its 25 clear circular bulbs, creating a dramatic look ideal for any open-air get-together.",Safavieh,in_stock,assets\products\glam\board-4192140\product-glam-jenica-outdoor-string-lights-black-safavieh-04-01.jpg;assets\products\glam\board-4192140\product-glam-jenica-outdoor-string-lights-black-safavieh-04-02.jpg;assets\products\glam\board-4192140\product-glam-jenica-outdoor-string-lights-black-safavieh-04-03.jpg;assets\products\glam\board-4192140\product-glam-jenica-outdoor-string-lights-black-safavieh-04-04.jpg;assets\products\glam\board-4192140\product-glam-jenica-outdoor-string-lights-black-safavieh-04-05.jpg,https://havenly.com/products/details/Jenica-Outdoor-String-Lights-Black-Safavieh-Safavieh-144407098,4192140
Tana Outdoor Stool - Natural Teak,Furniture,glam,Modern|Coastal|Glam|Transitional,$349,19 x 11.75 x 11.75,Teak,natural,"Teak Wood Stool, Indoor and Outdoor, Coastal Design | Article Tana Modern Furniture. Contemporary West Coast. Tana extends Article’s commitment to traceable and certifiably sourced teak. Built from workshop offcuts, the Tana keeps your feet up while reducing our environmental footprint. The blocky shape is kept light with angled cutaways. Naturally weather-resistant, the Tana’s teak will develop a beautiful silver patina over time, and small cracks will appear in line with the wood’s natural gra",Article,out_of_stock,assets\products\glam\board-4192177\product-glam-tana-outdoor-stool-natural-teak-01-01.jpg;assets\products\glam\board-4192177\product-glam-tana-outdoor-stool-natural-teak-01-02.jpg;assets\products\glam\board-4192177\product-glam-tana-outdoor-stool-natural-teak-01-03.jpg;assets\products\glam\board-4192177\product-glam-tana-outdoor-stool-natural-teak-01-04.jpg;assets\products\glam\board-4192177\product-glam-tana-outdoor-stool-natural-teak-01-05.jpg,https://havenly.com/products/details/Tana-Outdoor-Stool-Natural-Teak-Article-47525867,4192177
Kearney 35.43'' Wide Barrel Chair,Furniture,glam,Modern|Coastal|Glam|Transitional,"${'id': '47488166648', 'price': 849, '__typename': 'PriceModel'} (was $953)",30'' H x 35'' W x 31'' D,velvet,Stax Dust Blue,"Looking for something to really make your seating arrangement pop? This barrel chair is just the thing for adding a touch of eye-catching modern style to your space. It's crafted with a solid wood frame, and features foam-filled polyester upholstery for an inviting seat. Plus, it's streamlined, rounded silhouette and floating seat, it's perfect for a mid-century-inspired look. And since the upholstery is fade- and stain-resistant, it's sure to stand up to regular use.",Wayfair,out_of_stock,assets\products\glam\board-4192177\product-glam-kearney-35-43-wide-barrel-chair-02-01.jpg,https://havenly.com/products/details/Kearney-35-43-Wide-Barrel-Chair-Wayfair-84289581,4192177
Caterina Natural Upholstered Office Chair with Brass Base,Furniture,glam,Modern|Coastal|Glam|Transitional,$799,"26.77"" W x 25.59"" D x 31.3"" H",Tubular iron frame and base with burnished brass finish,Natural,"Indulge your home office with living-room luxe. Our Caterina office chair blanket-wraps a textured, linen-like fabric over a frame of tubular steel for chic cushioning. The metal frame's burnished brass finish lends a golden glow to the natural  upholstery for a functional chair with lots of style. Outfitted with casters, the ergonomically designed chair adjusts for varying heights to make your office stay a comfortable one. The Caterina ivory office chair is a Crate & Barrel exclusive.   • Tubu",Crate and Barrel,in_stock,assets\products\glam\board-4192177\product-glam-caterina-natural-upholstered-office-chair-with-brass-base-03-01.jpg;assets\products\glam\board-4192177\product-glam-caterina-natural-upholstered-office-chair-with-brass-base-03-02.jpg;assets\products\glam\board-4192177\product-glam-caterina-natural-upholstered-office-chair-with-brass-base-03-03.jpg,https://havenly.com/products/details/Caterina-Natural-Upholstered-Office-Chair-with-Brass-Base-Crate-and-Barrel-137640673,4192177
"Natalie 24"" Barrel Chair",Furniture,glam,Modern|Coastal|Glam|Transitional,"${'id': '47489278800', 'price': 609.99, '__typename': 'PriceModel'} (was $853)",30'' H x 35'' W x 31'' D,velvet,Rust Polyester,"Looking for something to help pull together that Insta-worthy living room? This barrel chair is just the thing for mixing some major mid-century-inspired style into your home. It's made with a solid wood frame, and has foam-filled seats with web suspension construction for an inviting feel. It's upholstered in a polyester velvet fabric that resists stains and tears, so it stands up to regular use. Plus, it's streamlined, rounded silhouette, stitched detailing and floating seat, it's delivers a r",Wayfair,out_of_stock,assets\products\glam\board-4192177\product-glam-natalie-24-barrel-chair-04-01.jpg;assets\products\glam\board-4192177\product-glam-natalie-24-barrel-chair-04-02.jpg,https://havenly.com/products/details/Natalie-24-Barrel-Chair-Wayfair-87899173,4192177
Icon Wood 8x10 Black Wall Picture Frame,Decor & Pillows,glam,Modern|Coastal|Glam|Transitional,$34.95,"16""Wx1.13""Dx20""H",WOOD,Black,"Give a treasured photo the presentation it deserves with this classic frame. The thick white mat and beveled black frame elevate the most casual snapshot, and the impeccable proportions and crisp black-and-white perfectly suit modern decor. This wall frame can be hung vertically or horizontally on the wall.     Poplar wood with black finish  Glass  Engineered wood  White mat board  Sawtooth hangers  Hangs vertically or horizontally  Holds 8x10 photo with mat; 15x19 without  Clean wipe with dry c",Crate and Barrel,in_stock,assets\products\glam\board-4192177\product-glam-icon-wood-8x10-black-wall-picture-frame-01-01.jpg;assets\products\glam\board-4192177\product-glam-icon-wood-8x10-black-wall-picture-frame-01-02.jpg;assets\products\glam\board-4192177\product-glam-icon-wood-8x10-black-wall-picture-frame-01-03.jpg;assets\products\glam\board-4192177\product-glam-icon-wood-8x10-black-wall-picture-frame-01-04.jpg;assets\products\glam\board-4192177\product-glam-icon-wood-8x10-black-wall-picture-frame-01-05.jpg,https://havenly.com/products/details/Icon-Wood-8x10-Black-Wall-Picture-Frame-Crate-and-Barrel-51139454,4192177
Icon Wood 5x5 Black Picture Frame,Decor & Pillows,glam,Modern|Coastal|Glam|Transitional,$49.95,"20"" sq. x 1.13""D",WOOD,Black,"Give a treasured photo the presentation it deserves with this classic frame. The thick white mat and beveled black frame elevate the most casual snapshot, and the impeccable proportions and crisp black-and-white perfectly suit modern decor. This wall frame can be hung vertically or horizontally on the wall.     Poplar wood with black finish  Glass  Engineered wood  White mat board  Sawtooth hangers  Hangs vertically or horizontally  Holds 5x5 photo with mat; 19x19 without  Clean wipe with dry cl",Crate and Barrel,in_stock,assets\products\glam\board-4192177\product-glam-icon-wood-5x5-black-picture-frame-02-01.jpg;assets\products\glam\board-4192177\product-glam-icon-wood-5x5-black-picture-frame-02-02.jpg;assets\products\glam\board-4192177\product-glam-icon-wood-5x5-black-picture-frame-02-03.jpg;assets\products\glam\board-4192177\product-glam-icon-wood-5x5-black-picture-frame-02-04.jpg;assets\products\glam\board-4192177\product-glam-icon-wood-5x5-black-picture-frame-02-05.jpg,https://havenly.com/products/details/Icon-Wood-5x5-Black-Picture-Frame-Crate-and-Barrel-51139468,4192177
Frida Vase,Decor & Pillows,glam,Modern|Coastal|Glam|Transitional,$96,"Overall: 6.5"" Dia. x 10"" H",Earthenware with Green Hand-Painted Finish,Green Hand-Painted Finish,"With a cool green tone, the Frida Vase is made from ceramic and beautifully hand-glazed. Its subtle taper brings a modern feel to this classic vase, complementing built-in or console vignettes with ease.",McGee & Co.,in_stock,assets\products\glam\board-4192177\product-glam-frida-vase-03-01.jpg;assets\products\glam\board-4192177\product-glam-frida-vase-03-02.jpg,https://havenly.com/products/details/Frida-Vase-McGee-Co-133314471,4192177
Celia White Vase,Decor & Pillows,glam,Modern|Coastal|Glam|Transitional,"${'id': '47660276836', 'price': 15, '__typename': 'PriceModel'} (was $12.95)","4.75"" dia. x 5.75""H",Porcelain,White,Modern Italian curves take 3-D turn in porcelain vase. Each rib is applied by hand to cylindrical base. Watertight for blooms.,CB2,out_of_stock,assets\products\glam\board-4192177\product-glam-celia-white-vase-04-01.jpg;assets\products\glam\board-4192177\product-glam-celia-white-vase-04-02.jpg;assets\products\glam\board-4192177\product-glam-celia-white-vase-04-03.jpg,https://havenly.com/products/details/Celia-White-Vase-CB2-12005189,4192177
Derry Vase - Short,Decor & Pillows,glam,Modern|Coastal|Glam|Transitional,$40,6.0 x 6.0 x 8.5,Earthenware,Blue Glazed,"The charming, earthenware Derry rounded vase features a curved and fluted profile with amphora style handles. This earthenware piece has an eye catching blue quartz finish in a reactive glaze, making it perfect for adding a pop of color to a living room or hallway.",Elk Home,out_of_stock,assets\products\glam\board-4192177\product-glam-derry-vase-short-05-01.jpg;assets\products\glam\board-4192177\product-glam-derry-vase-short-05-02.jpg;assets\products\glam\board-4192177\product-glam-derry-vase-short-05-03.jpg;assets\products\glam\board-4192177\product-glam-derry-vase-short-05-04.jpg,https://havenly.com/products/details/Derry-Vase-Short-Elk-Home-130255037,4192177
Arcas Vase - Medium,Decor & Pillows,glam,Modern|Coastal|Glam|Transitional,$19,3.5 x 3.5 x 8.0,Earthenware,Cream,"The Arcas Vase is a decorative vase with a rounded center and a fluted neck. The earthenware vessel is painted with a soft matte ivory finish, adding to its calming neutral look.",Elk Home,in_stock,assets\products\glam\board-4192177\product-glam-arcas-vase-medium-06-01.jpg;assets\products\glam\board-4192177\product-glam-arcas-vase-medium-06-02.jpg;assets\products\glam\board-4192177\product-glam-arcas-vase-medium-06-03.jpg;assets\products\glam\board-4192177\product-glam-arcas-vase-medium-06-04.jpg;assets\products\glam\board-4192177\product-glam-arcas-vase-medium-06-05.jpg,https://havenly.com/products/details/Arcas-Vase-Medium-Elk-Home-130254055,4192177
Arcas Vase - Small,Decor & Pillows,glam,Modern|Coastal|Glam|Transitional,$22,5.5 x 5.5 x 5.5,Earthenware,Cream,"The Arcas Vase is a small decorative bud vase with a rounded body and small mouth opening. The earthenware vessel is painted with a soft matte ivory finish, adding to its calming neutral look.",Elk Home,out_of_stock,assets\products\glam\board-4192177\product-glam-arcas-vase-small-07-01.jpg;assets\products\glam\board-4192177\product-glam-arcas-vase-small-07-02.jpg;assets\products\glam\board-4192177\product-glam-arcas-vase-small-07-03.jpg;assets\products\glam\board-4192177\product-glam-arcas-vase-small-07-04.jpg;assets\products\glam\board-4192177\product-glam-arcas-vase-small-07-05.jpg,https://havenly.com/products/details/Arcas-Vase-Small-Elk-Home-130254082,4192177
Ciro Vase - Small,Decor & Pillows,glam,Modern|Coastal|Glam|Transitional,$30,6.0 x 2.0 x 6.25,Earthenware,White,The Ciro Vase has a tubular body which curves around an open circle. The earthenware vase is painted on the diagonal with matte white and navy. A narrow mouth opening allows the slimmest of blooms.,Elk Home,out_of_stock,assets\products\glam\board-4192177\product-glam-ciro-vase-small-08-01.jpg;assets\products\glam\board-4192177\product-glam-ciro-vase-small-08-02.jpg;assets\products\glam\board-4192177\product-glam-ciro-vase-small-08-03.jpg;assets\products\glam\board-4192177\product-glam-ciro-vase-small-08-04.jpg;assets\products\glam\board-4192177\product-glam-ciro-vase-small-08-05.jpg,https://havenly.com/products/details/Ciro-Vase-Small-Elk-Home-130254081,4192177
Flounce Black Teak Decorative Bowl,Decor & Pillows,glam,Modern|Coastal|Glam|Transitional,"${'id': '47724084131', 'price': 71, '__typename': 'PriceModel'} (was $89.95)","12.3""Wx11.3""Dx6.3""H",NATURAL PLANT MATERIAL,Black,"Handcrafted by master woodworkers, sculptural bowl is made from the roots of teak trees sourced from Indonesia. Artisans carve the root by hand, following the wood's natural grain to reveal its rich patterning. The piece is then dried, sanded and coated with a blackened finish, resulting in an organically shaped decorative bowl that highlights the wood's natural beauty. CB2 exclusive.  -Handmade -Teak root with blackened finish -Characteristics of wood include variation in tone, natural knots an",CB2,in_stock,assets\products\glam\board-4192177\product-glam-flounce-black-teak-decorative-bowl-09-01.jpg;assets\products\glam\board-4192177\product-glam-flounce-black-teak-decorative-bowl-09-02.jpg;assets\products\glam\board-4192177\product-glam-flounce-black-teak-decorative-bowl-09-03.jpg;assets\products\glam\board-4192177\product-glam-flounce-black-teak-decorative-bowl-09-04.jpg;assets\products\glam\board-4192177\product-glam-flounce-black-teak-decorative-bowl-09-05.jpg,https://havenly.com/products/details/Flounce-Black-Teak-Decorative-Bowl-CB2-125795851,4192177
Potted Faux Agave Sisal Plant,Decor & Pillows,glam,Modern|Coastal|Glam|Transitional,"${'id': '47625377407', 'price': 64.47, '__typename': 'PriceModel'} (was $129)","23""Wx26""Dx24.5""H",PLASTIC,White,"A beloved succulent, without the maintenance. Created to look just like the real Central American plant, our artificial agave sisal has a sculptural presence in greys and greens tipped with rosy hues. The spiky, sword-shaped leaves form a tall rosette, rising from a modern white ceramic pot filled with faux soil. A Crate & Barrel exclusive, our potted agave sisal brings lively greenery to your home, no natural light or green thumb required.   • Ceramic pot  • Plastic and iron faux plant  • Faux ",Crate and Barrel,out_of_stock,assets\products\glam\board-4192177\product-glam-potted-faux-agave-sisal-plant-10-01.jpg;assets\products\glam\board-4192177\product-glam-potted-faux-agave-sisal-plant-10-02.jpg;assets\products\glam\board-4192177\product-glam-potted-faux-agave-sisal-plant-10-03.jpg,https://havenly.com/products/details/Potted-Faux-Agave-Sisal-Plant-Crate-and-Barrel-129793624,4192177
"Ankara Beige Indoor 5'3"" x 7' Machine Woven Rug",Rugs,glam,Modern|Coastal|Glam|Transitional,$207,"5'3"" x 7'3""",100% Polypropylene,"Pale Blue, Light Gray, Bright Blue, Ivory, Camel, Cream","Bring a touch of traditional charm to your living space with the Ankara Area Rug. This beautiful piece from Turkey features an updated traditional design that seamlessly blends old-world aesthetics with modern convenience. Its medium pile construction ensures durability, making it ideal for high traffic areas in your home. Made of premium polypropylene and machine-woven to perfection, this rug promises enduring appeal and is easy to maintain - simply spot clean with mild detergent when necessary",Surya,back_ordered,assets\products\glam\board-4192177\product-glam-ankara-beige-indoor-5-3-x-7-machine-woven-rug-01-01.jpg;assets\products\glam\board-4192177\product-glam-ankara-beige-indoor-5-3-x-7-machine-woven-rug-01-02.jpg;assets\products\glam\board-4192177\product-glam-ankara-beige-indoor-5-3-x-7-machine-woven-rug-01-03.jpg;assets\products\glam\board-4192177\product-glam-ankara-beige-indoor-5-3-x-7-machine-woven-rug-01-04.jpg;assets\products\glam\board-4192177\product-glam-ankara-beige-indoor-5-3-x-7-machine-woven-rug-01-05.jpg,https://havenly.com/products/details/Ankara-Beige-Indoor-5-3-x-7-Machine-Woven-Rug-Surya-63423072,4192177
"Possini Euro Ralston 14"" Antique Brass Modern Plug-In Picture Light",Lighting,glam,Modern|Coastal|Glam|Transitional,$119.99,"14"" wide x 4"" high. 2"" metal shade",Brass,Antique Brass,"Illuminate your favorite artwork, best photos and more with handsome picture lights. This 14"" wide design comes in a sleek antique brass finish for a classic look. In-line on/off switch. Plug-in style light. Easy installation.",Lamps Plus,out_of_stock,assets\products\glam\board-4192177\product-glam-possini-euro-ralston-14-antique-brass-modern-plug-in-picture-01-01.jpg,https://havenly.com/products/details/Possini-Euro-Ralston-14-Antique-Brass-Modern-Plug-In-Picture-Light-Lamps-Plus-48048414,4192177
"Possini Euro Milan 64"" Gold Finish Modern Floor Lamp with Marble Base",Lighting,glam,Modern|Coastal|Glam|Transitional,"${'id': '47722093517', 'price': 124.95, '__typename': 'PriceModel'} (was $249.99)","18"" Diameter x 64""","Brass, Marble",Gold,"Inspired by Italian lighting, this sleek and modern floor lamp is sure to brighten the style of any living area or bedroom. From the Possini Euro Design brand, the lamp features a real white marble accent at the bottom. The metal column is in a gold finish, while up top is a white linen drum shade. Twin light pulls give you easy lighting control.",Lamps Plus,in_stock,assets\products\glam\board-4192177\product-glam-possini-euro-milan-64-gold-finish-modern-floor-lamp-with-mar-02-01.jpg;assets\products\glam\board-4192177\product-glam-possini-euro-milan-64-gold-finish-modern-floor-lamp-with-mar-02-02.jpg;assets\products\glam\board-4192177\product-glam-possini-euro-milan-64-gold-finish-modern-floor-lamp-with-mar-02-03.jpg;assets\products\glam\board-4192177\product-glam-possini-euro-milan-64-gold-finish-modern-floor-lamp-with-mar-02-04.jpg,https://havenly.com/products/details/Possini-Euro-Milan-64-Gold-Finish-Modern-Floor-Lamp-with-Marble-Base-Lamps-Plus-85743661,4192177
Floating Abstract Art,Art & Mirrors,glam,Modern|Coastal|Glam|Transitional,$363,"29"" x 53""","Canvas, Wood","Blue, Gold, White","Contemporary In Design, This Hand Painted Abstract On Canvas Utilizes Bold Hues To Make A Statement. Shades Of Blue, Gold, Bronze And White Add A Glamorous Edge To This Artwork. Each Canvas Is Stretched And Attached To A Wooden Frame And Is Surrounded By A Petite, Gold Leaf Gallery Frame. Due To The Handcrafted Nature Of This Artwork, Each Piece May Have Subtle Differences.",Uttermost,out_of_stock,assets\products\glam\board-4192177\product-glam-floating-abstract-art-01-01.jpg;assets\products\glam\board-4192177\product-glam-floating-abstract-art-01-02.jpg;assets\products\glam\board-4192177\product-glam-floating-abstract-art-01-03.jpg;assets\products\glam\board-4192177\product-glam-floating-abstract-art-01-04.jpg;assets\products\glam\board-4192177\product-glam-floating-abstract-art-01-05.jpg,https://havenly.com/products/details/Floating-Abstract-Art-Uttermost-64029988,4192177
Memory Art Print,Art & Mirrors,glam,Modern|Coastal|Glam|Transitional,$237,"18"" x 24""","standard, Frame Type: Walnut Wood Frame","Blue, White, Gold",,Minted,in_stock,assets\products\glam\board-4192177\product-glam-memory-art-print-02-01.jpg,https://havenly.com/products/details/Memory-Art-Print-Minted-88307308,4192177
Merriton Desk PRE-ORDER FOR 12/2/24 BACK IN STOCK,Other,glam,Modern|Coastal|Glam|Transitional,$748,"31""H, 48""W, 18""D",Engineered hardwood desk with a polished lacquered finish Brass and lucite hardware,"White, Ivory","A harmonious pairing of gleaming brass and modern lucite accents punctuate the polished lacquer of our neatly proportioned Merriton collection. Featuring a streamlined, chamfered-edge silhouette, this desk introduces refined glamour to your home office or workspace. For product details, ordering assistance and more, please contact our furniture specialists. For aesthetic advice and tips to help decorate your space, enjoy our complimentary home styling services. Merriton Desk by Anthropologie in ",Anthropologie,out_of_stock,assets\products\glam\board-4192177\product-glam-merriton-desk-pre-order-for-12-2-24-back-in-stock-01-01.jpg,https://havenly.com/products/details/Merriton-Desk-PRE-ORDER-FOR-12-2-24-BACK-IN-STOCK-Anthropologie-136760432,4192177
Chantelle Modern Arched Bookshelf with Glass Doors,Other,glam,Modern|Coastal|Glam|Transitional,"${'id': '47633028375', 'price': 449.99, '__typename': 'PriceModel'} (was $646.2)","76"" H x 30"" L x 15"" W",Durable warp-resistant MDF and laminate,Black,"Elevate your space and add practical storage with this modern arched bookshelf. There’s a reason you’ve seen this show-stopper all over your favorite influencer’s stories. It’s a modern, unique piece that completes any space from the dining room to the home office. With five spacious shelves made from durable MDF, you’ll have plenty of room for storage and display. Place it in your dining room as a chic china cabinet, or display it in the living room for the world’s most beautiful book or toy st",Walker Edison,in_stock,assets\products\glam\board-4192177\product-glam-chantelle-modern-arched-bookshelf-with-glass-doors-02-01.jpg;assets\products\glam\board-4192177\product-glam-chantelle-modern-arched-bookshelf-with-glass-doors-02-02.jpg;assets\products\glam\board-4192177\product-glam-chantelle-modern-arched-bookshelf-with-glass-doors-02-03.jpg;assets\products\glam\board-4192177\product-glam-chantelle-modern-arched-bookshelf-with-glass-doors-02-04.jpg;assets\products\glam\board-4192177\product-glam-chantelle-modern-arched-bookshelf-with-glass-doors-02-05.jpg,https://havenly.com/products/details/Chantelle-Modern-Arched-Bookshelf-with-Glass-Doors-Walker-Edison-143311618,4192177
After the Storm Painting,Other,glam,Modern|Coastal|Glam|Transitional,$399,39.0 H x 39.0 W x 1.25 D in,canvas,blue/brown/gray,The magical cloud composition that happens after a summer storm is captured beautifully in this large-scale giclee on canvas. A stunningly serene composition in muted tones. Highlights are hand-embellished with touches of paint creating a rich texture and depth. The canvas is finished off beautifully with a slick modern gold frame. Birch Lane™,Birch Lane,out_of_stock,assets\products\glam\board-4192177\product-glam-after-the-storm-painting-03-01.jpg,https://havenly.com/products/details/After-the-Storm-Painting-Birch-Lane-132401528,4192177
"Secure Grip Rug Pad, 5' x 8', Rectangle",Other,glam,Modern|Coastal|Glam|Transitional,$70,5' x 8',100% PVC,n/a,"Enhance the comfort and security of your area rug with the Secure Grip Rug Pad. Ideal for hard surfaces, this PVC rug pad prevents slips and slides, keeping your rug firmly in place no matter how much traffic it sees. Not only does it offer superior grip, but it also adds an extra layer of cushioning underfoot for a softer step. With the Secure Grip Rug Pad, you'll enjoy a safer, more comfortable home environment. Transform any room into a cozy haven with this practical addition!",Surya,in_stock,assets\products\glam\board-4192177\product-glam-secure-grip-rug-pad-5-x-8-rectangle-04-01.jpg;assets\products\glam\board-4192177\product-glam-secure-grip-rug-pad-5-x-8-rectangle-04-02.jpg,https://havenly.com/products/groups/surya-13727-0-1030?vendorVariantId=20915067,4192177
Emielia Floating TV Stand with Electric Fireplace for TVs,Furniture,glam,Contemporary|Modern|Glam|Classic Contemporary,"${'id': '47500114254', 'price': 240, '__typename': 'PriceModel'} (was $330)","80""W x  13.8'' D X 14.8'' H",MDF,white,A floating design is more convenient to store items and easy to clean the corners.  mirrored electric fireplace insert with glossing floating media console combination features a modern and unique contemporary design for your living room or bedroom.,Wayfair,in_stock,assets\products\glam\board-4193251\product-glam-emielia-floating-tv-stand-with-electric-fireplace-for-tvs-01-01.jpg,https://havenly.com/products/details/Emielia-Floating-TV-Stand-with-Electric-Fireplace-for-TVs-Wayfair-133399539,4193251
"FAUX POTTED OLIVE TREE, 69""",Decor & Pillows,glam,Contemporary|Modern|Glam|Classic Contemporary,$675,"69""H",Tree,Green,"A symbol of peace, our Faux Potted Olive Tree brings that aesthetic straight to your home. Crafted after its spring-time form, its youthful branches and realistic detailing completes every home setting.",McGee & Co.,in_stock,assets\products\glam\board-4193251\product-glam-faux-potted-olive-tree-69-01-01.jpg;assets\products\glam\board-4193251\product-glam-faux-potted-olive-tree-69-01-02.jpg;assets\products\glam\board-4193251\product-glam-faux-potted-olive-tree-69-01-03.jpg;assets\products\glam\board-4193251\product-glam-faux-potted-olive-tree-69-01-04.jpg,https://havenly.com/products/details/FAUX-POTTED-OLIVE-TREE-69-McGee-Co-48259940,4193251
Adelina Velvet Pillow,Decor & Pillows,glam,Contemporary|Modern|Glam|Classic Contemporary,$58,22x22,"60% cotton, 40% viscose; feather fill",Teal,"Upgrade any seating area with this luxe, minimalist accent pillow. Adelina Velvet Pillow by Anthropologie in Blue, Size: 22 X 22, Cotton",Anthropologie,out_of_stock,assets\products\glam\board-4193251\product-glam-adelina-velvet-pillow-02-01.jpg;assets\products\glam\board-4193251\product-glam-adelina-velvet-pillow-02-02.jpg;assets\products\glam\board-4193251\product-glam-adelina-velvet-pillow-02-03.jpg;assets\products\glam\board-4193251\product-glam-adelina-velvet-pillow-02-04.jpg,https://havenly.com/products/details/Adelina-Velvet-Pillow-Anthropologie-64914880,4193251
Ren Large Pillow - Black Weave,Decor & Pillows,glam,Contemporary|Modern|Glam|Classic Contemporary,$59,20 x 20 x 2.25,"Fabric - 65% Wool, 35% Polyester, Polyester Filling",black,"Black and White Handwoven Pillow, Square, Coastal Design | Article Ren Modern Home Accessories & Decor. Don’t cross me. The Ren pillow features a beautiful top-stitched criss-cross pattern in white yarn. Subtle and sophisticated, the Ren brings a little pattern and interest to your sofa without taking over the space. The stuffed cotton shell is kept in place with a YYK zipper.",Article,in_stock,assets\products\glam\board-4193251\product-glam-ren-large-pillow-black-weave-03-01.jpg;assets\products\glam\board-4193251\product-glam-ren-large-pillow-black-weave-03-02.jpg;assets\products\glam\board-4193251\product-glam-ren-large-pillow-black-weave-03-03.jpg,https://havenly.com/products/groups/article-renpillow-9615?vendorVariantId=67758461,4193251
"Black Metal Planter with Stand, Set of 2",Decor & Pillows,glam,Contemporary|Modern|Glam|Classic Contemporary,$115,"15.25"" Diameter x 25.5""",Metal,Black,"This planter has a simple and modern chevron pattern. This set of two elegant planters with stands reflects minimalism, inspired by classic mid-century style. The matte black color fits to most home decor and can be paired with a variety of plants. This planter holds a 14"" pot, such as cactus, snake plants, ZZ plants, and more.",Bloomingville,back_ordered,assets\products\glam\board-4193251\product-glam-black-metal-planter-with-stand-set-of-2-04-01.jpg;assets\products\glam\board-4193251\product-glam-black-metal-planter-with-stand-set-of-2-04-02.jpg;assets\products\glam\board-4193251\product-glam-black-metal-planter-with-stand-set-of-2-04-03.jpg,https://havenly.com/products/details/Black-Metal-Planter-with-Stand-Set-of-2-Bloomingville-88390898,4193251
Potted Faux Pilea Plant in White Pot,Decor & Pillows,glam,Contemporary|Modern|Glam|Classic Contemporary,$99.95,"20""Wx20""Dx15""H",Plastic,Green,"Enjoy the many charms of the prized pilea plant, without the maintenance. Unparalleled in quality and skillfully crafted to look just like the real thing, our faux version captures the plant's effusive shower of glossy, disk-shaped leaves. A modern white ceramic pot with faux dirt completes the lifelike look. We love the way this faux potted plant instantly energizes a bookcase, coffee table or console with lush greenery.   • Polyfoam and plastic  • Contains 6% post-consumer recycled plastic  • ",Crate and Barrel,in_stock,assets\products\glam\board-4193251\product-glam-potted-faux-pilea-plant-in-white-pot-05-01.jpg;assets\products\glam\board-4193251\product-glam-potted-faux-pilea-plant-in-white-pot-05-02.jpg;assets\products\glam\board-4193251\product-glam-potted-faux-pilea-plant-in-white-pot-05-03.jpg,https://havenly.com/products/details/Potted-Faux-Pilea-Plant-in-White-Pot-Crate-and-Barrel-145073331,4193251
Quartz Black Indoor 8' x 10' Handmade Rug,Rugs,glam,Contemporary|Modern|Glam|Classic Contemporary,$1615,8' x 10',100% Viscose,"Black, Ivory","This modern Quartz area rug is the perfect addition to any home. Featuring a hand tufted construction from Viscose, this area rug offers a luxurious sheen and medium pile for added comfort. Made in India, this rug will bring a contemporary look to your living space. For best results, pair with a rug pad (not included). To clean, spot clean only. Bring an updated style to your home today with this quartz area rug!",Surya,in_stock,assets\products\glam\board-4193251\product-glam-quartz-black-indoor-8-x-10-handmade-rug-01-01.jpg;assets\products\glam\board-4193251\product-glam-quartz-black-indoor-8-x-10-handmade-rug-01-02.jpg;assets\products\glam\board-4193251\product-glam-quartz-black-indoor-8-x-10-handmade-rug-01-03.jpg;assets\products\glam\board-4193251\product-glam-quartz-black-indoor-8-x-10-handmade-rug-01-04.jpg;assets\products\glam\board-4193251\product-glam-quartz-black-indoor-8-x-10-handmade-rug-01-05.jpg,https://havenly.com/products/groups/surya-24368-0-2653?vendorVariantId=72843211,4193251
Cloud Organic Glass Globe Chandelier,Lighting,glam,Contemporary|Modern|Glam|Classic Contemporary,$1098,"Overall: 25.5""H, 53.25"" diameter Small Globes (3): 8"" diameter Large Globes (5): 10"" diameter Mounting Plate: 5"" diameter","Damp rated for installation in bathrooms, covered outdoor spaces, or other high-condensation areas Marbled glass, metal; champagne finish Hardwired for professional installation Includes mounting plate and pole kit Adjustable hanging height Eight light so",White - GOLD,"Organically shaped, marbled glass globes on a slim, champagne-finished frame create a fixture that feels as ethereal as cloud formations in the sky. This item is UL listed, meaning it has been tested and approved to meet the government-regulated safety standards for the USA. Use with electrical outlets 110-120v or lower, as anything higher can cause fire or injury. If you're purchasing this item for use outside of the United States, employ the adapter and voltage converter suited for your countr",Anthropologie,in_stock,assets\products\glam\board-4193251\product-glam-cloud-organic-glass-globe-chandelier-01-01.jpg;assets\products\glam\board-4193251\product-glam-cloud-organic-glass-globe-chandelier-01-02.jpg;assets\products\glam\board-4193251\product-glam-cloud-organic-glass-globe-chandelier-01-03.jpg;assets\products\glam\board-4193251\product-glam-cloud-organic-glass-globe-chandelier-01-04.jpg,https://havenly.com/products/details/Cloud-Organic-Glass-Globe-Chandelier-Anthropologie-87536715,4193251
Alongside Limited Edition Fine Art Print,Art & Mirrors,glam,Contemporary|Modern|Glam|Classic Contemporary,$785,40x54,"standard, Frame Type: white","orange, blue",Multi Photo Full Bleed from Minted designed by Patricia Vargas.,Minted,in_stock,assets\products\glam\board-4193251\product-glam-alongside-limited-edition-fine-art-print-01-01.jpg,https://havenly.com/products/details/Alongside-Limited-Edition-Fine-Art-Print-Minted-137654403,4193251
Handcarved Paje Bookcase,Other,glam,Contemporary|Modern|Glam|Classic Contemporary,"${'id': '47634420919', 'price': 1199.95, '__typename': 'PriceModel'} (was $1298)","70""H, 28""W, 18""D",Handcrafted tropical hardwood,blue,"Featuring optically intriguing crisscross markings in a rich indigo hue, our handcarved Paje collection is artfully timeless and modern at once. Anchored with cabinet storage, this elongated bookcase offers a globally inspired aesthetic for showcasing books, knick-knacks, and decorative treasures. For ordering assistance and more, please contact us For aesthetic advice and tips to help decorate your space, enjoy our complimentary home styling services For more information on the materials and te",Anthropologie,out_of_stock,assets\products\glam\board-4193251\product-glam-handcarved-paje-bookcase-01-01.jpg;assets\products\glam\board-4193251\product-glam-handcarved-paje-bookcase-01-02.jpg,https://havenly.com/products/details/Handcarved-Paje-Bookcase-Anthropologie-64915606,4193251
"Design (US) Gold Silver 13""X21"" Pillow",Other,glam,Contemporary|Modern|Glam|Classic Contemporary,$100,"13""X21""",100% Cotton,Gold Silver,"Soft and structured, the Nouveau collection blends Art Deco details and texture-building embroidery that is easy to mix and match with any style. The mustard yellow Colinet pillow boasts an embroidered diamond lattice design on the cotton velvet front.. Classic Comfort: made of 100% cotton. Zipper Closure: for versatility and easy care. Dimensions: measures 13""X21"". Backing: solid backing differs from front design",Jaipur Living,in_stock,assets\products\glam\board-4193251\product-glam-design-us-gold-silver-13-x21-pillow-02-01.jpg;assets\products\glam\board-4193251\product-glam-design-us-gold-silver-13-x21-pillow-02-02.jpg;assets\products\glam\board-4193251\product-glam-design-us-gold-silver-13-x21-pillow-02-03.jpg;assets\products\glam\board-4193251\product-glam-design-us-gold-silver-13-x21-pillow-02-04.jpg;assets\products\glam\board-4193251\product-glam-design-us-gold-silver-13-x21-pillow-02-05.jpg,https://havenly.com/products/details/Design-US-Gold-Silver-13-X21-Pillow-Jaipur-Living-85513390,4193251
Baskets,Other,glam,Contemporary|Modern|Glam|Classic Contemporary,"${'id': '47485508104', 'price': 58.81, '__typename': 'PriceModel'} (was $199.99)",17'' H X 17'' W X 17'' D,Wicker,Tan/Hunter Green,"Everyone needs extra storage for their odds and ends, so why not do it in style? Natural jute baskets are a must-have for a variety of spaces in your home. Sturdy jute handles allow you to tote this piece from room to room with ease. These oversized storage baskets allow for multiple items to be stored in one place with their depth and coiled height. This specific addition features colorful hues of dip-dyed baby blue and natural jute fibers in a two-toned color block design. The fun textured tas",Wayfair,in_stock,assets\products\glam\board-4193251\product-glam-baskets-03-01.jpg,https://havenly.com/products/details/Baskets-Wayfair-87942357,4193251
Aurora Gold Metal Taper Candle Holder - Medium,Other,glam,Contemporary|Modern|Glam|Classic Contemporary,$24,"Medium: 11.5""H, 2.5"" diameter",Metal,Gold,"Lend an ornate touch to a dining or living space with this candlestick, evoking the elegance of fairy tale balls. Aurora Gold Metal Taper Candle Holder by Anthropologie, Size: Medium",Anthropologie,out_of_stock,assets\products\glam\board-4193251\product-glam-aurora-gold-metal-taper-candle-holder-medium-04-01.jpg,https://havenly.com/products/details/Aurora-Gold-Metal-Taper-Candle-Holder-Medium-Anthropologie-118319557,4193251
Aurora Metal Taper Candle Holder,Other,glam,Contemporary|Modern|Glam|Classic Contemporary,$28,"Large: 15.25""H, 2.5"" diameter",Metal,Gold,"Lend an ornate touch to a dining or living space with this candlestick, evoking the elegance of fairy tale balls. Aurora Metal Taper Candle Holder by Anthropologie in Gold, Size: Largearge",Anthropologie,out_of_stock,assets\products\glam\board-4193251\product-glam-aurora-metal-taper-candle-holder-05-01.jpg,https://havenly.com/products/details/Aurora-Metal-Taper-Candle-Holder-Anthropologie-118319558,4193251
Talia Swirled Glass Semi-Flush Mount Pendant,Other,glam,Contemporary|Modern|Glam|Classic Contemporary,$1500,"17.75""H, 24"" diameter",Swirled glass; steel frame,Maize,"An array of cloud-like bulbs cluster together, resulting in a dramatic light fixture for living and dining rooms. This item is UL listed, meaning it has been tested and approved to meet the government-regulated safety standards for the USA. Use with electrical outlets 110-120v or lower, as anything higher can cause fire or injury. If you're purchasing this item for use outside of the United States, employ the adapter and voltage converter suited for your country. Talia Swirled Glass Semi-Flush M",Anthropologie,out_of_stock,assets\products\glam\board-4193251\product-glam-talia-swirled-glass-semi-flush-mount-pendant-06-01.jpg;assets\products\glam\board-4193251\product-glam-talia-swirled-glass-semi-flush-mount-pendant-06-02.jpg;assets\products\glam\board-4193251\product-glam-talia-swirled-glass-semi-flush-mount-pendant-06-03.jpg;assets\products\glam\board-4193251\product-glam-talia-swirled-glass-semi-flush-mount-pendant-06-04.jpg,https://havenly.com/products/details/Talia-Swirled-Glass-Semi-Flush-Mount-Pendant-Anthropologie-126572172,4193251
"Raffael 39"" Grey Wash Wood Bar Cabinet with Storage",Other,glam,Contemporary|Modern|Glam|Classic Contemporary,$1999,"39""Wx20""Dx43""H",WOOD,Grey,"A carved honeycomb pattern wraps Raffael's grey-washed exterior in conversation-sparking texture and dimension. Crafted of renewable solid mango wood, from trees no longer producing fruit, each facet of the intricately carved door fronts highlights the wood's lively grain. Set on a minimalist base of gunmetal-finished iron, the cabinet makes a sculptural addition to a living room or study. Open the doors and Raffael is ready for cocktail hour, with room to store bottles and bar tools plus a rack",Crate and Barrel,in_stock,assets\products\glam\board-4193251\product-glam-raffael-39-grey-wash-wood-bar-cabinet-with-storage-07-01.jpg;assets\products\glam\board-4193251\product-glam-raffael-39-grey-wash-wood-bar-cabinet-with-storage-07-02.jpg;assets\products\glam\board-4193251\product-glam-raffael-39-grey-wash-wood-bar-cabinet-with-storage-07-03.jpg;assets\products\glam\board-4193251\product-glam-raffael-39-grey-wash-wood-bar-cabinet-with-storage-07-04.jpg;assets\products\glam\board-4193251\product-glam-raffael-39-grey-wash-wood-bar-cabinet-with-storage-07-05.jpg,https://havenly.com/products/details/Raffael-39-Grey-Wash-Wood-Bar-Cabinet-with-Storage-Crate-and-Barrel-130266064,4193251
"Venezia Amber Brown Glass Taper Candle Holders, Set of 3",Other,glam,Contemporary|Modern|Glam|Classic Contemporary,"${'id': '47670786312', 'price': 25.91, '__typename': 'PriceModel'} (was $51.85)","3.5"" dia. x 8.86""H, 3.5"" dia. x 11.5""H, 3.5"" dia. x 13.78""H",Glass,Brown,"Inspired by mid-century modern glassware, our Venezia candle holders support elongated bubbles on slender stems for a sculptural yet playful silhouette. Crafted of translucent amber glass for a vintage look, these three candlesticks support tapers or double as bud vases. We love to layer botanicals with candlelight in a bountiful display. Mix and match our exclusive Venezia candle holders in various heights and hues to create an extravagant effect on your dining table or mantel.     Borosilicate",Crate and Barrel,out_of_stock,assets\products\glam\board-4193251\product-glam-venezia-amber-brown-glass-taper-candle-holders-set-of-3-08-01.jpg;assets\products\glam\board-4193251\product-glam-venezia-amber-brown-glass-taper-candle-holders-set-of-3-08-02.jpg;assets\products\glam\board-4193251\product-glam-venezia-amber-brown-glass-taper-candle-holders-set-of-3-08-03.jpg,https://havenly.com/products/details/Venezia-Amber-Brown-Glass-Taper-Candle-Holders-Set-of-3-Crate-and-Barrel-132097875,4193251
See Through Black Oak by FH Art Studio - Black,Other,glam,Contemporary|Modern|Glam|Classic Contemporary,$1249,72.0 x 2.5 x 32.0,"Tape, Vertical Grain White Oak, Acrylic Glazing","Black, Vertical Grain 2.5 White Oak, Clear Acrylic","Paper cutouts on top of a printed linen backer add layers of color and texture to this piece and any space. If not currently in stock, this piece ships within three weeks. Designed by Four Hands Art Studio and handmade in Austin, Texas.",Four Hands,in_stock,assets\products\glam\board-4193251\product-glam-see-through-black-oak-by-fh-art-studio-black-09-01.jpg;assets\products\glam\board-4193251\product-glam-see-through-black-oak-by-fh-art-studio-black-09-02.jpg;assets\products\glam\board-4193251\product-glam-see-through-black-oak-by-fh-art-studio-black-09-03.jpg;assets\products\glam\board-4193251\product-glam-see-through-black-oak-by-fh-art-studio-black-09-04.jpg;assets\products\glam\board-4193251\product-glam-see-through-black-oak-by-fh-art-studio-black-09-05.jpg,https://havenly.com/products/details/See-Through-Black-Oak-by-FH-Art-Studio-Black-Four-Hands-139389293,4193251
"94"" L x 24"" W Acoustic Wood Wall Paneling, 3D Slat Wood Wall Panels",Other,glam,Contemporary|Modern|Glam|Classic Contemporary,"${'id': '47701357046', 'price': 113.99, '__typename': 'PriceModel'} (was $113.99)","94"" L x 24""",Wood,Light Gray/Walnut,"Enhance your space with our acoustic slat paneling for walls and ceilings. This listing includes 1 panel measuring out to 94 inches x 24 inches. The panels are made from veneered lamellas on the bottom of a specially developed acoustic felt created from recycled material. The handcrafted panels are not only designed to fit in with the latest trends but are also easy to install on your wall or ceiling. They help to create an environment that is not only quiet but beautifully contemporary, soothin",Wayfair,in_stock,assets\products\glam\board-4193251\product-glam-94-l-x-24-w-acoustic-wood-wall-paneling-3d-slat-wood-wall-pa-10-01.jpg;assets\products\glam\board-4193251\product-glam-94-l-x-24-w-acoustic-wood-wall-paneling-3d-slat-wood-wall-pa-10-02.jpg,https://havenly.com/products/details/94-L-x-24-W-Acoustic-Wood-Wall-Paneling-3D-Slat-Wood-Wall-Panels-Wayfair-143474483,4193251
Odetta Nightstand,Furniture,glam,Contemporary|Classic|Glam|Parisian Modern,"${'id': '47660500434', 'price': 599.95, '__typename': 'PriceModel'} (was $898)","Overall: 29""H, 23""W, 18""D",wood,Black,"With an elevated grasscloth-inspired texture throughout, our Odetta collection is accented with elliptical brass and lucite knobs etched with the same fine detail as reflected in its veneer. Fit with ample storage, this transitional nightstand is a welcome addition to any bedside. About Tracey Boyd Whether drawing inspiration from her extensive travels or tapping into her background in fashion, Tracey Boyd's furniture collections for Anthropologie exude an expertise in color, craftsmanship, and ",Anthropologie,out_of_stock,assets\products\glam\board-4194702\product-glam-odetta-nightstand-01-01.jpg,https://havenly.com/products/details/Odetta-Nightstand-Anthropologie-85583415,4194702
Paris Modern Scandinavian Reeded Dresser,Furniture,glam,Contemporary|Classic|Glam|Parisian Modern,"${'id': '47703873630', 'price': 440.99, '__typename': 'PriceModel'} (was $613)","35.38"" H x 56"" L x 15.75"" W","Powder-coated steel, Warp-resistant MDF, Durable laminate",Coastal Oak,"Bring the mid-century Scandinavian look into your home with this Paris Collection. The warp-resistant and durable materials ensure your dresser or nightstand will hold up to everyday use, while the Scandinavian reeded wood drawer fronts add a unique detail that elevates the design. Tab pulls and metal drawer slides make it easy to open and close drawers smoothly, and the spacious top is a great place to display art or place a lamp. Requires assembly.",Walker Edison,out_of_stock,assets\products\glam\board-4194702\product-glam-paris-modern-scandinavian-reeded-dresser-02-01.jpg;assets\products\glam\board-4194702\product-glam-paris-modern-scandinavian-reeded-dresser-02-02.jpg;assets\products\glam\board-4194702\product-glam-paris-modern-scandinavian-reeded-dresser-02-03.jpg;assets\products\glam\board-4194702\product-glam-paris-modern-scandinavian-reeded-dresser-02-04.jpg,https://havenly.com/products/details/Paris-Modern-Scandinavian-Reeded-Dresser-Walker-Edison-137263746,4194702
Tucson Geometric Gray Area Rug,Rugs,glam,Contemporary|Classic|Glam|Parisian Modern,"${'id': '47656214086', 'price': 235.44, '__typename': 'PriceModel'} (was $598)",Rectangle 8' x 10',polypropylene,Gray / Silver / Orange,"Bring home the windswept beauty of the American Southwest with this rug. Combining earthy hues inspired by the desert landscape with geometric and abstract patterns, this collection brings out the mystical quality of the Old West while still maintaining a place in any modern home. The thick 1"" - high polypropylene pile is plush while remaining easy to clean, making it ideal for low-to-medium-traffic areas like the living room or bedroom. Alternating high and low sections create a unique textured",Wayfair,in_stock,assets\products\glam\board-4194702\product-glam-tucson-geometric-gray-area-rug-01-01.jpg,https://havenly.com/products/details/Tucson-Geometric-Gray-Area-Rug-Wayfair-87882701,4194702
"22"" Hinkley Eli Heritage Brass LED Fandelier Ceiling Fan with Remote",Lighting,glam,Contemporary|Classic|Glam|Parisian Modern,"${'id': '47659753358', 'price': 559, '__typename': 'PriceModel'} (was $699)","22"" wide. 12"" blade span. 20-degree blade pitch",-,Three heritage brass finish blades. Heritage brass finish motor. Matte Black finish outer frame.,"Impress guests to your home with the modern industrial charm of the Eli collection of fandelier ceiling fans, from Hinkley. Perfect for any indoor space, this ceiling fan comes with three heritage brass finish blades to pair with the heritage brass finish motor. A matte black finish outer band completes the look. Four LED bulbs add additional ambient illumination, and can be controlled with the included HIRO wall mount control that configures to a hand-held remote. The Eli collection is rated fo",Lamps Plus,in_stock,assets\products\glam\board-4194702\product-glam-22-hinkley-eli-heritage-brass-led-fandelier-ceiling-fan-with-01-01.jpg;assets\products\glam\board-4194702\product-glam-22-hinkley-eli-heritage-brass-led-fandelier-ceiling-fan-with-01-02.jpg,https://havenly.com/products/details/22-Hinkley-Eli-Heritage-Brass-LED-Fandelier-Ceiling-Fan-with-Remote-Lamps-Plus-152318138,4194702
Rhodes Cinnamon Velvet 70 inch Floor Mirror,Art & Mirrors,glam,Contemporary|Classic|Glam|Parisian Modern,"${'id': '47670161139', 'price': 315, '__typename': 'PriceModel'} (was $449)","Width: 30"" Depth: 1.6"" Height: 70.3""","Glass, MDF, Velvet",Cinnamon,"Step into style with the Rhodes Velvet 70"" Floor Mirror, a luxuriously plush statement piece designed for the fashion-forward. Wrapped seamlessly in sumptuous velvet that boasts a delicate cotton-like pile, this oversized mirror echoes the chic retro vibes of today's trendsetting aesthetics. Available in Cream and Cinnamon.Product Dimensions: 30""W x 1.6""D x 70.3""HUpholstered in soft textured velvetAvailable in two trendy color optionsMirror dimensions are 23.5""W x 64""HShips fully assembledSkillf",TOV FURNITURE,out_of_stock,assets\products\glam\board-4194702\product-glam-rhodes-cinnamon-velvet-70-inch-floor-mirror-01-01.jpg;assets\products\glam\board-4194702\product-glam-rhodes-cinnamon-velvet-70-inch-floor-mirror-01-02.jpg,https://havenly.com/products/details/Rhodes-Cinnamon-Velvet-70-inch-Floor-Mirror-TOV-FURNITURE-149970471,4194702
Teemo Bronze Table Lamp,Other,glam,Contemporary|Classic|Glam|Parisian Modern,"${'id': '47680892360', 'price': 299.97, '__typename': 'PriceModel'} (was $449)","20""Wx20""Dx27""H",Aluminum,Bronze Metallic,Minimalist cast metal table lamp from Aguirre Design makes a sculptural statement. Gently rounded edges soften the silhouette while the lustrous bronze finish reflects the light from above for a warm glow. CB2 exclusive.     Designed by Aguirre Design  Cast aluminum base with antiqued bronze finish  White linen tapered shade  Variation in the antiqued finish is to be expected; each will be unique  Accommodates one E26 base incandescent bulb or one LED bulb (not included)  Black cord  UL Listed  ,CB2,out_of_stock,assets\products\glam\board-4194702\product-glam-teemo-bronze-table-lamp-01-01.jpg;assets\products\glam\board-4194702\product-glam-teemo-bronze-table-lamp-01-02.jpg;assets\products\glam\board-4194702\product-glam-teemo-bronze-table-lamp-01-03.jpg,https://havenly.com/products/details/Teemo-Bronze-Table-Lamp-CB2-139946872,4194702
Interlock XL Lumbar Pillow,Other,glam,Contemporary|Classic|Glam|Parisian Modern,$110,48x12,-,Black,"Inspired by the classic cabana stripe motif, our newest Interlock XL Lumbar Pillow brings a fresh twist to the timeless style. With its oversized length, this pillow is the perfect accent for the width of your bed or couch. Anchal on-chal is an award-winning, social enterprise that uses design thinking to create innovative products and sustainable employment for exploited women worldwide. The contemporary geometric designs are defined by sophisticated patchwork and aggregated stitch patterns, re",Anthropologie,out_of_stock,assets\products\glam\board-4194702\product-glam-interlock-xl-lumbar-pillow-02-01.jpg,https://havenly.com/products/details/Interlock-XL-Lumbar-Pillow-Anthropologie-142852434,4194702
"Lubek 69.25"" Outdoor Low Left Chaise Lounge - Slate Gray",Furniture,glam,Modern|Glam|Transitional,$999,22 x 32.75 x 69.25,"Acacia, steel, foam, polyester fiber. Fabric: 100% Polyester",Slate Gray,"Black Outdoor Left Chaise Lounger, Solid Wood, Weather-Resistent Cushions, Refined Industrial Design | Article Lubek Modern Outdoor Furniture. Stay a while. The Lubek chaise is built from a solid acacia wood base. The sofa is set close to the ground, encouraging you to really sink into (or even lie down on) those weather-resistant cushions. Dark cushions and super clean lines add to the Lubek’s modern look, while the warmth of the acacia wood makes the sofa easy to pair with any backyard set up.",Article,in_stock,assets\products\glam\board-4195020\product-glam-lubek-69-25-outdoor-low-left-chaise-lounge-slate-gray-01-01.jpg,https://havenly.com/products/groups/article-lubekchaise-lounge-9509?vendorVariantId=139354620,4195020
"Outdoor 14"" x 20"" Lumbar Pillow, Lavender Million Flowers, 14"" x 20""",Furniture,glam,Modern|Glam|Transitional,$65,"14""H x 20""W x 2""D",Construction - 100% Polyester insert. Fabric - 100% Polyester.,Yellow,"Effortlessly add color or pattern to your outdoor space with our signature lumbar throw pillows. Includes insert. Printed spun poly, engineered to be water and mildew resistant. We recommend not leaving this product in direct sunlight for an extended amount of time to preserve its beauty Lavender Million Flowers: Happiness is…one million flowers. Wild, leafy and optimistic. The whole spectrum of color. Composition: 100% Spun Polyester, water and mildew resistant",The Inside,in_stock,assets\products\glam\board-4195020\product-glam-outdoor-14-x-20-lumbar-pillow-lavender-million-flowers-14-x--02-01.jpg;assets\products\glam\board-4195020\product-glam-outdoor-14-x-20-lumbar-pillow-lavender-million-flowers-14-x--02-02.jpg,https://havenly.com/products/details/Outdoor-14-x-20-Lumbar-Pillow-Lavender-Million-Flowers-14-x-20-The-Inside-141690204,4195020
Riva Outdoor Accent Chair,Furniture,glam,Modern|Glam|Transitional,$1900,"29"" W x 33"" D x 31.5"" H",Wood,Canvas,"Outdoor Care Tips:          Do not leave spills unattended.    Do not use abrasive cleaners.    We recommend using outdoor furniture covers.    Store cushions when not in use; Ensure fabric and furniture are dry before storing to avoid mildew.    Do not let pieces sit in standing water.  Make your outdoor space just as stylish as your living room with our Riva collection. Featuring a weather-resistant teak wood frame, removable outdoor foam cushions, and multiple performance fabric options, the ",Interior Define,in_stock,assets\products\glam\board-4195020\product-glam-riva-outdoor-accent-chair-03-01.jpg;assets\products\glam\board-4195020\product-glam-riva-outdoor-accent-chair-03-02.jpg;assets\products\glam\board-4195020\product-glam-riva-outdoor-accent-chair-03-03.jpg;assets\products\glam\board-4195020\product-glam-riva-outdoor-accent-chair-03-04.jpg;assets\products\glam\board-4195020\product-glam-riva-outdoor-accent-chair-03-05.jpg,https://havenly.com/products/details/Riva-Outdoor-Accent-Chair-Interior-Define-142800484,4195020
Riva Outdoor 3-Seat Sofa,Furniture,glam,Modern|Glam|Transitional,$4530,Width: 96'' x Depth: 33'' x Height: 31.5'',Performance Outdoor,Canvas,"Make your outdoor space just as stylish as your living room with our Riva collection. Featuring a weather-resistant teak wood frame, removable outdoor foam cushions, and multiple performance fabric options, the Riva is just as functional as it is stylish. Bring it home in a loveseat, sofa, accent chair, or ottoman. Outdoor Care Tips:          Do not leave spills unattended.    Do not use abrasive cleaners.    We recommend using outdoor furniture covers.    Ensure fabric and furniture are dry bef",Interior Define,in_stock,assets\products\glam\board-4195020\product-glam-riva-outdoor-3-seat-sofa-04-01.jpg;assets\products\glam\board-4195020\product-glam-riva-outdoor-3-seat-sofa-04-02.jpg;assets\products\glam\board-4195020\product-glam-riva-outdoor-3-seat-sofa-04-03.jpg;assets\products\glam\board-4195020\product-glam-riva-outdoor-3-seat-sofa-04-04.jpg;assets\products\glam\board-4195020\product-glam-riva-outdoor-3-seat-sofa-04-05.jpg,https://havenly.com/products/details/Riva-Outdoor-3-Seat-Sofa-Interior-Define-143188204,4195020
Playa Grey Terrazzo Indoor/Outdoor Ball Large,Decor & Pillows,glam,Modern|Glam|Transitional,"${'id': '47723771883', 'price': 69.95, '__typename': 'PriceModel'} (was $69.95)","""15""""Wx15""""Dx15""""H""",Stone/resin blend,grey,"Poly resin and stone mix to create the speckled tones and textures of this large grey garden sphere. Chic alone, extra fun in multiples. Pairs with Playa Ivory Small Terrazzo Ball. CB2 exclusive.     Stone/resin blend  Each piece will vary  Outdoor-safe; cover or store indoors during winter and extreme weather  Made in Vietnam Playa Grey Terrazzo Indoor/Outdoor Ball Large",CB2,out_of_stock,assets\products\glam\board-4195020\product-glam-playa-grey-terrazzo-indoor-outdoor-ball-large-01-01.jpg;assets\products\glam\board-4195020\product-glam-playa-grey-terrazzo-indoor-outdoor-ball-large-01-02.jpg;assets\products\glam\board-4195020\product-glam-playa-grey-terrazzo-indoor-outdoor-ball-large-01-03.jpg;assets\products\glam\board-4195020\product-glam-playa-grey-terrazzo-indoor-outdoor-ball-large-01-04.jpg;assets\products\glam\board-4195020\product-glam-playa-grey-terrazzo-indoor-outdoor-ball-large-01-05.jpg,https://havenly.com/products/details/Playa-Grey-Terrazzo-Indoor-Outdoor-Ball-Large-CB2-20721587,4195020
Playa Ivory Terrazzo Indoor/Outdoor Ball Small,Decor & Pillows,glam,Modern|Glam|Transitional,$49.95,"""12.75""""Wx12.75""""Dx12.75""""H""",Stone/resin blend,White,"Poly resin and stone mix to create the speckled tones and textures of this small ivory garden sphere. Chic alone, extra fun in multiples. Pairs with Playa Grey Large Terrazzo Ball. CB2 exclusive.     Stone/resin blend  Each piece will vary  Outdoor-safe; cover or store indoors during winter and extreme weather  Made in Vietnam Playa Ivory Terrazzo Indoor/Outdoor Ball Small",CB2,out_of_stock,assets\products\glam\board-4195020\product-glam-playa-ivory-terrazzo-indoor-outdoor-ball-small-02-01.jpg;assets\products\glam\board-4195020\product-glam-playa-ivory-terrazzo-indoor-outdoor-ball-small-02-02.jpg;assets\products\glam\board-4195020\product-glam-playa-ivory-terrazzo-indoor-outdoor-ball-small-02-03.jpg;assets\products\glam\board-4195020\product-glam-playa-ivory-terrazzo-indoor-outdoor-ball-small-02-04.jpg;assets\products\glam\board-4195020\product-glam-playa-ivory-terrazzo-indoor-outdoor-ball-small-02-05.jpg,https://havenly.com/products/details/Playa-Ivory-Terrazzo-Indoor-Outdoor-Ball-Small-CB2-20721681,4195020
Elis Indoor/ Outdoor Striped Light Gray/ Ivory Area Rug (10'X14'),Rugs,glam,Modern|Glam|Transitional,$1255.45,10'X14',100% Polyester,Light Gray Ivory,"Clean-lined and contemporary, the Morae collection offers simple sophistication to both indoor and outdoor spaces. The Elis area rug offers a delicate stripe pattern in on-trend hues of gray and ivory. The 100% polyester make creates a kid and pet friendly accent piece. This handwoven rug fits easily in high traffic areas like patios, laundry rooms, kitchens, living rooms, entryways, or halls.. High-Performance Style: this indoor/outdoor rug is specifically designed to tolerate outdoor elements ",Jaipur Living,out_of_stock,assets\products\glam\board-4195020\product-glam-elis-indoor-outdoor-striped-light-gray-ivory-area-rug-10-x14-01-01.jpg;assets\products\glam\board-4195020\product-glam-elis-indoor-outdoor-striped-light-gray-ivory-area-rug-10-x14-01-02.jpg;assets\products\glam\board-4195020\product-glam-elis-indoor-outdoor-striped-light-gray-ivory-area-rug-10-x14-01-03.jpg;assets\products\glam\board-4195020\product-glam-elis-indoor-outdoor-striped-light-gray-ivory-area-rug-10-x14-01-04.jpg;assets\products\glam\board-4195020\product-glam-elis-indoor-outdoor-striped-light-gray-ivory-area-rug-10-x14-01-05.jpg,https://havenly.com/products/details/Elis-Indoor-Outdoor-Striped-Light-Gray-Ivory-Area-Rug-10-X14-Jaipur-Living-107556563,4195020
"65"" Casa Vieja Ultra Breeze Black Wet LED Ceiling Fan with Remote",Lighting,glam,Modern|Glam|Transitional,$499.99,"65"" blade span. 25-degree blade pitch. DC-165 mm motor size. Canopy is 6"" wide. Maximum 20-degree ceiling slope with included canopy.",Stamped Steel,black,"Versatility and function are the hallmarks of the Ultra Breeze collection of large outdoor ceiling fans from Casa Vieja. The classic matte black finish motor and six matte black finish molded ABS blades offer a touch of class to this sturdy wet rated indoor/outdoor ceiling fan. The integrated LED module provides additional ambient illumination through an etched opal glass diffuser. Control the Ultra Breeze ceiling fan with the included 6-speed full-function hand-held remote control, perfect for ",Lamps Plus,in_stock,assets\products\glam\board-4195020\product-glam-65-casa-vieja-ultra-breeze-black-wet-led-ceiling-fan-with-re-01-01.jpg;assets\products\glam\board-4195020\product-glam-65-casa-vieja-ultra-breeze-black-wet-led-ceiling-fan-with-re-01-02.jpg;assets\products\glam\board-4195020\product-glam-65-casa-vieja-ultra-breeze-black-wet-led-ceiling-fan-with-re-01-03.jpg;assets\products\glam\board-4195020\product-glam-65-casa-vieja-ultra-breeze-black-wet-led-ceiling-fan-with-re-01-04.jpg;assets\products\glam\board-4195020\product-glam-65-casa-vieja-ultra-breeze-black-wet-led-ceiling-fan-with-re-01-05.jpg,https://havenly.com/products/details/65-Casa-Vieja-Ultra-Breeze-Black-Wet-LED-Ceiling-Fan-with-Remote-Lamps-Plus-148138570,4195020
Playa Black Terrazzo Indoor/Outdoor Ball Extra Large,Other,glam,Modern|Glam|Transitional,$99.95,"17.25""Wx17.25""Dx17.25""H",resin,black,"Poly resin and stone mix to create the speckled tones and textures of this extra large black garden sphere. Chic alone, extra fun in multiples. Pairs with Playa Ivory Small and Grey Large Terrazzo Balls. CB2 exclusive.     Stone/resin blend  Each will vary in color  Clean with a soft, damp cloth  Outdoor-safe; cover or store indoors during winter and extreme weather  Made in Vietnam Playa Black Terrazzo Indoor/Outdoor Ball Extra Large",CB2,out_of_stock,assets\products\glam\board-4195020\product-glam-playa-black-terrazzo-indoor-outdoor-ball-extra-large-01-01.jpg;assets\products\glam\board-4195020\product-glam-playa-black-terrazzo-indoor-outdoor-ball-extra-large-01-02.jpg;assets\products\glam\board-4195020\product-glam-playa-black-terrazzo-indoor-outdoor-ball-extra-large-01-03.jpg;assets\products\glam\board-4195020\product-glam-playa-black-terrazzo-indoor-outdoor-ball-extra-large-01-04.jpg;assets\products\glam\board-4195020\product-glam-playa-black-terrazzo-indoor-outdoor-ball-extra-large-01-05.jpg,https://havenly.com/products/details/Playa-Black-Terrazzo-Indoor-Outdoor-Ball-Extra-Large-CB2-54627854,4195020
Bizerte Outdoor Chaise Lounge,Other,glam,Modern|Glam|Transitional,$1599,"78.75""Wx42""Dx19.5""H",Frame: mahogany wood and aluminum FSC-certified wood Cushions: 100% polyester with black and white piping,Beige/Teak,"Matte black aluminum pipe frame, midtone mahogany platform and cushion for days. Brett Beldock's low-profile chaise lounge is made for relaxing. Chic down to the details with black and white striped piping and a round back/head pillow. We're in love. Learn more about Brett Beldock on our blog. CB2 exclusive.  -Designed by Brett Beldock -Frame: mahogany wood and aluminum -FSC r-certified wood frame -Cushions: 100% polyester with black and white piping -Clean with a soft, dry or damp cloth; no abr",CB2,in_stock,assets\products\glam\board-4195020\product-glam-bizerte-outdoor-chaise-lounge-02-01.jpg;assets\products\glam\board-4195020\product-glam-bizerte-outdoor-chaise-lounge-02-02.jpg;assets\products\glam\board-4195020\product-glam-bizerte-outdoor-chaise-lounge-02-03.jpg;assets\products\glam\board-4195020\product-glam-bizerte-outdoor-chaise-lounge-02-04.jpg;assets\products\glam\board-4195020\product-glam-bizerte-outdoor-chaise-lounge-02-05.jpg,https://havenly.com/products/details/Bizerte-Outdoor-Chaise-Lounge-CB2-54627888,4195020
Vetro 8-Wick Green Glass Citronella Candle,Other,glam,Modern|Glam|Transitional,"${'id': '47684946877', 'price': 64.97, '__typename': 'PriceModel'} (was $129)","11""Wx3""H",WAX,Clear,"Enhance your outdoor meals and alfresco cocktail hours with our Vetro citronella candle. Inspired by sea glass, the green hand-blown vessel brings the beauty of the beach home, with organic edges that enhance the look of a found object. Light the eight-wick candle to waft the fresh herbal, citrusy scent over your summer tablescape, or arrange a few on your outdoor coffee table to uplift a leisurely lounge area.     Citrus/herbal scent  Hand-blown glass vessel  Paraffin wax  204.5 oz.  Approx. bu",Crate and Barrel,out_of_stock,assets\products\glam\board-4195020\product-glam-vetro-8-wick-green-glass-citronella-candle-03-01.jpg;assets\products\glam\board-4195020\product-glam-vetro-8-wick-green-glass-citronella-candle-03-02.jpg,https://havenly.com/products/details/Vetro-8-Wick-Green-Glass-Citronella-Candle-Crate-and-Barrel-130837423,4195020
Caine Outdoor Side Table,Other,glam,Modern|Glam|Transitional,$349,"• Overall: 18"" Dia. x 18"" H",Concrete,Gray,"Crafted from fiber cement, the Caine Outdoor Side Table is an all-weather piece with a minimal yet impactful look. Hollowed in the center to create portability, our high-quality fiber cement has the look and feel of concrete, bringing a modern touch to your outdoor lounge design.",McGee & Co.,in_stock,assets\products\glam\board-4195020\product-glam-caine-outdoor-side-table-04-01.jpg;assets\products\glam\board-4195020\product-glam-caine-outdoor-side-table-04-02.jpg;assets\products\glam\board-4195020\product-glam-caine-outdoor-side-table-04-03.jpg,https://havenly.com/products/details/Caine-Outdoor-Side-Table-McGee-Co-131294066,4195020
Marram Ribbed White Indoor Planter Large,Other,glam,Modern|Glam|Transitional,"${'id': '47677758260', 'price': 69.99, '__typename': 'PriceModel'} (was $99.95)","12.5""Wx12.5""Dx12""H",Earthenware,White,"Shaped by hand using clay sourced from the Philippines, large white indoor planter is a crisp complement to houseplants. Vertical line patterns create a ribbed texture that has an artisanal, fully modern feel. CB2 exclusive.     Earthenware with water-based paint  Indoor use only  Watertight  Clean with a soft cloth  Made in The Philippines Marram Ribbed White Indoor Planter Large",CB2,out_of_stock,assets\products\glam\board-4195020\product-glam-marram-ribbed-white-indoor-planter-large-05-01.jpg,https://havenly.com/products/details/Marram-Ribbed-White-Indoor-Planter-Large-CB2-132448397,4195020
"Ortice Round Black Resin Indoor/Outdoor Large Planter 26""H",Other,glam,Modern|Glam|Transitional,"${'id': '47715959479', 'price': 104.97, '__typename': 'PriceModel'} (was $269)","18.9""Wx18.9""Dx25.98""H",Stone/Cement,Black,"Designed by Studio ANANSI, round black planter adds a modern touch to indoor or outdoor displays. CB2 exclusive.  -Designed by Studio ANANSI -Polyresin -Includes drainage hole with plug -Outdoor-safe; cover or store indoors during inclement weather and when not in use -Made in Vietnam Ortice Round Black Resin Indoor/Outdoor Large Planter 26""H",CB2,in_stock,assets\products\glam\board-4195020\product-glam-ortice-round-black-resin-indoor-outdoor-large-planter-26-h-06-01.jpg,https://havenly.com/products/groups/cb2-34002-146748?vendorVariantId=139143241,4195020
Mallorca Wood Right-Arm Outdoor Chaise Lounge with Ivory Cushions,Other,glam,Modern|Glam|Transitional,$2349,"47""Wx71""Dx23.8""H",Wood,Natural,"Settle into the enduring coastal comfort of Mallorca. Designed to last season after season, the sectional showcases the long-lasting durability and natural beauty of eucalyptus wood, which has been painted and wirebrushed to resemble naturally weathered driftwood. The linear frame's modern lines and bold geometry feature wide arms and a plinth base for a contemporary look. Soft-yet-supportive cushions are covered in outdoor-friendly ivory fabric or your choice of colors in performance Sunbrella ",Crate and Barrel,in_stock,assets\products\glam\board-4195020\product-glam-mallorca-wood-right-arm-outdoor-chaise-lounge-with-ivory-cus-07-01.jpg;assets\products\glam\board-4195020\product-glam-mallorca-wood-right-arm-outdoor-chaise-lounge-with-ivory-cus-07-02.jpg,https://havenly.com/products/groups/crate-and-barrel-1025437-108744?vendorVariantId=139353580,4195020
"Pebble Charcoal Concrete 59"" Oval Indoor/Outdoor Coffee Table by Leanne Ford",Other,glam,Modern|Glam|Transitional,$1199,"59.2""Wx37.04""Dx14""H",Stone/Cement,Grey,"Cement finds its sculptural side in our Pebble coffee table. The organically shaped table made of a mix of cement, fiberglass and sand resembles a huge black river rock burnished smooth and sleek. Don't be surprised to discover intriguing pin holes, mold impressions, water spots and color swirls that are desired qualities inherent to the curing process. Our exclusive Pebble coffee table makes a striking contemporary statement indoors or out.Our hit collaboration with designer Leanne Ford continu",Crate and Barrel,in_stock,assets\products\glam\board-4195020\product-glam-pebble-charcoal-concrete-59-oval-indoor-outdoor-coffee-table-08-01.jpg;assets\products\glam\board-4195020\product-glam-pebble-charcoal-concrete-59-oval-indoor-outdoor-coffee-table-08-02.jpg;assets\products\glam\board-4195020\product-glam-pebble-charcoal-concrete-59-oval-indoor-outdoor-coffee-table-08-03.jpg;assets\products\glam\board-4195020\product-glam-pebble-charcoal-concrete-59-oval-indoor-outdoor-coffee-table-08-04.jpg;assets\products\glam\board-4195020\product-glam-pebble-charcoal-concrete-59-oval-indoor-outdoor-coffee-table-08-05.jpg,https://havenly.com/products/groups/crate-and-barrel-1026677-86792?vendorVariantId=139664730,4195020
Mischa Indoor/Outdoor Pillow,Other,glam,Modern|Glam|Transitional,"${'id': '47702639793', 'price': 54.95, '__typename': 'PriceModel'} (was $68)",20'' x0= 20'',fabric,green,"Effortlessly elevating any space-indoors or out-with a touch of seaside serenity, this pillow features a balanced embroidered design. Mischa Indoor/Outdoor Pillow by Anthropologie in Green, Size: 20 in sq, Polyester",Anthropologie,out_of_stock,assets\products\glam\board-4195020\product-glam-mischa-indoor-outdoor-pillow-09-01.jpg,https://havenly.com/products/details/Mischa-Indoor-Outdoor-Pillow-Anthropologie-142138201,4195020
Dotted Dandelion Outdoor Pillow,Other,glam,Modern|Glam|Transitional,"${'id': '47632856498', 'price': 89.95, '__typename': 'PriceModel'} (was $120)","16""x25""",Sunbrella solution-dyed acrylic outer,"yellow, white","Hand-crafted with high performance, UV-safe Sunbrella fabric that's both durable and soft to the touch, this textured accent pillow is equally at home outdoors and in. A mildew and fade-resistant cover features a hidden zipper closure for easy cleaning and fill replacement. With an ultra-soft synthetic down insert. About Sunbrella: Sunbrella believes in worry-free fabrics. Fabrics that are durable, easy to clean and beautiful for everyone to enjoy comfortably in any environment. Each yard of Sun",Anthropologie,out_of_stock,assets\products\glam\board-4195020\product-glam-dotted-dandelion-outdoor-pillow-10-01.jpg,https://havenly.com/products/details/Dotted-Dandelion-Outdoor-Pillow-Anthropologie-143312413,4195020
"Fraleigh 16"" Outdoor Lantern - Black - Safavieh",Other,glam,Modern|Glam|Transitional,$93.56,"6.375"" X 6.375"" X 16""","Metal / Glass, Glass, Metal / Glass","Black, Black","Sleek and modern yet utterly timeless, this Fraleigh Small Outdoor Lantern Set is a must-have for today's outdoor entertaining. Fraleigh's classic silhouette and jet black finish effortlessly complements any porch, patio, or poolside bar. Sold in a set of two.",Safavieh,back_ordered,assets\products\glam\board-4195020\product-glam-fraleigh-16-outdoor-lantern-black-safavieh-11-01.jpg;assets\products\glam\board-4195020\product-glam-fraleigh-16-outdoor-lantern-black-safavieh-11-02.jpg;assets\products\glam\board-4195020\product-glam-fraleigh-16-outdoor-lantern-black-safavieh-11-03.jpg;assets\products\glam\board-4195020\product-glam-fraleigh-16-outdoor-lantern-black-safavieh-11-04.jpg,https://havenly.com/products/details/Fraleigh-16-Outdoor-Lantern-Black-Safavieh-Safavieh-144407102,4195020
"Fraleigh 20"" Outdoor Lantern - Black - Safavieh",Other,glam,Modern|Glam|Transitional,$67.5,8.5in x 20in x 8.5in,"Metal / Glass, Metal / Glass, Metal / Glass","Black, Black","Sleek and modern yet utterly timeless, this Fraleigh Large Outdoor Lantern is a must-have for today's outdoor entertaining. Fraleigh's classic silhouette and jet black finish effortlessly complements any porch, patio, or poolside bar.",Safavieh,in_stock,assets\products\glam\board-4195020\product-glam-fraleigh-20-outdoor-lantern-black-safavieh-12-01.jpg;assets\products\glam\board-4195020\product-glam-fraleigh-20-outdoor-lantern-black-safavieh-12-02.jpg;assets\products\glam\board-4195020\product-glam-fraleigh-20-outdoor-lantern-black-safavieh-12-03.jpg;assets\products\glam\board-4195020\product-glam-fraleigh-20-outdoor-lantern-black-safavieh-12-04.jpg,https://havenly.com/products/details/Fraleigh-20-Outdoor-Lantern-Black-Safavieh-Safavieh-144407103,4195020
Slant Light Grey Tall Indoor/Outdoor Planter,Other,glam,Modern|Glam|Transitional,"${'id': '47634938449', 'price': 64.47, '__typename': 'PriceModel'} (was $129)","14"" dia. x 26""H",CERAMIC,Grey,"A slight slant to the rim trends these planters from the expected to the delightfully different. Statement pieces flank the door for a contemporary welcome or stage them together, short and tall, for a dynamic display of potted plants. Crafted of a lightweight combination of fiberglass, cement and sand that works indoors or out.     Fiberglass, cement and sand  Drainage hole  For use indoors or out  Protect from freezing temperatures  Use with PVC liner for indoor use; not 100% watertight  Made ",Crate and Barrel,out_of_stock,assets\products\glam\board-4195020\product-glam-slant-light-grey-tall-indoor-outdoor-planter-13-01.jpg;assets\products\glam\board-4195020\product-glam-slant-light-grey-tall-indoor-outdoor-planter-13-02.jpg;assets\products\glam\board-4195020\product-glam-slant-light-grey-tall-indoor-outdoor-planter-13-03.jpg;assets\products\glam\board-4195020\product-glam-slant-light-grey-tall-indoor-outdoor-planter-13-04.jpg;assets\products\glam\board-4195020\product-glam-slant-light-grey-tall-indoor-outdoor-planter-13-05.jpg,https://havenly.com/products/details/Slant-Light-Grey-Tall-Indoor-Outdoor-Planter-Crate-and-Barrel-123061987,4195020
"X Bench, Rose Peacock Park",Furniture,glam,Modern|Glam,$369,"20""H x 21.5""W x 18.5""D",Construction - Solid Wood. Fabric - 100% Cotton.,Red,"The classic X Bench--perfect in every way and even better as a pair. Fully upholstered and extra comfortable as an additional seat. For more fabric and print options, view our made-to-order X Bench! Rose Peacock Park:  Composition: 100% Cotton",The Inside,out_of_stock,assets\products\glam\board-4256121\product-glam-x-bench-rose-peacock-park-01-01.jpg;assets\products\glam\board-4256121\product-glam-x-bench-rose-peacock-park-01-02.jpg;assets\products\glam\board-4256121\product-glam-x-bench-rose-peacock-park-01-03.jpg;assets\products\glam\board-4256121\product-glam-x-bench-rose-peacock-park-01-04.jpg;assets\products\glam\board-4256121\product-glam-x-bench-rose-peacock-park-01-05.jpg,https://havenly.com/products/details/X-Bench-Rose-Peacock-Park-The-Inside-144981358,4256121
"Suri 44"" Square Coffee Table - White Oak",Furniture,glam,Modern|Glam,$899,15 x 44 x 44,"Made from a mix of veneered and solid wood: veneer is highly durable, whereas solid wood is used to build beautiful details and support weight Natural wood will have variations in color and texture — no two pieces are alike No assembly required",White Oak,"Suri White Oak Wood Square Coffee Table with Open Storage Compartment, Coastal Design | Article Modern Furniture. The statement coffee table you’ve been waiting for. With concealed solid wood feet, the Suri appears to float above the floor. Its large footprint is juxtaposed with its soft lines, chamfered edges, and minimal ornamentation. The bigger version of its rectangular counterpart, the Suri Square Coffee table, is big, sturdy, and ready to house all the half-empty glasses at your next part",Article,in_stock,assets\products\glam\board-4256121\product-glam-suri-44-square-coffee-table-white-oak-02-01.jpg;assets\products\glam\board-4256121\product-glam-suri-44-square-coffee-table-white-oak-02-02.jpg;assets\products\glam\board-4256121\product-glam-suri-44-square-coffee-table-white-oak-02-03.jpg;assets\products\glam\board-4256121\product-glam-suri-44-square-coffee-table-white-oak-02-04.jpg;assets\products\glam\board-4256121\product-glam-suri-44-square-coffee-table-white-oak-02-05.jpg,https://havenly.com/products/groups/article-suricoffee-table-9680?vendorVariantId=147262584,4256121
Savona Swivel Chair,Furniture,glam,Modern|Glam,$1215,29.75 x 29.5 x 33.5,Down Alternative,Scuba Performance Vintage Velvet,"Shapely and classic, Savona's traditional silhouette features a subtle flared arm for a modern twist. A loose seat cushion is soft and inviting, while its hidden base features a steel ball-bearing mechanism for a smooth, 360Ã?Â° swivel. Savona's petite proportions look lovely when styled in pairs.",Interior Define,in_stock,assets\products\glam\board-4256121\product-glam-savona-swivel-chair-03-01.jpg;assets\products\glam\board-4256121\product-glam-savona-swivel-chair-03-02.jpg;assets\products\glam\board-4256121\product-glam-savona-swivel-chair-03-03.jpg;assets\products\glam\board-4256121\product-glam-savona-swivel-chair-03-04.jpg;assets\products\glam\board-4256121\product-glam-savona-swivel-chair-03-05.jpg,https://havenly.com/products/details/Savona-Swivel-Chair-Interior-Define-155873731,4256121
Hooker Furniture Laureng Glass End Table,Furniture,glam,Modern|Glam,"${'id': '47616821538', 'price': 1009, '__typename': 'PriceModel'} (was $1389)",,,,"ive your home a shot of style with our living room furniture. Make this room the perfect spot for conversation, entertaining, or just relaxing. Hooker Furniture",Perigold,out_of_stock,assets\products\glam\board-4256121\product-glam-hooker-furniture-laureng-glass-end-table-04-01.jpg,https://havenly.com/products/details/Hooker-Furniture-Laureng-Glass-End-Table-Perigold-81854107,4256121
Hollis Metal Framed Upholstered Counter Stool,Furniture,glam,Modern|Glam,$590,"W 21.5"" x D 20.5"" x H 36"" ( H 25"" seat height)",Performance Classic Weave / Metal Legs,Cove /Matte Black legs,"Modern design meets Hollywood glam. Inspired by art deco design, the Hollis Stool is an undeniable statement piece. With a half-moon back, stylish curves, and sleek metal legs, Hollis is sure to dress up your dining space or counter.Contract&nbsp;grade.",Interior Define,in_stock,assets\products\glam\board-4256121\product-glam-hollis-metal-framed-upholstered-counter-stool-05-01.jpg;assets\products\glam\board-4256121\product-glam-hollis-metal-framed-upholstered-counter-stool-05-02.jpg;assets\products\glam\board-4256121\product-glam-hollis-metal-framed-upholstered-counter-stool-05-03.jpg;assets\products\glam\board-4256121\product-glam-hollis-metal-framed-upholstered-counter-stool-05-04.jpg;assets\products\glam\board-4256121\product-glam-hollis-metal-framed-upholstered-counter-stool-05-05.jpg,https://havenly.com/products/details/Hollis-Metal-Framed-Upholstered-Counter-Stool-Interior-Define-132092169,4256121
Jordan Polished Gold Counter Stool,Furniture,glam,Modern|Glam,$769,"14""W x 14""D x 24""H","Stainless Steel; High Polished Gold Finish, Acrylic, MDF, Fabric;White Faux Leather; Polyvinyl, Polyurethane Foam Core: Seat Height; 24""",White,"Elevate your space with this Butler Specialty Company 24"" seat height faux leather and acrylic counter stool, perfect for kitchens, breakfast bars, and commercial settings like cafÃ©s or lounges. Featuring sleek acrylic legs, a plush upholstered seat, and metallic trim with a footrest, it adds an airy, glamorous touch while complementing various aesthetics.",Butler Specialty Co.,in_stock,assets\products\glam\board-4256121\product-glam-jordan-polished-gold-counter-stool-06-01.jpg;assets\products\glam\board-4256121\product-glam-jordan-polished-gold-counter-stool-06-02.jpg;assets\products\glam\board-4256121\product-glam-jordan-polished-gold-counter-stool-06-03.jpg;assets\products\glam\board-4256121\product-glam-jordan-polished-gold-counter-stool-06-04.jpg,https://havenly.com/products/details/Jordan-Polished-Gold-Counter-Stool-Butler-Specialty-Co-118126750,4256121
Natalya Polished Gold Bar Stool,Furniture,glam,Modern|Glam,$669,"17.25""W x17.25""D x 31""H","Stainless Steel, Plyboard, Faux Leather, Tris Foam",White,"Furnish your kitchen or bar area in contemporary style with this Butler Specialty Company backless stool. The high polish solid iron frame provides a sturdy base, while the plush faux leather seat and footrest ensure maximum comfort. The combination of angles and gentle curves gives this stool an eye-catching appearance, while the neutral color allows it to match well with any decor.",Butler Specialty Co.,out_of_stock,assets\products\glam\board-4256121\product-glam-natalya-polished-gold-bar-stool-07-01.jpg;assets\products\glam\board-4256121\product-glam-natalya-polished-gold-bar-stool-07-02.jpg;assets\products\glam\board-4256121\product-glam-natalya-polished-gold-bar-stool-07-03.jpg;assets\products\glam\board-4256121\product-glam-natalya-polished-gold-bar-stool-07-04.jpg,https://havenly.com/products/details/Natalya-Polished-Gold-Bar-Stool-Butler-Specialty-Co-157997768,4256121
Clarence Polished Gold Bar Stool,Furniture,glam,Modern|Glam,$869,"20""W x 20""D x 35""H x Seat 28""H","Stainless Steel, plyboard, foam, faux leather",White,"Furnish your kitchen or bar area in contemporary style with this soft curve lumbar frame dining stool. The high polish solid stainless steel frame provides a sturdy base, while the plush faux leather seat ensures maximum comfort. The combination of angles and gentle curves gives this stool an eye-catching appearance, while the neutral color allows it to match well with any decor.",Butler Specialty Co.,in_stock,assets\products\glam\board-4256121\product-glam-clarence-polished-gold-bar-stool-08-01.jpg;assets\products\glam\board-4256121\product-glam-clarence-polished-gold-bar-stool-08-02.jpg;assets\products\glam\board-4256121\product-glam-clarence-polished-gold-bar-stool-08-03.jpg;assets\products\glam\board-4256121\product-glam-clarence-polished-gold-bar-stool-08-04.jpg,https://havenly.com/products/details/Clarence-Polished-Gold-Bar-Stool-Butler-Specialty-Co-157997762,4256121
Ferris Bar + Counter Stool - Thames Cream,Furniture,glam,Modern|Glam,$749,20.0 x 22.0 x 38.75,"Top Grain Leather, Solid Parawood, 66%Pl, 19%Pc, 15%Li","Winchester Beige, Burnished Parawood, Thames Cream","Perfectly sized for the counter, burnished parawood frames squared seating of high-performance fabric, with beige top-grain leather backing. Performance fabrics are specially created to withstand spills, stains, high traffic and wear, ensuring long-term comfort and unmatched durability.",Four Hands,in_stock,assets\products\glam\board-4256121\product-glam-ferris-bar-counter-stool-thames-cream-09-01.jpg;assets\products\glam\board-4256121\product-glam-ferris-bar-counter-stool-thames-cream-09-02.jpg;assets\products\glam\board-4256121\product-glam-ferris-bar-counter-stool-thames-cream-09-03.jpg;assets\products\glam\board-4256121\product-glam-ferris-bar-counter-stool-thames-cream-09-04.jpg;assets\products\glam\board-4256121\product-glam-ferris-bar-counter-stool-thames-cream-09-05.jpg,https://havenly.com/products/details/Ferris-Bar-Counter-Stool-Thames-Cream-Four-Hands-133889443,4256121
Juniper White Performance Vegan Leather Counter Stool,Furniture,glam,Modern|Glam,$388.8,"17.3""W x 18.1""D x 31.5""H","Ash,Iron,Vegan Leather",White,"Upgrade your entertainment space or kitchen with the Juniper White Vegan Leather Stool! This stool features a vegan leather and gold iron accented base and backrest to add a touch of elegant charm and ensure durability. With a soft and luxurious white vegan leather seat, you can enjoy your drinks or meals in comfortable style.Product Dimensions: 17.3""W x 18.1""D x 31.5""HFeatures liquid-repellent performance upholsteryAvailable in bar height or counter heightMade of wood with iron and a vegan leat",TOV FURNITURE,in_stock,assets\products\glam\board-4256121\product-glam-juniper-white-performance-vegan-leather-counter-stool-10-01.jpg;assets\products\glam\board-4256121\product-glam-juniper-white-performance-vegan-leather-counter-stool-10-02.jpg;assets\products\glam\board-4256121\product-glam-juniper-white-performance-vegan-leather-counter-stool-10-03.jpg;assets\products\glam\board-4256121\product-glam-juniper-white-performance-vegan-leather-counter-stool-10-04.jpg;assets\products\glam\board-4256121\product-glam-juniper-white-performance-vegan-leather-counter-stool-10-05.jpg,https://havenly.com/products/details/Juniper-White-Performance-Vegan-Leather-Counter-Stool-TOV-FURNITURE-131736787,4256121
Juniper Cream Velvet Barstool,Furniture,glam,Modern|Glam,$399.6,"17.3""W x 18.1""D x 35.5""H","Ash,Iron,Velvet",Cream,"Upgrade your entertainment space or kitchen with the Juniper Cream Velvet Stool! This stool features an ash wood and gold iron accented base and backrest to add a touch of elegant charm and ensure durability. With a soft and luxurious cream velvet seat, you can enjoy your drinks or meals in comfortable style.Product Dimensions: 17.3""W x 18.1""D x 35.5""HAvailable in bar height or counter heightMade of ash wood with iron accents and a velvet seatPerfect for a minimalist and neutral styleFootrest he",TOV FURNITURE,out_of_stock,assets\products\glam\board-4256121\product-glam-juniper-cream-velvet-barstool-11-01.jpg;assets\products\glam\board-4256121\product-glam-juniper-cream-velvet-barstool-11-02.jpg;assets\products\glam\board-4256121\product-glam-juniper-cream-velvet-barstool-11-03.jpg;assets\products\glam\board-4256121\product-glam-juniper-cream-velvet-barstool-11-04.jpg;assets\products\glam\board-4256121\product-glam-juniper-cream-velvet-barstool-11-05.jpg,https://havenly.com/products/details/Juniper-Cream-Velvet-Barstool-TOV-FURNITURE-131736784,4256121
Ivanna Modern Counter Stool,Furniture,glam,Modern|Glam,$503.8,18 W X 26 H X 15 D (in),metal,gold leaf,"Simplistic But Sturdy, This Statement Counter Stool Features A Thick Hand Forged Iron Base Finished In A Mottled Antique Gold Leaf. Plush Seat Is Tailored In A Beige Linen Blend Fabric With Added Performance Treatment To Resist Soiling And Stains.",Uttermost,out_of_stock,assets\products\glam\board-4256121\product-glam-ivanna-modern-counter-stool-12-01.jpg;assets\products\glam\board-4256121\product-glam-ivanna-modern-counter-stool-12-02.jpg;assets\products\glam\board-4256121\product-glam-ivanna-modern-counter-stool-12-03.jpg;assets\products\glam\board-4256121\product-glam-ivanna-modern-counter-stool-12-04.jpg;assets\products\glam\board-4256121\product-glam-ivanna-modern-counter-stool-12-05.jpg,https://havenly.com/products/details/Ivanna-Modern-Counter-Stool-Uttermost-67868088,4256121
Matte Velvet Blackout Curtain,Decor & Pillows,glam,Modern|Glam,$258,108 x 50,velvet,dragonfly,"This light-blocking window treatment is a luxe addition to any space. Light Control: light filtering Ready to unveil the secrets to choosing and hanging curtains? Read our guide For aesthetic advice and tips to help decorate your space, enjoy our complimentary home styling services Matte Velvet Blackout Curtain by Anthropologie in Blue, Size: 50X63, Polyester/Cotton",Anthropologie,out_of_stock,assets\products\glam\board-4256121\product-glam-matte-velvet-blackout-curtain-01-01.jpg,https://havenly.com/products/details/Matte-Velvet-Blackout-Curtain-Anthropologie-21263860,4256121
Hand-Knotted Amore Rug,Rugs,glam,Modern|Glam,"${'id': '47679098615', 'price': 1049.95, '__typename': 'PriceModel'} (was $1798)",,,Blue,"Whether placed under a dining table, tucked under the sofa, or lining the hallway, a traditional-inspired motif adds elegance to any space. Not sure which rug to choose? Read our guide to find the perfect fit for your space. Hand-Knotted Amore Rug by Anthropologie in Blue, Size: 5X8, Cotton/Wool/Rayon",Anthropologie,out_of_stock,assets\products\glam\board-4256121\product-glam-hand-knotted-amore-rug-01-01.jpg,https://havenly.com/products/details/Hand-Knotted-Amore-Rug-Anthropologie-132065481,4256121
"Loloi Anastasia Lt. Blue / Mist 9'-6"" x 13'",Rugs,glam,Modern|Glam,$1869,"9'-6"" X 13'",Polypropylene & Polyester,lt. blue / mist,"Ornate traditionals distressed and full of character are modernized by illuminating colorways in the Anastasia collection. Power loomed in Egypt of polypropylene and polyester, Anastasia not only is durable and easy care, but gives the appearance of being a fine rug made by hand. The intricate detail, luster of colors, and unbeatable price point establish the value of this outstanding collection. Anastasia is available in various sizes including rounds and runners. Clean spills immediately by bl",Loloi Rugs,out_of_stock,assets\products\glam\board-4256121\product-glam-loloi-anastasia-lt-blue-mist-9-6-x-13-02-01.jpg;assets\products\glam\board-4256121\product-glam-loloi-anastasia-lt-blue-mist-9-6-x-13-02-02.jpg,https://havenly.com/products/details/Loloi-Anastasia-Lt-Blue-Mist-9-6-x-13-Loloi-Rugs-19456381,4256121
Hand-Knotted Amore Rug,Rugs,glam,Modern|Glam,"${'id': '47679098617', 'price': 1699.95, '__typename': 'PriceModel'} (was $2898)",8x10,"Hand-knotted rayon, cotton, and wool",Seafoam,"Whether placed under a dining table, tucked under the sofa, or lining the hallway, a traditional-inspired motif adds elegance to any space. Not sure which rug to choose? Read our guide to find the perfect fit for your space. Hand-Knotted Amore Rug by Anthropologie in Blue, Size: 8 X 10, Cotton/Wool/Rayon",Anthropologie,out_of_stock,assets\products\glam\board-4256121\product-glam-hand-knotted-amore-rug-03-01.jpg,https://havenly.com/products/details/Hand-Knotted-Amore-Rug-Anthropologie-132065482,4256121
Hand-Knotted Amore Rug,Rugs,glam,Modern|Glam,"${'id': '47679098618', 'price': 2929.95, '__typename': 'PriceModel'} (was $3898)",9x12,"rayon, cotton, and wool",Blue,"Whether placed under a dining table, tucked under the sofa, or lining the hallway, a traditional-inspired motif adds elegance to any space. Not sure which rug to choose? Read our guide to find the perfect fit for your space. Hand-Knotted Amore Rug by Anthropologie in Blue, Size: 9X12, Cotton/Wool/Rayon",Anthropologie,out_of_stock,assets\products\glam\board-4256121\product-glam-hand-knotted-amore-rug-04-01.jpg,https://havenly.com/products/details/Hand-Knotted-Amore-Rug-Anthropologie-132179943,4256121
Olivia EVE08 Handknotted Floral Green and Multicolor Area Rug (8'x10'),Rugs,glam,Modern|Glam,$3570,8'x10',100% Wool,Green Multicolor,"The updated traditional Everly collection features Oushak-inspired designs in tones soft pastel. The Olivia design features a fun colorway of pink, mint, purple, peach, blue, and yellow. This hand-knotted wool rug anchors living spaces with a fresh take on vintage style. The low, easy-care pile delights in both high and low traffic areas of the home.. Exceptional Quality: hand knotted by artisans in India for a luxurious, high-quality design. High-Quality Wool: made of 100% wool for durability a",Jaipur Living,in_stock,assets\products\glam\board-4256121\product-glam-olivia-eve08-handknotted-floral-green-and-multicolor-area-ru-05-01.jpg;assets\products\glam\board-4256121\product-glam-olivia-eve08-handknotted-floral-green-and-multicolor-area-ru-05-02.jpg;assets\products\glam\board-4256121\product-glam-olivia-eve08-handknotted-floral-green-and-multicolor-area-ru-05-03.jpg;assets\products\glam\board-4256121\product-glam-olivia-eve08-handknotted-floral-green-and-multicolor-area-ru-05-04.jpg;assets\products\glam\board-4256121\product-glam-olivia-eve08-handknotted-floral-green-and-multicolor-area-ru-05-05.jpg,https://havenly.com/products/details/Olivia-EVE08-Handknotted-Floral-Green-and-Multicolor-Area-Rug-8-x10-Jaipur-Living-161045224,4256121
"Possini Euro Francie 32"" 8-Light Crystal Glass Gold Ring Chandelier",Lighting,glam,Modern|Glam,$599.99,"32"" wide x 32"" high. Round canopy is 4 3/4"" wide x 1"" high with 1 1/2"" high collar loop",Gold,Gold,"Introduce rich glamour in a modern kitchen or dining room with a modern luxe eight-light ring chandelier. From Possini Euro Design, it's a delicate creation with geometrics and jewelry lending inspiration to its round silhouette. A soft gold finish instills a sense of luxury and glamour, while faceted clear glass shades provide glittering elegance.",Lamps Plus,in_stock,assets\products\glam\board-4256121\product-glam-possini-euro-francie-32-8-light-crystal-glass-gold-ring-chan-01-01.jpg,https://havenly.com/products/details/Possini-Euro-Francie-32-8-Light-Crystal-Glass-Gold-Ring-Chandelier-Lamps-Plus-148904260,4256121
"Possini Euro Houten 11 1/2"" Wide Soft Gold 3-Light Glass Mini Pendant",Lighting,glam,Modern|Glam,"${'id': '47672911788', 'price': 149.95, '__typename': 'PriceModel'} (was $199.99)","16 1/4"" high x 11 1/2"" wide. Round canopy is 5"" wide. Glass shade is 12"" high x 11 1/2"" wide.",Gold,Gold,"16 1/4"" high x 11 1/2"" wide. Round canopy is 5"" wide. Glass shade is 12"" high x 11 1/2"" wide. Weighs 8.162 lbs. Comes with one 6"" and three 12"" downrods. Rod is 1/2"" wide. 11 3/4-feet of wire. Sloped ceiling adaptable. Uses three maximum 60 watt type B bulbs (not included). Shown with clear glass Edison filament bulbs. Modern glam luxe three-light cluster mini pendant from the Houten collection by Possini Euro Design®. Soft gold finish. Handcrafted mouth blown glass with raised segments allow th",Lamps Plus,in_stock,assets\products\glam\board-4256121\product-glam-possini-euro-houten-11-1-2-wide-soft-gold-3-light-glass-mini-02-01.jpg;assets\products\glam\board-4256121\product-glam-possini-euro-houten-11-1-2-wide-soft-gold-3-light-glass-mini-02-02.jpg;assets\products\glam\board-4256121\product-glam-possini-euro-houten-11-1-2-wide-soft-gold-3-light-glass-mini-02-03.jpg,https://havenly.com/products/details/Possini-Euro-Houten-11-1-2-Wide-Soft-Gold-3-Light-Glass-Mini-Pendant-Lamps-Plus-157855040,4256121
Bumblebee Glass Metal Vanity,Lighting,glam,Modern|Glam,$358,"11""H, 22""W",metal,white,"This charming vanity sconce includes bumblebee-shaped finials to pair with beehive-inspired shades, creating a fixture that's sure to incite a conversation-worthy buzz to your powder room. This item is UL listed, meaning it has been tested and approved to meet the government-regulated safety standards for the USA. Use with electrical outlets 110-120v or lower, as anything higher can cause fire or injury. If you're purchasing this item for use outside of the United States, employ the adapter and ",Anthropologie,in_stock,assets\products\glam\board-4256121\product-glam-bumblebee-glass-metal-vanity-03-01.jpg,https://havenly.com/products/details/Bumblebee-Glass-Metal-Vanity-Anthropologie-65552376,4256121
Blossom Frosted Glass Flower Vanity,Lighting,glam,Modern|Glam,$448,"Overall: 8""H, 24""L 11.25"" projection Shades: 3.5""H, 6.75"" diameter",Metal/Glass,Gold,"This beautiful vanity sconce offers a unique way to bring florals into your bathroom decor. Its flowers feature bulb centers that illuminate their frosted glass petals, creating a fixture that is both elegant and delightful. This item is UL listed, meaning it has been tested and approved to meet the government-regulated safety standards for the USA. Use with electrical outlets 110-120v or lower, as anything higher can cause fire or injury. If you're purchasing this item for use outside of the Un",Anthropologie,in_stock,assets\products\glam\board-4256121\product-glam-blossom-frosted-glass-flower-vanity-04-01.jpg,https://havenly.com/products/details/Blossom-Frosted-Glass-Flower-Vanity-Anthropologie-87870186,4256121
Copenhagen Floor Mirror in Wood Gold,Art & Mirrors,glam,Modern|Glam,$2200,"53"" x 85""",Mirror,Gold,"Inspired by antique French design, our Copenhagen Floor Mirror is framed in decorative molding with a warm aged gold finish. Scrolling details at the mirror's peak add an elegant flourish that complements both classic and contemporary décor. | Copenhagen Floor Mirror In Wood In Gold | Arhaus",Arhaus,out_of_stock,assets\products\glam\board-4256121\product-glam-copenhagen-floor-mirror-in-wood-gold-01-01.jpg;assets\products\glam\board-4256121\product-glam-copenhagen-floor-mirror-in-wood-gold-01-02.jpg,https://havenly.com/products/details/Copenhagen-Floor-Mirror-in-Wood-Gold-Arhaus-133241882,4256121
MIRROR,Art & Mirrors,glam,Modern|Glam,$180,"0.5"" x 23"" x 35""","MDF, MIRROR",ANTIQUE BRONZE WITH GOLD HIGHLIGHTS,"Scalloped edges define this beautiful arch top mirror, giving it a more feminine and delicate appearance. The frame is finished in an antique bronze with gold highlights and surrounds a 1"" beveled mirror.",Uttermost,in_stock,assets\products\glam\board-4256121\product-glam-mirror-02-01.jpg;assets\products\glam\board-4256121\product-glam-mirror-02-02.jpg;assets\products\glam\board-4256121\product-glam-mirror-02-03.jpg;assets\products\glam\board-4256121\product-glam-mirror-02-04.jpg;assets\products\glam\board-4256121\product-glam-mirror-02-05.jpg,https://havenly.com/products/details/MIRROR-Uttermost-136758841,4256121
"Rafetus Green Indoor 5'3"" x 7'7"" Machine Woven Rug",Other,glam,Modern|Glam,$130,"5'3"" x 7'6""",100% polypropylene,teal,"The simplistic yet compelling rugs from the Rafetus Collection effortlessly serve as the exemplar representation of modern decor. The meticulously woven construction of these pieces boasts durability and will provide natural charm into your decor space. Made with Polypropylene in Turkey, and has Low Pile. Spot Clean Only, One Year Limited Warranty.",Surya,in_stock,assets\products\glam\board-4256121\product-glam-rafetus-green-indoor-5-3-x-7-7-machine-woven-rug-01-01.jpg,https://havenly.com/products/groups/surya-22467-0-92248?vendorVariantId=50470836,4256121
"Harput Blue Indoor 2' x 2'11"" Machine Woven Rug",Other,glam,Modern|Glam,$64,2' x 3',100% Polypropylene,"Dark Blue, Ivory, Light Gray, Teal","The Harput area rug is an exquisite addition to any space, bringing together French Country Cottage style with a modern twist. The polypropylene construction offers great durability, making it perfect for high traffic areas and everyday use. Expertly crafted in Turkey and machine woven, this medium pile rug has an inviting texture that will bring warmth to your home. Easily maintained with spot cleaning using mild detergent and a recommended rug pad for extra cushioning beneath your feet. Add a ",Surya,in_stock,assets\products\glam\board-4256121\product-glam-harput-blue-indoor-2-x-2-11-machine-woven-rug-02-01.jpg;assets\products\glam\board-4256121\product-glam-harput-blue-indoor-2-x-2-11-machine-woven-rug-02-02.jpg;assets\products\glam\board-4256121\product-glam-harput-blue-indoor-2-x-2-11-machine-woven-rug-02-03.jpg;assets\products\glam\board-4256121\product-glam-harput-blue-indoor-2-x-2-11-machine-woven-rug-02-04.jpg;assets\products\glam\board-4256121\product-glam-harput-blue-indoor-2-x-2-11-machine-woven-rug-02-05.jpg,https://havenly.com/products/groups/surya-18702-0-1657?vendorVariantId=50469985,4256121
Matte Velvet Blackout Curtain,Other,glam,Modern|Glam,$298,"96"" X 50""",polyester,blue,"This light-blocking window treatment is a luxe addition to any space. Light Control: light filtering Ready to unveil the secrets to choosing and hanging curtains? Read our guide For aesthetic advice and tips to help decorate your space, enjoy our complimentary home styling services Matte Velvet Blackout Curtain by Anthropologie in Blue, Size: 50"" X 96"", Polyester/Cotton",Anthropologie,out_of_stock,assets\products\glam\board-4256121\product-glam-matte-velvet-blackout-curtain-03-01.jpg;assets\products\glam\board-4256121\product-glam-matte-velvet-blackout-curtain-03-03.jpg;assets\products\glam\board-4256121\product-glam-matte-velvet-blackout-curtain-03-04.jpg,https://havenly.com/products/details/Matte-Velvet-Blackout-Curtain-Anthropologie-20034484,4256121
Rue Counter Stool,Other,glam,Modern|Glam,$489,"W:17"" D:17"" H:27""","Frame Material: Solid Ash, Upholstery Material: 100% Linen","Frame Finish: Natural Gray, Upholstery Finish: Bisque","It is the fine details that make this Rue Counter Stool by Essentials For Living so unique. From the double welt detailing on the bisque linen upholstery, to the hand-carved bobbin turned wood base, this stool has many features that make it one-of-a-kind. The skirt of the seat features exposed wood that is beautifully carved with scalloped detailing, adding an eye-catching and distinctive style to the seat. The performance fabric makes it easy to clean and the solid wood base adds durability. It",Essentials for Living,in_stock,assets\products\glam\board-4256121\product-glam-rue-counter-stool-04-01.jpg;assets\products\glam\board-4256121\product-glam-rue-counter-stool-04-02.jpg;assets\products\glam\board-4256121\product-glam-rue-counter-stool-04-03.jpg;assets\products\glam\board-4256121\product-glam-rue-counter-stool-04-04.jpg;assets\products\glam\board-4256121\product-glam-rue-counter-stool-04-05.jpg,https://havenly.com/products/details/Rue-Counter-Stool-Essentials-for-Living-84607185,4256121
Ushak Beige Indoor 2' x 3' Handmade Rug,Other,glam,Modern|Glam,$530,2' x 3',100% Wool,"Aqua, Blush, Lilac, Sage, Pale Blue","This Ushak hand made rug is a stunning addition to any home. With its classic Updated Traditional style, this beautiful piece will add a touch of elegance to your space. Crafted from wool, this low pile rug features hand knotted construction for maximum durability and longevity. This traditional design is made in India and comes complete with fringe detailing. For best results, use this rug with a rug pad (sold separately) and only have it professionally cleaned. Don't wait - make this amazing U",Surya,in_stock,assets\products\glam\board-4256121\product-glam-ushak-beige-indoor-2-x-3-handmade-rug-05-01.jpg;assets\products\glam\board-4256121\product-glam-ushak-beige-indoor-2-x-3-handmade-rug-05-02.jpg,https://havenly.com/products/groups/surya-26649-0-3225?vendorVariantId=75825646,4256121
Ushak Beige Indoor 8' x 10' Handmade Rug,Other,glam,Modern|Glam,$6670,8' x 10',100% Wool,"Aqua, Blush, Lilac, Sage, Pale Blue","This Ushak hand made rug is a stunning addition to any home. With its classic Updated Traditional style, this beautiful piece will add a touch of elegance to your space. Crafted from wool, this low pile rug features hand knotted construction for maximum durability and longevity. This traditional design is made in India and comes complete with fringe detailing. For best results, use this rug with a rug pad (sold separately) and only have it professionally cleaned. Don't wait - make this amazing U",Surya,in_stock,assets\products\glam\board-4256121\product-glam-ushak-beige-indoor-8-x-10-handmade-rug-06-01.jpg;assets\products\glam\board-4256121\product-glam-ushak-beige-indoor-8-x-10-handmade-rug-06-02.jpg,https://havenly.com/products/groups/surya-26649-0-3225?vendorVariantId=75825649,4256121
Ushak Beige Indoor 10' x 14' Handmade Rug,Other,glam,Modern|Glam,$13730,10' x 14',Main: 100% Wool,"Light Pink, Blue, Light Beige, Ice Blue, Light Green","Experience timeless elegance and classic beauty with this Ushak Handmade Wool Rug. Featuring an updated Traditional style, this low pile rug is hand knotted in India from 100% wool for a truly luxurious feel. The intricate design adds texture and depth to any room of your home, while its neutral tones bring out the best of your existing decor. To ensure maximum comfort, we recommend using a rug pad underneath (sold separately). Professional cleaning is recommended for optimal care. Bring classic",Surya,in_stock,assets\products\glam\board-4256121\product-glam-ushak-beige-indoor-10-x-14-handmade-rug-07-01.jpg;assets\products\glam\board-4256121\product-glam-ushak-beige-indoor-10-x-14-handmade-rug-07-02.jpg;assets\products\glam\board-4256121\product-glam-ushak-beige-indoor-10-x-14-handmade-rug-07-03.jpg;assets\products\glam\board-4256121\product-glam-ushak-beige-indoor-10-x-14-handmade-rug-07-04.jpg;assets\products\glam\board-4256121\product-glam-ushak-beige-indoor-10-x-14-handmade-rug-07-05.jpg,https://havenly.com/products/groups/surya-26655-0-3231?vendorVariantId=121587905,4256121
"Ushak Beige Indoor 8'10"" x 12' Handmade Rug",Other,glam,Modern|Glam,$10005,"8'10"" x 12'",100% Wool,"Pale Pink, Teal, Beige, Pale Blue, Mint","Experience timeless elegance and classic beauty with this Ushak Handmade Wool Rug. Featuring an updated Traditional style, this low pile rug is hand knotted in India from 100% wool for a truly luxurious feel. The intricate design adds texture and depth to any room of your home, while its neutral tones bring out the best of your existing decor. To ensure maximum comfort, we recommend using a rug pad underneath (sold separately). Professional cleaning is recommended for optimal care. Bring classic",Surya,in_stock,assets\products\glam\board-4256121\product-glam-ushak-beige-indoor-8-10-x-12-handmade-rug-08-01.jpg;assets\products\glam\board-4256121\product-glam-ushak-beige-indoor-8-10-x-12-handmade-rug-08-02.jpg,https://havenly.com/products/groups/surya-26655-0-3231?vendorVariantId=75825645,4256121
Ushak Beige Indoor 8' x 10' Handmade Rug,Other,glam,Modern|Glam,$6670,8' x 10',100% Wool,"Pale Pink, Teal, Beige, Pale Blue, Mint","Experience timeless elegance and classic beauty with this Ushak Handmade Wool Rug. Featuring an updated Traditional style, this low pile rug is hand knotted in India from 100% wool for a truly luxurious feel. The intricate design adds texture and depth to any room of your home, while its neutral tones bring out the best of your existing decor. To ensure maximum comfort, we recommend using a rug pad underneath (sold separately). Professional cleaning is recommended for optimal care. Bring classic",Surya,in_stock,assets\products\glam\board-4256121\product-glam-ushak-beige-indoor-8-x-10-handmade-rug-09-01.jpg;assets\products\glam\board-4256121\product-glam-ushak-beige-indoor-8-x-10-handmade-rug-09-02.jpg,https://havenly.com/products/groups/surya-26655-0-3231?vendorVariantId=75825642,4256121
"Ushak Beige Indoor 8'10"" x 12' Handmade Rug",Other,glam,Modern|Glam,$10005,"8'10"" x 12'",100% Wool,"Aqua, Blush, Lilac, Sage, Pale Blue","This Ushak hand made rug is a stunning addition to any home. With its classic Updated Traditional style, this beautiful piece will add a touch of elegance to your space. Crafted from wool, this low pile rug features hand knotted construction for maximum durability and longevity. This traditional design is made in India and comes complete with fringe detailing. For best results, use this rug with a rug pad (sold separately) and only have it professionally cleaned. Don't wait - make this amazing U",Surya,out_of_stock,assets\products\glam\board-4256121\product-glam-ushak-beige-indoor-8-10-x-12-handmade-rug-10-01.jpg;assets\products\glam\board-4256121\product-glam-ushak-beige-indoor-8-10-x-12-handmade-rug-10-02.jpg,https://havenly.com/products/details/Ushak-Beige-Indoor-8-10-x-12-Handmade-Rug-Surya-75825651,4256121
Klismos Off-White Fabric Counter Stool,Other,glam,Modern|Glam,$830.4,"21.5"" x 20.0"" x 38.25""","WOOD,FOAM,FABRIC",White,"A Modern Take On The Classic Klismos Design, This Counter Stool Is Reminiscent Of Mid-century Style. Upholstered In A Textured Off-white Fabric With A Swivel Return Seat With A Toxin-free, Eco Friendly Treatment To Help Resist Water Based Stains. Paired With Naturally Finished Oak Legs With A Bronze Kickplate.",Uttermost,in_stock,assets\products\glam\board-4256121\product-glam-klismos-off-white-fabric-counter-stool-11-01.jpg;assets\products\glam\board-4256121\product-glam-klismos-off-white-fabric-counter-stool-11-02.jpg;assets\products\glam\board-4256121\product-glam-klismos-off-white-fabric-counter-stool-11-03.jpg;assets\products\glam\board-4256121\product-glam-klismos-off-white-fabric-counter-stool-11-04.jpg;assets\products\glam\board-4256121\product-glam-klismos-off-white-fabric-counter-stool-11-05.jpg,https://havenly.com/products/details/Klismos-Off-White-Fabric-Counter-Stool-Uttermost-154900924,4256121
Sabine Gilded Knot Bath Wall Mirror,Other,glam,Modern|Glam,"${'id': '47718693815', 'price': 264.6, '__typename': 'PriceModel'} (was $378)","Overall: 36""H, 28""W",mirror,gold,"The Sabine Mirror blends vintage charm with modern elegance, featuring a fluid frame that adds a touch of timeless sophistication to your powder room. Sabine Gilded Knot Bath Wall Mirror by Anthropologie in Gold, Size: Medium",Anthropologie,out_of_stock,assets\products\glam\board-4256121\product-glam-sabine-gilded-knot-bath-wall-mirror-12-01.jpg,https://havenly.com/products/details/Sabine-Gilded-Knot-Bath-Wall-Mirror-Anthropologie-150848503,4256121
Candace Wood Mirror,Other,glam,Modern|Glam,$398,"Wall: 40""H, 28""W",Metall,white,"Undulating lines bring a warming, whimsical touch to this versatile piece. Candace Wood Mirror by Anthropologie in Beige, Size: Medium",Anthropologie,out_of_stock,assets\products\glam\board-4256121\product-glam-candace-wood-mirror-13-01.jpg,https://havenly.com/products/details/Candace-Wood-Mirror-Anthropologie-135475663,4256121
