Tên SP,Danh mục,Phong cách,Sub-styles,Giá,Kích thước,Chất liệu,Màu sắc,Mô tả,Thương hiệu,Tình trạng,Hình ảnh,URL sản phẩm,Board ID
Dyer Storage Ottoman,Furniture,traditional,Modern|Traditional,$430,20”W x 20”D x 18”H,"Ikat Scribble , Stripe",Slate,"Handcrafted in Illinois, Dimensions: 25”W x 25”D x 18”H, Storage dimensions: 18”W x 18”D x 15”H, Lift top lid, Spot clean only",Skyline Furniture,in_stock,assets\products\traditional\board-4223198\product-traditional-dyer-storage-ottoman-01-01.jpg;assets\products\traditional\board-4223198\product-traditional-dyer-storage-ottoman-01-02.jpg;assets\products\traditional\board-4223198\product-traditional-dyer-storage-ottoman-01-03.jpg;assets\products\traditional\board-4223198\product-traditional-dyer-storage-ottoman-01-04.jpg;assets\products\traditional\board-4223198\product-traditional-dyer-storage-ottoman-01-05.jpg,https://havenly.com/products/details/Dyer-Storage-Ottoman-Skyline-Furniture-83528223,4223198
Dixon Slipcovered Round Ottoman,Furniture,traditional,Modern|Traditional,$725,"40"" Diameter",Performance Plush Velvet,Camel,"Traditional details meet sleek modernity in our Dixon collection. Designed with soft sloped arms, loose back cushions, and a tailored slipcover design, the Dixon is equal parts elegant and contemporary.DESIGNED WITH HOPE IN MIND: With every purchase from our Dixon collection, we're partnering with HopeKids to fund a month of free events for a family who has a child with a life-threatening medical condition.Connect with a design expert to purchase an extra slipcover with the frame so you can chan",Interior Define,in_stock,assets\products\traditional\board-4223198\product-traditional-dixon-slipcovered-round-ottoman-02-01.jpg;assets\products\traditional\board-4223198\product-traditional-dixon-slipcovered-round-ottoman-02-02.jpg;assets\products\traditional\board-4223198\product-traditional-dixon-slipcovered-round-ottoman-02-03.jpg;assets\products\traditional\board-4223198\product-traditional-dixon-slipcovered-round-ottoman-02-04.jpg;assets\products\traditional\board-4223198\product-traditional-dixon-slipcovered-round-ottoman-02-05.jpg,https://havenly.com/products/details/Dixon-Slipcovered-Round-Ottoman-Interior-Define-146474210,4223198
Collette Swivel Chair,Furniture,traditional,Modern|Traditional,$990,"30"" x 34"" x 30""","Solid Pine Wood, Polyurethane, Classic Velvet",Ink,"360-degree swivel, Spot clean only, Handcrafted in Illinois, Made to order, 1 year limited warranty; excludes fabric, 18"", 22"" x 23"" x 18"", 30"" x 34"" x 30""",Skyline Furniture,in_stock,assets\products\traditional\board-4223198\product-traditional-collette-swivel-chair-03-01.jpg;assets\products\traditional\board-4223198\product-traditional-collette-swivel-chair-03-02.jpg;assets\products\traditional\board-4223198\product-traditional-collette-swivel-chair-03-03.jpg;assets\products\traditional\board-4223198\product-traditional-collette-swivel-chair-03-04.jpg;assets\products\traditional\board-4223198\product-traditional-collette-swivel-chair-03-05.jpg,https://havenly.com/products/details/Collette-Swivel-Chair-Skyline-Furniture-107227634,4223198
James 4-Seat Left Chaise Sectional,Furniture,traditional,Modern|Traditional,$5445,"Sofa 132"" W x 40"" D; Chaise lenght 36"" W x 65"" L","Buy Now-Choose Later Fabric, Down Alternative Cushion Fill",Buy Now-Choose Later,"James beautifully marries modern design with a transitional feel. Its to-the-floor platform and hidden legs are sleek, while subtle crowns in the seat and arms keep it soft. In keeping with its linear design, James' wide arms and back frame are finished with structural piping for a balanced look. Top it all off with cozy side cushions, and you have yourself the modern, lounge-ready sofa of your dreams.Contract&nbsp;grade.",Interior Define,in_stock,assets\products\traditional\board-4223198\product-traditional-james-4-seat-left-chaise-sectional-04-01.jpg;assets\products\traditional\board-4223198\product-traditional-james-4-seat-left-chaise-sectional-04-02.jpg;assets\products\traditional\board-4223198\product-traditional-james-4-seat-left-chaise-sectional-04-03.jpg;assets\products\traditional\board-4223198\product-traditional-james-4-seat-left-chaise-sectional-04-04.jpg;assets\products\traditional\board-4223198\product-traditional-james-4-seat-left-chaise-sectional-04-05.jpg,https://havenly.com/products/details/James-4-Seat-Left-Chaise-Sectional-Interior-Define-153285769,4223198
"Marble Footed Bowl, White",Decor & Pillows,traditional,Modern|Traditional,$72,"8"" Diameter x 4.25""",Marble,White,"This footed bowl works great for display or serving purposes. Made out of marble and featuring a sleek white color, this modern bowl looks great on countertops. Perfect for storing fresh fruits or snacks, or for serving friends and family in style",Bloomingville,out_of_stock,assets\products\traditional\board-4223198\product-traditional-marble-footed-bowl-white-01-01.jpg;assets\products\traditional\board-4223198\product-traditional-marble-footed-bowl-white-01-02.jpg;assets\products\traditional\board-4223198\product-traditional-marble-footed-bowl-white-01-03.jpg,https://havenly.com/products/details/Marble-Footed-Bowl-White-Bloomingville-88390933,4223198
Hand-Carved Paulownia Wood Bowl with Whitewashed Finish,Decor & Pillows,traditional,Modern|Traditional,$26.4,"14.5"" x 10.25""",Paulownia Wood,White,This oval bowl will be a beautiful addition to any room décor.  Fill with miscellaneous items for organization or decorative items for a beautiful display.,Bloomingville,out_of_stock,assets\products\traditional\board-4223198\product-traditional-hand-carved-paulownia-wood-bowl-with-whitewashed-finish-02-01.jpg;assets\products\traditional\board-4223198\product-traditional-hand-carved-paulownia-wood-bowl-with-whitewashed-finish-02-02.jpg;assets\products\traditional\board-4223198\product-traditional-hand-carved-paulownia-wood-bowl-with-whitewashed-finish-02-03.jpg;assets\products\traditional\board-4223198\product-traditional-hand-carved-paulownia-wood-bowl-with-whitewashed-finish-02-04.jpg;assets\products\traditional\board-4223198\product-traditional-hand-carved-paulownia-wood-bowl-with-whitewashed-finish-02-05.jpg,https://havenly.com/products/details/Hand-Carved-Paulownia-Wood-Bowl-with-Whitewashed-Finish-Bloomingville-91145913,4223198
Pillar Bowl,Decor & Pillows,traditional,Modern|Traditional,$90,12.0 x 12.0 x 2.75,Metal,Aged Black,"The Pillar Bowl is made from cast aluminum in a black aged finish, giving each bowl a unique finish and texture. This low footed bowl has a round shape, making it a dynamic addition to any tabletop surface.",Elk Home,out_of_stock,assets\products\traditional\board-4223198\product-traditional-pillar-bowl-03-01.jpg;assets\products\traditional\board-4223198\product-traditional-pillar-bowl-03-02.jpg;assets\products\traditional\board-4223198\product-traditional-pillar-bowl-03-03.jpg;assets\products\traditional\board-4223198\product-traditional-pillar-bowl-03-04.jpg;assets\products\traditional\board-4223198\product-traditional-pillar-bowl-03-05.jpg,https://havenly.com/products/details/Pillar-Bowl-Elk-Home-130254799,4223198
"The Citizenry Nehali Leather Pillow | 18"" x 18"" | Caramel",Decor & Pillows,traditional,Modern|Traditional,$229,"18"" x 18""",Front: 100% Leather. Back: 100% Linen,Caramel,"Dimension and intricate details add extra drama to this stunning accent pillow, crafted from woven strands of sustainable leather. Available in warm camel or subtle stone, each piece can be easily layered with other pillows or styled as a standalone accent. Made from ethically-sourced leather from Kolkata, each pillow is handcrafted in a workshop in Gurgaon. From start-to-finish, each pillow takes 1 day to complete. All made in a fair trade environment. NOTE: As a natural product, each pillow is",The Citizenry,out_of_stock,assets\products\traditional\board-4223198\product-traditional-the-citizenry-nehali-leather-pillow-18-x-18-caramel-04-01.jpg;assets\products\traditional\board-4223198\product-traditional-the-citizenry-nehali-leather-pillow-18-x-18-caramel-04-02.jpg;assets\products\traditional\board-4223198\product-traditional-the-citizenry-nehali-leather-pillow-18-x-18-caramel-04-03.jpg;assets\products\traditional\board-4223198\product-traditional-the-citizenry-nehali-leather-pillow-18-x-18-caramel-04-04.jpg;assets\products\traditional\board-4223198\product-traditional-the-citizenry-nehali-leather-pillow-18-x-18-caramel-04-05.jpg,https://havenly.com/products/details/The-Citizenry-Nehali-Leather-Pillow-18-x-18-Caramel-The-Citizenry-149769588,4223198
Ivory Tray,Decor & Pillows,traditional,Modern|Traditional,$290,24.0 x 16.0 x 2.5,Wood Composite,Off White,"The Ivory Tray, made from resin, features a high gloss white finish. The tray has raised sides and two stainless steel and horn finished handles for easy transport.",Elk Home,out_of_stock,assets\products\traditional\board-4223198\product-traditional-ivory-tray-05-01.jpg;assets\products\traditional\board-4223198\product-traditional-ivory-tray-05-02.jpg;assets\products\traditional\board-4223198\product-traditional-ivory-tray-05-03.jpg;assets\products\traditional\board-4223198\product-traditional-ivory-tray-05-04.jpg;assets\products\traditional\board-4223198\product-traditional-ivory-tray-05-05.jpg,https://havenly.com/products/details/Ivory-Tray-Elk-Home-130254810,4223198
Herringbone Swedish Blue Handwoven Cotton Rug,Rugs,traditional,Modern|Traditional,$634,8x10,100% Cotton,Blue,"Part of our Designer Favorites collection of go-to rugs in timeless styles and a variety of durable constructions.<br><br>You asked, and we listened! Another terrific Dash & Albert lightweight woven cotton area rug, this time in a classic herringbone pattern.",Dash and Albert,out_of_stock,assets\products\traditional\board-4223198\product-traditional-herringbone-swedish-blue-handwoven-cotton-rug-01-01.jpg;assets\products\traditional\board-4223198\product-traditional-herringbone-swedish-blue-handwoven-cotton-rug-01-02.jpg;assets\products\traditional\board-4223198\product-traditional-herringbone-swedish-blue-handwoven-cotton-rug-01-03.jpg;assets\products\traditional\board-4223198\product-traditional-herringbone-swedish-blue-handwoven-cotton-rug-01-04.jpg,https://havenly.com/products/details/Herringbone-Swedish-Blue-Handwoven-Cotton-Rug-Dash-and-Albert-135758198,4223198
Momeni Chevron Handmade Tufted Wool Blue/Beige Area Rug,Rugs,traditional,Modern|Traditional,"${'id': '47621909752', 'price': 686, '__typename': 'PriceModel'} (was $1199)",Rectangle 8' x 10',"100-percent wool,","100-percent wool,","his indoor area rug features a classic chevron pattern in a subtle blue and beige colorway that works with various décor styles. It's hand-tufted from stain-resistant wool that is naturally durable. What's more, its 0.35"" pile height means it won't impede doors from closing – and it also looks great on top of wall-to-wall carpeting (we love a layered look!) We recommend fitting a rug pad underneath to keep it from slipping and sliding around. Momeni Rug Size: Rectangle 8' x 10",Perigold,in_stock,assets\products\traditional\board-4223198\product-traditional-momeni-chevron-handmade-tufted-wool-blue-beige-area-rug-02-01.jpg,https://havenly.com/products/details/Momeni-Chevron-Handmade-Tufted-Wool-Blue-Beige-Area-Rug-Perigold-140564698,4223198
Bell White Flush Mount Light,Lighting,traditional,Modern|Traditional,"${'id': '47723771313', 'price': 79.95, '__typename': 'PriceModel'} (was $79.95)","8"" dia. x 6""H",Brass,White,"Oversized bell beams modern in a sculptural two-tone design by Donna Piacenza. Based in Chicago and Los Angeles, the designers were andamp;quot;inspired by organic and vintage-modern designs that achieve a soft but minimal and versatile aesthetic.andamp;quot; Bright white painted steel shade lights up overhead or on the wall with brass-painted interior that amplifies the glow. Light up the room with our cut-glass or vintage-style filament bulbs. Learn about Donna Piacenza on our blog.Pick up tip",CB2,in_stock,assets\products\traditional\board-4223198\product-traditional-bell-white-flush-mount-light-01-01.jpg;assets\products\traditional\board-4223198\product-traditional-bell-white-flush-mount-light-01-02.jpg;assets\products\traditional\board-4223198\product-traditional-bell-white-flush-mount-light-01-03.jpg;assets\products\traditional\board-4223198\product-traditional-bell-white-flush-mount-light-01-04.jpg;assets\products\traditional\board-4223198\product-traditional-bell-white-flush-mount-light-01-05.jpg,https://havenly.com/products/details/Bell-White-Flush-Mount-Light-CB2-6589788,4223198
Leah Floor Lamp,Lighting,traditional,Modern|Traditional,$675,"64""h. x 11.75""diam",brass,white,"<div data-content-type=""html"" data-appearance=""default"" data-element=""main"">&lt;p&gt;Leah has a modern feel with vintage appeal. A pair of intersecting slender poles, one straight the other curved, form the airy, artistic body of this stylish floor lamp. Machine-like details at the base, Patina Brass metalwork and a tapered off-white linen shade take this understated design to the next level.&lt;/p&gt;  &lt;ul&gt; &lt;li&gt;Overall dimensions: 64""h. x 11.75""diam., E26 Medium Base&lt;/li&gt; ",Interior Define,out_of_stock,assets\products\traditional\board-4223198\product-traditional-leah-floor-lamp-02-01.jpg;assets\products\traditional\board-4223198\product-traditional-leah-floor-lamp-02-02.jpg;assets\products\traditional\board-4223198\product-traditional-leah-floor-lamp-02-03.jpg,https://havenly.com/products/details/Leah-Floor-Lamp-Interior-Define-138992546,4223198
Olga Table Lamp,Lighting,traditional,Modern|Traditional,"${'id': '47685926410', 'price': 235.62, '__typename': 'PriceModel'} (was $504)","Fixture; Height 22"", Diameter 15"", Weight 5Lbs | Shade; Height 10"", Lower Diameter 15"", Upper Diameter 12""",Glass,Cream,"Comforting, simple style to enhance your room. The Olga Table Lamp from Alder & Ore may have a familiar shape, but it has a high-quality and minimalist construction that will blend seamlessly with any established motif. The body looks like a milk jug and is made out of ceramic for a versatile design and long-lasting durability. As it passes through the tapered shade, the light becomes diffused, filling living rooms and bedrooms alike with a soothing and warm glow. Color: Cream. Finish: Cream Cer",Alder & Ore,out_of_stock,assets\products\traditional\board-4223198\product-traditional-olga-table-lamp-03-01.jpg,https://havenly.com/products/details/Olga-Table-Lamp-Alder-Ore-145147095,4223198
"Minimalist Modern Abstract Exp by June Journal - Framed Wall Art Bamboo 12"" x 12""",Art & Mirrors,traditional,Modern|Traditional,$69,12 x 12 x 2,Wood,"Multi-color, Bamboo","Frame it up. The Deny Designs framed art takes away all the hassle of finding the right frame for your art. The art is printed on a satin wood finish and comes exposed for a more artistic look. The frames are available in three different colors and a variety of sizes so no matter your design needs, we have just the option for you. Sprinkle in different sizes and maybe an art canvas or two to help create a picture perfect gallery wall. And the best part? Every purchase pays the artist who designe",Deny Designs,in_stock,assets\products\traditional\board-4223198\product-traditional-minimalist-modern-abstract-exp-by-june-journal-framed-wall-a-01-01.jpg;assets\products\traditional\board-4223198\product-traditional-minimalist-modern-abstract-exp-by-june-journal-framed-wall-a-01-02.jpg,https://havenly.com/products/details/Minimalist-Modern-Abstract-Exp-by-June-Journal-Framed-Wall-Art-Bamboo-12-x-12-Deny-Designs-84567856,4223198
"Maximalist Geometric 03 by The Old Art Studio - Framed Wall Art Bamboo 12"" x 12""",Art & Mirrors,traditional,Modern|Traditional,$69,12 x 12 x 2,Wood,pink,"Frame it up. The Deny Designs framed art takes away all the hassle of finding the right frame for your art. The art is printed on a satin wood finish and comes exposed for a more artistic look. The frames are available in three different colors and a variety of sizes so no matter your design needs, we have just the option for you. Sprinkle in different sizes and maybe an art canvas or two to help create a picture perfect gallery wall. And the best part? Every purchase pays the artist who designe",Deny Designs,in_stock,assets\products\traditional\board-4223198\product-traditional-maximalist-geometric-03-by-the-old-art-studio-framed-wall-ar-02-01.jpg,https://havenly.com/products/details/Maximalist-Geometric-03-by-The-Old-Art-Studio-Framed-Wall-Art-Bamboo-12-x-12-Deny-Designs-85350472,4223198
Fair Woodlands Framed Painting,Art & Mirrors,traditional,Modern|Traditional,$69,18.0 X 18.0 X 2.0,"Print on Canvas, Pine Frame and Stretchers",blue green cream,"Print on polyester canvas, Pine frame & stretchers, Hanging hardware included, Fair Woodlands’ soft, muted colors create a serene and comforting setting for the viewer, while the pine frame is stained in warm brown for a sentimental finish.",Moes Home Collection,out_of_stock,assets\products\traditional\board-4223198\product-traditional-fair-woodlands-framed-painting-03-01.jpg;assets\products\traditional\board-4223198\product-traditional-fair-woodlands-framed-painting-03-02.jpg;assets\products\traditional\board-4223198\product-traditional-fair-woodlands-framed-painting-03-03.jpg;assets\products\traditional\board-4223198\product-traditional-fair-woodlands-framed-painting-03-04.jpg;assets\products\traditional\board-4223198\product-traditional-fair-woodlands-framed-painting-03-05.jpg,https://havenly.com/products/details/Fair-Woodlands-Framed-Painting-Moes-Home-Collection-131941783,4223198
THE SOUTH  BY DAN HOBDAY ART,Art & Mirrors,traditional,Modern|Traditional,$149,"30"" x 30""",Bamboo Frame/Plexi,Neutral,"The art is printed on a satin wood finish and comes exposed for a more artistic look. The frames are available in three different colors and a variety of sizes so no matter your design needs, we have just the option for you. Sprinkle in different sizes and maybe an art canvas or two to help create a picture perfect gallery wall. And the best part? Every purchase pays the artist who designed it—supporting creativity worldwide.",Deny Designs,in_stock,assets\products\traditional\board-4223198\product-traditional-the-south-by-dan-hobday-art-04-01.jpg;assets\products\traditional\board-4223198\product-traditional-the-south-by-dan-hobday-art-04-02.jpg,https://havenly.com/products/details/THE-SOUTH-BY-DAN-HOBDAY-ART-Deny-Designs-135152485,4223198
Hudson Frame,Other,traditional,Modern|Traditional,"${'id': '47671150429', 'price': 79.95, '__typename': 'PriceModel'} (was $98)",8x10,"Handpainted iron, tropical hardwood, glass",Beige,"This delicately handcrafted piece features an iron frame and tropical hardwood beaded detail - a beautiful way to display treasured memories. Hudson Frame by Anthropologie in Beige, Size: 8 X 10",Anthropologie,out_of_stock,assets\products\traditional\board-4223198\product-traditional-hudson-frame-01-01.jpg,https://havenly.com/products/details/Hudson-Frame-Anthropologie-118555646,4223198
"Cabin Stripe Throw Blanket, Navy",Other,traditional,Modern|Traditional,$95,"50""W x 60""L",Cabin Stripe Throw Blanket,"Neutral, Blue","Neutral with a hint of pattern, our Cabin Stripe Throw Blanket is a cozy staple that looks as good as it feels. Available in 3 colors. 100% Acrylic Navy:  Composition: 100% Acrylic",The Inside,in_stock,assets\products\traditional\board-4223198\product-traditional-cabin-stripe-throw-blanket-navy-02-01.jpg;assets\products\traditional\board-4223198\product-traditional-cabin-stripe-throw-blanket-navy-02-02.jpg;assets\products\traditional\board-4223198\product-traditional-cabin-stripe-throw-blanket-navy-02-03.jpg;assets\products\traditional\board-4223198\product-traditional-cabin-stripe-throw-blanket-navy-02-04.jpg,https://havenly.com/products/details/Cabin-Stripe-Throw-Blanket-Navy-The-Inside-133506534,4223198
Sadie Console Table,Furniture,traditional,Modern|Traditional,$319.95,"12"" X 38"" X 32""","Rubber Wood, Mdf Acacia Veneer",Navy,"Give a sleek update to any corner of your home with our exclusive console table. Defined by clean crisp lines and a sleek matte finish, the console table impresses with its effortless style. It is enriched in a charming shade of navy blue to make a bold and classy statement in any room. Besides providing adequate space to display all your favorite decor items, our console table features two drawers to keep all your knick-knacks out of sight and organized.",Safavieh,in_stock,assets\products\traditional\board-4223911\product-traditional-sadie-console-table-01-01.jpg;assets\products\traditional\board-4223911\product-traditional-sadie-console-table-01-02.jpg;assets\products\traditional\board-4223911\product-traditional-sadie-console-table-01-03.jpg;assets\products\traditional\board-4223911\product-traditional-sadie-console-table-01-04.jpg;assets\products\traditional\board-4223911\product-traditional-sadie-console-table-01-05.jpg,https://havenly.com/products/details/Sadie-Console-Table-Safavieh-132455013,4223911
Emlyn Woven Basket,Decor & Pillows,traditional,Modern|Traditional,$149.95,"20"" dia. x 20""H",NATURAL PLANT MATERIAL,Brown,"Chunky braids of rustic bankuan leaves weave a tall textural basket, ready to stow toys, towels, magazines and more. Sturdy handles are soft to the touch but strong enough for carting stored items. Casual storage option adds a warm natural touch to any room.     Bankuan, rattan, wicker and wire  Indoor use only  Wipe clean with soft, dry cloth  Made in The Philippines Emlyn Woven Basket",Crate and Barrel,in_stock,assets\products\traditional\board-4223911\product-traditional-emlyn-woven-basket-01-01.jpg;assets\products\traditional\board-4223911\product-traditional-emlyn-woven-basket-01-02.jpg;assets\products\traditional\board-4223911\product-traditional-emlyn-woven-basket-01-03.jpg;assets\products\traditional\board-4223911\product-traditional-emlyn-woven-basket-01-04.jpg;assets\products\traditional\board-4223911\product-traditional-emlyn-woven-basket-01-05.jpg,https://havenly.com/products/groups/crate-and-barrel-49285-148109?vendorVariantId=6950096,4223911
Belle Bowl,Decor & Pillows,traditional,Modern|Traditional,$178,10.5 x 10.5 x 4.5,Wood,Whitewash,"The Belle Bowl is inspired by Italian midcentury design. The low bowl, made from mango wood in a white washed finish, flares out at the center, creating a striking silhouette. Display as sculpture on any surface.",Elk Home,in_stock,assets\products\traditional\board-4223911\product-traditional-belle-bowl-02-01.jpg;assets\products\traditional\board-4223911\product-traditional-belle-bowl-02-02.jpg;assets\products\traditional\board-4223911\product-traditional-belle-bowl-02-03.jpg;assets\products\traditional\board-4223911\product-traditional-belle-bowl-02-04.jpg;assets\products\traditional\board-4223911\product-traditional-belle-bowl-02-05.jpg,https://havenly.com/products/details/Belle-Bowl-Elk-Home-130254710,4223911
Faux Silver Dollar Eucalyptus Tree 8',Decor & Pillows,traditional,Modern|Traditional,$449,"38""Wx36""Dx96""H",PLASTIC,Multicolor,"Our eucalyptus tree is so convincing and lifelike that the only thing missing is the scent. Unparalleled in quality and skillfully crafted to look just like the real thing, our faux tree charms with a lush presentation of eucalyptus's unmistakable round and silvery blue-green leaves. Refresh your living room, sun room or bedroom with the look of fresh greenery without the care. Each of our exclusive eight-foot-tall trees comes ""potted"" in its own container, though we invite you to enhance the lo",Crate and Barrel,out_of_stock,assets\products\traditional\board-4223911\product-traditional-faux-silver-dollar-eucalyptus-tree-8-03-01.jpg;assets\products\traditional\board-4223911\product-traditional-faux-silver-dollar-eucalyptus-tree-8-03-02.jpg;assets\products\traditional\board-4223911\product-traditional-faux-silver-dollar-eucalyptus-tree-8-03-03.jpg;assets\products\traditional\board-4223911\product-traditional-faux-silver-dollar-eucalyptus-tree-8-03-04.jpg,https://havenly.com/products/details/Faux-Silver-Dollar-Eucalyptus-Tree-8-Crate-and-Barrel-130583191,4223911
Bolga Baskets | Natural Palette,Decor & Pillows,traditional,Modern|Traditional,$129,"15"" x 11""","Elephant Grass, Leather",Natural with Black Handles,"The large round is one of our most popular styles and the two handled version is new for us. Perfect for all your storage and home decor needs, it can also be used as a decorative addition for plant pots. The black and white goat leather handle is the signature of the collective we buy from. Large Round Bolga Baskets are approximately 15 inches x 11 inches not including the handle and fold for easy shipping. This particular model is designed for storage over shopping.",Powered by People,out_of_stock,assets\products\traditional\board-4223911\product-traditional-bolga-baskets-natural-palette-04-01.jpg;assets\products\traditional\board-4223911\product-traditional-bolga-baskets-natural-palette-04-02.jpg;assets\products\traditional\board-4223911\product-traditional-bolga-baskets-natural-palette-04-03.jpg,https://havenly.com/products/details/Bolga-Baskets-Natural-Palette-Powered-by-People-151139672,4223911
"Eagan 24"" Glass Table Lamp",Lighting,traditional,Modern|Traditional,$117.14999999999999,"15"" x 15"" x 24""","Iron, Glass, 100% Cotton","Gold, White, Clear","Let your room shine with the addition of this modern, 24-inch high, Iron & Glass table lamp. It has a Cotton shade that delivers bright ambient lighting. Add an vibrant flair to any room with its Gold finish.This table lamp is perfect for a side or end table to illuminate your living room, bedroom, dining room, kitchen, or entrywayA cotton shade spreads gentle light adding a cozy atmosphere to any space in your homeAssembled Dimensions: 24"" H x 15"" W x 15"" DCord Length: 80""Switch Type: 3-WayBulb",nuloom,in_stock,assets\products\traditional\board-4223911\product-traditional-eagan-24-glass-table-lamp-01-01.jpg;assets\products\traditional\board-4223911\product-traditional-eagan-24-glass-table-lamp-01-02.jpg;assets\products\traditional\board-4223911\product-traditional-eagan-24-glass-table-lamp-01-03.jpg;assets\products\traditional\board-4223911\product-traditional-eagan-24-glass-table-lamp-01-04.jpg;assets\products\traditional\board-4223911\product-traditional-eagan-24-glass-table-lamp-01-05.jpg,https://havenly.com/products/details/Eagan-24-Glass-Table-Lamp-nuloom-81231695,4223911
"Braided Natural Jute Pouf Small 19""",Furniture,traditional,Classic|Traditional|Country|Preppy|Modern Cottage|Traditional Charm|Artful Eclectic,$129,"19"" Diameter x 12.75""",Jute,Natural,"Spontaneous seating rounds out the room in coiled braids of light and natural jute. Dense poly-fill makes pouf sturdy for seat/ottoman duty. Or, top it with a tray when guests pop in.  -Jute cover -Cotton/olefin shell -Polyfill interior -Indoor use only -Spot clean -Made in India Braided Natural Jute Pouf Small 19""",CB2,in_stock,assets\products\traditional\board-4228482\product-traditional-braided-natural-jute-pouf-small-19-01-01.jpg;assets\products\traditional\board-4228482\product-traditional-braided-natural-jute-pouf-small-19-01-02.jpg,https://havenly.com/products/details/Braided-Natural-Jute-Pouf-Small-19-CB2-51967542,4228482
Sierra Buttermilk Media Console,Furniture,traditional,Classic|Traditional|Country|Preppy|Modern Cottage|Traditional Charm|Artful Eclectic,$861.84,"65.0""W x 18.0""D x 24""H","Acacia,Rattan,Rubberwood,Veneer",Buttermilk,"The Sierra Console mixes a relaxed boho feel with a more tailored frame. Its slim brass legs bring a little shine and keep the overall look modern.Product Dimensions: 65.0""W x 18.0""D x 24""HAvailable in two color optionsFeatures plenty of storage with three soft close cabinetsPart of the Sierra collectionSkillfully Handmade",TOV FURNITURE,in_stock,assets\products\traditional\board-4228482\product-traditional-sierra-buttermilk-media-console-02-01.jpg;assets\products\traditional\board-4228482\product-traditional-sierra-buttermilk-media-console-02-02.jpg;assets\products\traditional\board-4228482\product-traditional-sierra-buttermilk-media-console-02-03.jpg;assets\products\traditional\board-4228482\product-traditional-sierra-buttermilk-media-console-02-04.jpg;assets\products\traditional\board-4228482\product-traditional-sierra-buttermilk-media-console-02-05.jpg,https://havenly.com/products/details/Sierra-Buttermilk-Media-Console-TOV-FURNITURE-106256256,4228482
Colten Round Storage Coffee Table Ottoman,Furniture,traditional,Classic|Traditional|Country|Preppy|Modern Cottage|Traditional Charm|Artful Eclectic,$820,34.0 x 34.0 x 17.0,Performance Linen Weave,Rose,"Colten's rounded, clean shape makes for an understated accent piece that looks right at home anywhere.34"" Diameter, 17"" HeightDesigner tip: Colten makes for a great coffee table option, especially when topped with a tray.Pairs well with: Maxwell, Lukas, Marlow",Interior Define,in_stock,assets\products\traditional\board-4228482\product-traditional-colten-round-storage-coffee-table-ottoman-03-01.jpg;assets\products\traditional\board-4228482\product-traditional-colten-round-storage-coffee-table-ottoman-03-02.jpg;assets\products\traditional\board-4228482\product-traditional-colten-round-storage-coffee-table-ottoman-03-03.jpg,https://havenly.com/products/details/Colten-Round-Storage-Coffee-Table-Ottoman-Interior-Define-126295272,4228482
Tegan Swivel Chair,Furniture,traditional,Classic|Traditional|Country|Preppy|Modern Cottage|Traditional Charm|Artful Eclectic,$1405,"24""D x 30""W x 30""H",Performance Loop Weave,Champagne,"Graceful lines meet smart tailoring with the Tegan swivel chair. Its soft curves and surprising details call back to the rest of the Tegan collection, making it a seamless addition. The Tegan swivel chair's hidden base features a steel ball-bearing mechanism for a smooth, 360Ã?Â° swivel.Tegan is more than just form; it's functional, too, and that function is feeling comfortable. The tight seat and back provide support, but has just enough give to let you sink in and relax. For extra lounge-abili",Interior Define,in_stock,assets\products\traditional\board-4228482\product-traditional-tegan-swivel-chair-04-01.jpg;assets\products\traditional\board-4228482\product-traditional-tegan-swivel-chair-04-02.jpg;assets\products\traditional\board-4228482\product-traditional-tegan-swivel-chair-04-03.jpg;assets\products\traditional\board-4228482\product-traditional-tegan-swivel-chair-04-04.jpg;assets\products\traditional\board-4228482\product-traditional-tegan-swivel-chair-04-05.jpg,https://havenly.com/products/details/Tegan-Swivel-Chair-Interior-Define-133292499,4228482
James 3-Seat Right Chaise Sleeper Sectional,Furniture,traditional,Classic|Traditional|Country|Preppy|Modern Cottage|Traditional Charm|Artful Eclectic,$5300,"114"" x 65""",Performance Plush Velvet,Mink,"James beautifully marries modern design with a transitional feel. Its to-the-floor platform and hidden legs are sleek, while subtle crowns in the seat and arms keep it soft. In keeping with its linear design, James' wide arms and back frame are finished with structural piping for a balanced look. Top it all off with cozy side cushions, and you have yourself the modern, lounge-ready sofa of your dreams.Sleeper queen mattress dimensions: 60""W x 72""L x 5.5""H",Interior Define,in_stock,assets\products\traditional\board-4228482\product-traditional-james-3-seat-right-chaise-sleeper-sectional-05-01.jpg;assets\products\traditional\board-4228482\product-traditional-james-3-seat-right-chaise-sleeper-sectional-05-02.jpg;assets\products\traditional\board-4228482\product-traditional-james-3-seat-right-chaise-sleeper-sectional-05-03.jpg;assets\products\traditional\board-4228482\product-traditional-james-3-seat-right-chaise-sleeper-sectional-05-04.jpg;assets\products\traditional\board-4228482\product-traditional-james-3-seat-right-chaise-sleeper-sectional-05-05.jpg,https://havenly.com/products/details/James-3-Seat-Right-Chaise-Sleeper-Sectional-Interior-Define-153677226,4228482
Faux Olive Tree,Decor & Pillows,traditional,Classic|Traditional|Country|Preppy|Modern Cottage|Traditional Charm|Artful Eclectic,$499,"38"" Diameter x 84""",Plastic,Green,"Refresh the room with a touch of the Mediterranean. Our lifelike, seven-foot-tall olive tree fools the eye with its realistic branches and soft green leaves characteristic of the olive tree. Although already potted in its own container, we recommend ""planting"" it in one of the many attractive planters in our collection. Polyester, plastic, Styrofoam and wire. Dust with a dry cloth or blow dry on cool. For indoor use only. Keep out of direct sunlight. Made in China.",Crate and Barrel,in_stock,assets\products\traditional\board-4228482\product-traditional-faux-olive-tree-01-01.jpg;assets\products\traditional\board-4228482\product-traditional-faux-olive-tree-01-02.jpg;assets\products\traditional\board-4228482\product-traditional-faux-olive-tree-01-03.jpg;assets\products\traditional\board-4228482\product-traditional-faux-olive-tree-01-04.jpg,https://havenly.com/products/details/Faux-Olive-Tree-Crate-and-Barrel-73445676,4228482
Walton Bowl,Decor & Pillows,traditional,Classic|Traditional|Country|Preppy|Modern Cottage|Traditional Charm|Artful Eclectic,$118,14.5 x 7.5 x 3.5,Metal,Gold,"The Walton Bowl is a beautiful metal bowl with an elongated, organic shape and shiny gold finish. The rim of the bowl includes a delicate gold branch and leaf detail, adding to its organic appeal.",Elk Home,in_stock,assets\products\traditional\board-4228482\product-traditional-walton-bowl-02-01.jpg;assets\products\traditional\board-4228482\product-traditional-walton-bowl-02-02.jpg;assets\products\traditional\board-4228482\product-traditional-walton-bowl-02-03.jpg;assets\products\traditional\board-4228482\product-traditional-walton-bowl-02-04.jpg;assets\products\traditional\board-4228482\product-traditional-walton-bowl-02-05.jpg,https://havenly.com/products/details/Walton-Bowl-Elk-Home-130254053,4228482
"Tabitha Machine Washable 8'10"" x 12' Rug",Rugs,traditional,Classic|Traditional|Country|Preppy|Modern Cottage|Traditional Charm|Artful Eclectic,$965,"8'10"" x 12'",100% Chenille-Polyester (machine washable),taupe,"100% Chenille-Polyester.  Machine wash cold on delicate cycle. Do not bleach. Lay flat to dry.  7'10"" x 10'2""",Interior Define,in_stock,assets\products\traditional\board-4228482\product-traditional-tabitha-machine-washable-8-10-x-12-rug-01-01.jpg;assets\products\traditional\board-4228482\product-traditional-tabitha-machine-washable-8-10-x-12-rug-01-02.jpg;assets\products\traditional\board-4228482\product-traditional-tabitha-machine-washable-8-10-x-12-rug-01-03.jpg,https://havenly.com/products/details/Tabitha-Machine-Washable-8-10-x-12-Rug-Interior-Define-138870702,4228482
Luxury Rug Pads,Rugs,traditional,Classic|Traditional|Country|Preppy|Modern Cottage|Traditional Charm|Artful Eclectic,$135,6' x 9',PVC,N/A,"<div data-content-type=""html"" data-appearance=""default"" data-element=""main"">&lt;p&gt;The Luxury Grip rug pad is made of 100% PVC. It features a thick, luxurious open weave construction that allows for proper air flow on hard surfaces. Good cushion, support and structure.&lt;/p&gt;   &lt;ul&gt; &lt;li&gt;Thickness: 0.16""&lt;/li&gt; &lt;li&gt;Made from 100% PVC&lt;/li&gt; &lt;/ul&gt;</div>",Interior Define,out_of_stock,assets\products\traditional\board-4228482\product-traditional-luxury-rug-pads-02-01.jpg;assets\products\traditional\board-4228482\product-traditional-luxury-rug-pads-02-02.jpg;assets\products\traditional\board-4228482\product-traditional-luxury-rug-pads-02-03.jpg,https://havenly.com/products/details/Luxury-Rug-Pads-Interior-Define-152534047,4228482
Jacqueline Vanity Mirror,Art & Mirrors,traditional,Classic|Traditional|Country|Preppy|Modern Cottage|Traditional Charm|Artful Eclectic,$446.4,"28"" x 43""","Metal, Mirror",Brass,This Mirror Frame Is Finished In A Champagne Silver Leaf That Has Been Crackled And Antiqued So The Dark Undercoat Shows Through The Leafing.,Uttermost,in_stock,assets\products\traditional\board-4228482\product-traditional-jacqueline-vanity-mirror-01-01.jpg;assets\products\traditional\board-4228482\product-traditional-jacqueline-vanity-mirror-01-02.jpg,https://havenly.com/products/details/Jacqueline-Vanity-Mirror-Uttermost-58716957,4228482
"Foraged Wildflowers Framed Art, 26"" x 32""",Art & Mirrors,traditional,Classic|Traditional|Country|Preppy|Modern Cottage|Traditional Charm|Artful Eclectic,$419,"26"" x 32""","Paper, Wood, Glass","Blue, Ivory, Brown","There is beauty in simplicity with the inky blue hue of the Foraged Wildflowers piece. Floated on a mat, this artist enhanced piece lends a hint of color to your space, whether it’s styled as part of a gallery wall or layered on a console.",McGee & Co.,out_of_stock,assets\products\traditional\board-4228482\product-traditional-foraged-wildflowers-framed-art-26-x-32-02-01.jpg;assets\products\traditional\board-4228482\product-traditional-foraged-wildflowers-framed-art-26-x-32-02-02.jpg,https://havenly.com/products/details/Foraged-Wildflowers-Framed-Art-26-x-32-McGee-Co-87927584,4228482
Felicity Bar Cart - Gold - Safavieh,Other,traditional,Classic|Traditional|Country|Preppy|Modern Cottage|Traditional Charm|Artful Eclectic,$318.6,"31"" x 18"" x 30""","Steel, Glass",Gold,"Ready to serve party guests in style, the two-tiered Felicity bar cart in gold-finished iron is dressed up with mirrored glass top and lower shelf. Classic curved handles and four steel casters make it a breeze to move liquor, wine and glasses with ease.",Safavieh,back_ordered,assets\products\traditional\board-4228482\product-traditional-felicity-bar-cart-gold-safavieh-01-01.jpg;assets\products\traditional\board-4228482\product-traditional-felicity-bar-cart-gold-safavieh-01-02.jpg;assets\products\traditional\board-4228482\product-traditional-felicity-bar-cart-gold-safavieh-01-03.jpg;assets\products\traditional\board-4228482\product-traditional-felicity-bar-cart-gold-safavieh-01-04.jpg,https://havenly.com/products/details/Felicity-Bar-Cart-Gold-Safavieh-Safavieh-6226225,4228482
Gia Pillow Cover,Other,traditional,Classic|Traditional|Country|Preppy|Modern Cottage|Traditional Charm|Artful Eclectic,$146,14x20,Linen/Cotton,Beige/Green,,McGee & Co.,in_stock,assets\products\traditional\board-4228482\product-traditional-gia-pillow-cover-02-01.jpg,https://havenly.com/products/details/Gia-Pillow-Cover-McGee-Co-107438565,4228482
Solid Extra-Grip Rug Pad,Other,traditional,Classic|Traditional|Country|Preppy|Modern Cottage|Traditional Charm|Artful Eclectic,$240,6x9,100% PVC Coated Polyester,Extra-Grip,"The Solid Extra Grip Rug Pad has an extra-thick profile to provide additional cushioning underfoot. Solidly constructed, it is PVC-coated to prevent spilled liquids from leaking through to the floor, making it perfect for homes with kids and pets.",Dash and Albert,in_stock,assets\products\traditional\board-4228482\product-traditional-solid-extra-grip-rug-pad-03-01.jpg,https://havenly.com/products/details/Solid-Extra-Grip-Rug-Pad-Dash-and-Albert-151445745,4228482
"Supreme Felted Rug Pad, 6' x 9'",Other,traditional,Classic|Traditional|Country|Preppy|Modern Cottage|Traditional Charm|Artful Eclectic,$199,6' x 9',100% felt,Grey,"Made in the USA, this 100% felt rug pad offers the most luxuriously comfortable base for your area rug",The Inside,in_stock,assets\products\traditional\board-4228482\product-traditional-supreme-felted-rug-pad-6-x-9-04-01.jpg,https://havenly.com/products/details/Supreme-Felted-Rug-Pad-6-x-9-The-Inside-148221916,4228482
"Ravine Concrete Accent Tables, Set Of 2",Furniture,traditional,Modern|Traditional|Transitional|Global|Organic Modern,$379,"Large Table: 17""H x 10.5"" dia Small Table: 20.5""H x 9"" dia",Concrete,Parchment White,"Concrete accent tables stagger in height for a wide variety of options. Makes for an impactful pedestal for display or handy extra surface beside a sofa. Parchment white in color for a clean, industrial-spun vibe. Tall table measures 8.5""D x 20""H. Shorter table measures 10.5""D x 16.5""H.",Four Hands,in_stock,assets\products\traditional\board-4233187\product-traditional-ravine-concrete-accent-tables-set-of-2-01-01.jpg;assets\products\traditional\board-4233187\product-traditional-ravine-concrete-accent-tables-set-of-2-01-02.jpg;assets\products\traditional\board-4233187\product-traditional-ravine-concrete-accent-tables-set-of-2-01-03.jpg;assets\products\traditional\board-4233187\product-traditional-ravine-concrete-accent-tables-set-of-2-01-04.jpg;assets\products\traditional\board-4233187\product-traditional-ravine-concrete-accent-tables-set-of-2-01-05.jpg,https://havenly.com/products/groups/four-hands-vevr-86385?vendorVariantId=129844656,4233187
"Drum Ottoman, Black Bamboo Garden",Furniture,traditional,Modern|Traditional|Transitional|Global|Organic Modern,$389,"19""H x 18""W x 18""D",Construction - Hardwood Alderwood and Poly Fill. Fabric - 100% Cotton.,Black,The Drum Ottoman--perfect in every way and even better as a pair. Fully upholstered and extra comfortable as an additional seat Black Bamboo Garden: A romantic study of blossoming flowers on the vine. Composition: 100% Cotton,The Inside,in_stock,assets\products\traditional\board-4233187\product-traditional-drum-ottoman-black-bamboo-garden-02-01.jpg;assets\products\traditional\board-4233187\product-traditional-drum-ottoman-black-bamboo-garden-02-02.jpg;assets\products\traditional\board-4233187\product-traditional-drum-ottoman-black-bamboo-garden-02-03.jpg,https://havenly.com/products/details/Drum-Ottoman-Black-Bamboo-Garden-The-Inside-121054828,4233187
"Tub Swivel Chair, Rust Classic Velvet",Furniture,traditional,Modern|Traditional|Transitional|Global|Organic Modern,$1094,"Overall: 30""W x 34""D x 30""H
Seat: 22""H x 23""D x 18""H","Construction - Pine Lumber and Engineered Wood , Polyester Fiber,  Polyurethane Foam. Fabric - 100% Polyester.",Rust Classic Velvet,"Equal parts classic and on-trend, our Tub Swivel chair is the retro accent chair that will make your living room Rust Classic Velvet: A sublimely soft velvet that holds up to everyday life, our Classic Velvets are made of durable polyester designed to resist fading, crushing, and stains. Composition: 100% Polyester",The Inside,out_of_stock,assets\products\traditional\board-4233187\product-traditional-tub-swivel-chair-rust-classic-velvet-03-01.jpg;assets\products\traditional\board-4233187\product-traditional-tub-swivel-chair-rust-classic-velvet-03-02.jpg,https://havenly.com/products/details/Tub-Swivel-Chair-Rust-Classic-Velvet-The-Inside-120852694,4233187
Sigwarth End Table with Storage,Furniture,traditional,Modern|Traditional|Transitional|Global|Organic Modern,"${'id': '47486360130', 'price': 274.99, '__typename': 'PriceModel'} (was $299.99)",22'' H x 22'' W x 24'' D,Wood,Slate Brown,"A smooth finish, a dovetailed drawer, and brushed nickel hardware make this Espresso Modern End Table everyone's favorite. There is plenty of storage with the full-size drawer and one shelf, perfectly accenting your living room couch or a chair in the den, or bring it into the bedroom for a stylish nightstand. Available in Espresso Brown and Grey-Brown Carlton finishes.",Wayfair,in_stock,assets\products\traditional\board-4233187\product-traditional-sigwarth-end-table-with-storage-04-01.jpg,https://havenly.com/products/details/Sigwarth-End-Table-with-Storage-Wayfair-81464468,4233187
"Velvet Curtain, Denim Performance Velvet, 50"" x 96"", Blackout",Decor & Pillows,traditional,Modern|Traditional|Transitional|Global|Organic Modern,$215,"50"" x 96""", Fabric - 100% Polyester.,Blue,"All panels sold individually -- Our two-in-one construction with duo hanging options gives you the best of both worlds. Use the rod pocket for a soft, bunched look, and the back tabs for a tailored, pleated look Denim Performance Velvet:  Composition: 100% Polyester",The Inside,out_of_stock,assets\products\traditional\board-4233187\product-traditional-velvet-curtain-denim-performance-velvet-50-x-96-blackout-01-01.jpg;assets\products\traditional\board-4233187\product-traditional-velvet-curtain-denim-performance-velvet-50-x-96-blackout-01-02.jpg;assets\products\traditional\board-4233187\product-traditional-velvet-curtain-denim-performance-velvet-50-x-96-blackout-01-03.jpg,https://havenly.com/products/details/Velvet-Curtain-Denim-Performance-Velvet-50-x-96-Blackout-The-Inside-143473597,4233187
Silk Stitch High Performance Wallpaper,Decor & Pillows,traditional,Modern|Traditional|Transitional|Global|Organic Modern,$119.98,27 in x 27 ft = 60.75 sq ft,Unpasted - Scrubbable - Strippable,purple,Features	Unpasted - Scrubbable - Strippable Product Dimensions Standard	27 in x 27 ft = 60.75 sq ft Product Dimensions Metric	68.58 cm x 8.22 m = 5.63 sq m Material	High Performance Vinyl Match Type	Reversible Repeat	None Installation	Unpasted,York Wallcoverings,in_stock,assets\products\traditional\board-4233187\product-traditional-silk-stitch-high-performance-wallpaper-02-01.jpg,https://havenly.com/products/details/Silk-Stitch-High-Performance-Wallpaper-York-Wallcoverings-115405139,4233187
AFRICAN AMULET PENDANT - SUN,Decor & Pillows,traditional,Modern|Traditional|Transitional|Global|Organic Modern,$145,"10""W x 2""D x 4""H",solid brass,Aged bronze,"Revered as symbols of protection and prosperity by the Gan tribes of West Africa, pendants such as these were worn into battle or used for ceremonial rituals throughout the last century. Employing a traditional lost-wax casting method, our reproductions are meticulously rendered in solid brass with an aged bronze finish and mounted on iron stands.",RH,in_stock,assets\products\traditional\board-4233187\product-traditional-african-amulet-pendant-sun-03-01.jpg,https://havenly.com/products/details/AFRICAN-AMULET-PENDANT-SUN-RH-7449940,4233187
"Black Metal Planter with Stand, Set of 2",Decor & Pillows,traditional,Modern|Traditional|Transitional|Global|Organic Modern,$84,"12-3/4"" Round x 22""H Metal Planter w/ Chevron Relief Pattern & Stand, Matte White, Set of 2 (Holds 10"" Pot)",Iron,"White, Black","This planter has a simple and modern chevron pattern. This set of two elegant planters with stands reflects minimalism, inspired by classic mid-century style. The matte black color fits to most home decor and can be paired with a variety of plants. This planter holds a 10"" pot, such as cactus, snake plants, ZZ plants, and more.",Bloomingville,out_of_stock,assets\products\traditional\board-4233187\product-traditional-black-metal-planter-with-stand-set-of-2-04-01.jpg;assets\products\traditional\board-4233187\product-traditional-black-metal-planter-with-stand-set-of-2-04-02.jpg;assets\products\traditional\board-4233187\product-traditional-black-metal-planter-with-stand-set-of-2-04-03.jpg;assets\products\traditional\board-4233187\product-traditional-black-metal-planter-with-stand-set-of-2-04-04.jpg;assets\products\traditional\board-4233187\product-traditional-black-metal-planter-with-stand-set-of-2-04-05.jpg,https://havenly.com/products/details/Black-Metal-Planter-with-Stand-Set-of-2-Bloomingville-88390946,4233187
"14"" Round Stoneware Desk Lamp",Lighting,traditional,Modern|Traditional|Transitional|Global|Organic Modern,$91,14 x 14 x 26.5,"Stoneware, Linen, Iron",Grey,"Lighting meets modern art in this striking, sculptural table lamp; The curvaceous embossed base in a distressed finish imparts a hand-crafted feel, perfectly complemented by a classic linen drum shade, resulting in a versatile piece with both rustic and modern appeal",Creative Co-Op,back_ordered,assets\products\traditional\board-4233187\product-traditional-14-round-stoneware-desk-lamp-01-01.jpg,https://havenly.com/products/details/14-Round-Stoneware-Desk-Lamp-Creative-Co-Op-116244984,4233187
Blakely Floor Lamp,Lighting,traditional,Modern|Traditional|Transitional|Global|Organic Modern,"${'id': '47674377220', 'price': 201.99, '__typename': 'PriceModel'} (was $239.95)","Fixture; Height 58"", Diameter 18"", Weight 7.47Lbs | Shade; Height 10"", Diameter 17""",Wood,Brown/Walnut,"The Blakely Floor Lamp from Alder & Ore is the fusion of transitional style and rustic modern functionality. This floor lamp features a drum-shaped shade made of linen, adding a touch of refinement. Supported by tripod-style wooden legs, not only does it provide durability, but it also accentuates the lamp's transitional aesthetic. The meticulously crafted shade expertly tempers the light emitted by the brilliant LED, creating a pleasant atmosphere for your room. Color: Brown/Walnut. Finish: Hav",Alder & Ore,out_of_stock,assets\products\traditional\board-4233187\product-traditional-blakely-floor-lamp-02-01.jpg,https://havenly.com/products/details/Blakely-Floor-Lamp-Alder-Ore-145160257,4233187
Evan Rattan Mirror,Art & Mirrors,traditional,Modern|Traditional|Transitional|Global|Organic Modern,$498,"33.5"" diameter","Rattan, Mirror",Black,"Crafted from rattan, this mirror features a natural woven finish that brings a touch of texture to your walls. Evan Rattan Mirror by Anthropologie in Black",Anthropologie,in_stock,assets\products\traditional\board-4233187\product-traditional-evan-rattan-mirror-01-01.jpg;assets\products\traditional\board-4233187\product-traditional-evan-rattan-mirror-01-02.jpg;assets\products\traditional\board-4233187\product-traditional-evan-rattan-mirror-01-03.jpg,https://havenly.com/products/details/Evan-Rattan-Mirror-Anthropologie-75852040,4233187
New Approach Artwork,Art & Mirrors,traditional,Modern|Traditional|Transitional|Global|Organic Modern,$432,27''x36'',"Wood frame, fiber",Multi,Artwork Made in India Hardware Pre-Attached and Ready to Hang Hardware: Made in America Frame: Made in America Orientation: Landscape,Loloi Rugs,out_of_stock,assets\products\traditional\board-4233187\product-traditional-new-approach-artwork-02-01.jpg;assets\products\traditional\board-4233187\product-traditional-new-approach-artwork-02-02.jpg;assets\products\traditional\board-4233187\product-traditional-new-approach-artwork-02-03.jpg;assets\products\traditional\board-4233187\product-traditional-new-approach-artwork-02-04.jpg,https://havenly.com/products/details/New-Approach-Artwork-Loloi-Rugs-86931805,4233187
"Northbank  15""H x 55""W x 28""D Coffee Table",Other,traditional,Modern|Traditional|Transitional|Global|Organic Modern,$1280,"15""H x 55""W x 28""D",Acacia; Acacia,Brown,"Add a sleek and sophisticated touch to your living room with the Northbank Coffee Table. Exhibiting a minimalist modern style, this coffee table stands out with its clean lines and simple design. Crafted from durable Acacia wood sourced from Vietnam, it exudes an earthy charm that complements any decor seamlessly. The table is easy to maintain too; all you need is a dry cloth for wiping away dust or spills, ensuring it looks fresh without the use of harsh cleaners. This Northbank Coffee Table se",Surya,in_stock,assets\products\traditional\board-4233187\product-traditional-northbank-15-h-x-55-w-x-28-d-coffee-table-01-01.jpg,https://havenly.com/products/details/Northbank-15-H-x-55-W-x-28-D-Coffee-Table-Surya-138693911,4233187
Nelsen 3 Drawer/Cushion Storage Bench,Other,traditional,Modern|Traditional|Transitional|Global|Organic Modern,"${'id': '47661185670', 'price': 459.99, '__typename': 'PriceModel'} (was $459.99)",19.0 H x 48.0 W x 15.0 D in,"Wood, Upholstered Cusion, Wicker Baskets",brown,This Nelsen Cushion Storage Bench performs double duty as a stylish storage solution and perfect seating in an entryway or mud room. Nelsen gives your décor a touch of contemporary farmhouse charm with its distressed white finish and three spacious basket drawers.,Wayfair,out_of_stock,assets\products\traditional\board-4233187\product-traditional-nelsen-3-drawer-cushion-storage-bench-02-01.jpg,https://havenly.com/products/details/Nelsen-3-Drawer-Cushion-Storage-Bench-Wayfair-104855937,4233187
Berger 98'' Upholstered Sofa,Other,traditional,Modern|Traditional|Transitional|Global|Organic Modern,$2699,29.0 H x 98.0 W x 39.0 D in,canvas,brown/red/white,"Standard design with a modern edge. This sofa features square arms and loose back cushions for a sleek look. Upholstered in a polyester blend, it's both comfortable and durable. The removable seat and back cushions make cleaning a breeze. Perfect for residential use. AllModern Upholstery Color: Aldred Silver",AllModern,in_stock,assets\products\traditional\board-4233187\product-traditional-berger-98-upholstered-sofa-03-01.jpg,https://havenly.com/products/details/Berger-98-Upholstered-Sofa-AllModern-116972559,4233187
Alessandra BLACK MARBLE SIDE TABLE,Furniture,traditional,Contemporary|Eclectic|Traditional|Classic Contemporary,$249,"13.3"" Diameter x 20""",Concrete,"Black, White","Maren Home strives for the perfect balance between style, comfort, quality and price. These bold, cutting-edge designs are in-step with latest trends. Solid construction and stunning design are exemplified with the Alessandra side table. Crafted from concrete with several marble finish options, this accent piece will shine in any space. Handmade by master furniture artisans. Concrete construction offers durability and style. Ships fully assembled.",TOV FURNITURE,in_stock,assets\products\traditional\board-4240421\product-traditional-alessandra-black-marble-side-table-01-01.jpg;assets\products\traditional\board-4240421\product-traditional-alessandra-black-marble-side-table-01-02.jpg;assets\products\traditional\board-4240421\product-traditional-alessandra-black-marble-side-table-01-03.jpg,https://havenly.com/products/details/Alessandra-BLACK-MARBLE-SIDE-TABLE-TOV-FURNITURE-88906208,4240421
Anderson Canopy Bed-Knoll Natural-King,Furniture,traditional,Contemporary|Eclectic|Traditional|Classic Contemporary,$4199,81.5 x 85.0 x 82.25 King,"Iron, 95% Pl, 5% Pc, Faux Leather","Waxed Black (pc), Knoll Natural",Bring texture into play. This iron canopy bed features a headboard upholstered in a classic boucle fabric with decorative leather straps for a material-driven contrast. Standard box spring required. This bed is not compatible with an adjustable mattress.,Four Hands,in_stock,assets\products\traditional\board-4240421\product-traditional-anderson-canopy-bed-knoll-natural-king-02-01.jpg;assets\products\traditional\board-4240421\product-traditional-anderson-canopy-bed-knoll-natural-king-02-02.jpg;assets\products\traditional\board-4240421\product-traditional-anderson-canopy-bed-knoll-natural-king-02-03.jpg;assets\products\traditional\board-4240421\product-traditional-anderson-canopy-bed-knoll-natural-king-02-04.jpg;assets\products\traditional\board-4240421\product-traditional-anderson-canopy-bed-knoll-natural-king-02-05.jpg,https://havenly.com/products/groups/four-hands-242944-85507?vendorVariantId=135630617,4240421
Belmont 12 Drawer Dresser - Black,Furniture,traditional,Contemporary|Eclectic|Traditional|Classic Contemporary,$4199,85.0 x 19.75 x 38.5,Iron,"Black, Weathered Bronze","Industrial-inspired, black-finished iron forms a wide and roomy twelve-drawer dresser, with bronzed knobs for contrast.",Four Hands,back_ordered,assets\products\traditional\board-4240421\product-traditional-belmont-12-drawer-dresser-black-03-01.jpg;assets\products\traditional\board-4240421\product-traditional-belmont-12-drawer-dresser-black-03-02.jpg;assets\products\traditional\board-4240421\product-traditional-belmont-12-drawer-dresser-black-03-03.jpg;assets\products\traditional\board-4240421\product-traditional-belmont-12-drawer-dresser-black-03-04.jpg;assets\products\traditional\board-4240421\product-traditional-belmont-12-drawer-dresser-black-03-05.jpg,https://havenly.com/products/details/Belmont-12-Drawer-Dresser-Black-Four-Hands-139390463,4240421
Freddie Nightstand - Brown,Furniture,traditional,Contemporary|Eclectic|Traditional|Classic Contemporary,$999,32.0 x 22.0 x 26.0,"Solid Mango, Iron","Brown, Black Iron","Inspired by French antique design, this dresser stands on round tapered legs with a prominent overhang top. Made of mango wood with cast iron key ring pulls, two drawers make it a versatile choice as a dresser or nightstand.",Four Hands,in_stock,assets\products\traditional\board-4240421\product-traditional-freddie-nightstand-brown-04-01.jpg;assets\products\traditional\board-4240421\product-traditional-freddie-nightstand-brown-04-02.jpg;assets\products\traditional\board-4240421\product-traditional-freddie-nightstand-brown-04-03.jpg;assets\products\traditional\board-4240421\product-traditional-freddie-nightstand-brown-04-04.jpg;assets\products\traditional\board-4240421\product-traditional-freddie-nightstand-brown-04-05.jpg,https://havenly.com/products/groups/four-hands-241434-85428?vendorVariantId=143002042,4240421
Caitlin Petite Chair by The EverygirlÃ?Â®,Furniture,traditional,Contemporary|Eclectic|Traditional|Classic Contemporary,$1005,32 x 33x 30,Performance Vintage Plush,Bayou,"Designed in collaboration with The Everygirl, the Caitlin custom sofa brings a touch of romance to any room. Its allure lies in details like piped seams, lumbar cushions, and tapered arms with soft pleating. These are matched with an otherwise clean profile, creating a piece that ""fits as perfectly in a casual apartment as it does a formal living space,"" according to The Everygirl Founder Alaina. ""Named for our very first intern, Caitlin Timson, who was a huge help when we began in 2012, Caitlin",Interior Define,in_stock,assets\products\traditional\board-4240421\product-traditional-caitlin-petite-chair-by-the-everygirl-05-01.jpg;assets\products\traditional\board-4240421\product-traditional-caitlin-petite-chair-by-the-everygirl-05-02.jpg;assets\products\traditional\board-4240421\product-traditional-caitlin-petite-chair-by-the-everygirl-05-03.jpg;assets\products\traditional\board-4240421\product-traditional-caitlin-petite-chair-by-the-everygirl-05-04.jpg;assets\products\traditional\board-4240421\product-traditional-caitlin-petite-chair-by-the-everygirl-05-05.jpg,https://havenly.com/products/details/Caitlin-Petite-Chair-by-The-Everygirl-Interior-Define-153954831,4240421
Shyam Table Clocks,Decor & Pillows,traditional,Contemporary|Eclectic|Traditional|Classic Contemporary,$194.4,12 W X 16 H X 5 D (in),Metal,"Brass, black","Clock Face Features A Metal Frame With A Brass Finish And Aged Black Stand. Quartz Movement Ensures Accurate Timekeeping. Requires One ""AA"" Battery.",Uttermost,in_stock,assets\products\traditional\board-4240421\product-traditional-shyam-table-clocks-01-01.jpg;assets\products\traditional\board-4240421\product-traditional-shyam-table-clocks-01-02.jpg;assets\products\traditional\board-4240421\product-traditional-shyam-table-clocks-01-03.jpg;assets\products\traditional\board-4240421\product-traditional-shyam-table-clocks-01-04.jpg,https://havenly.com/products/details/Shyam-Table-Clocks-Uttermost-8128572,4240421
"PILLOWS PAL0004 GREEN 22"" x 22"" Cover w/Poly",Decor & Pillows,traditional,Contemporary|Eclectic|Traditional|Classic Contemporary,$89,"22"" x 22"" Cover w/Poly",100% Cotton,GREEN,,Loloi Rugs,out_of_stock,assets\products\traditional\board-4240421\product-traditional-pillows-pal0004-green-22-x-22-cover-w-poly-02-01.jpg,https://havenly.com/products/details/PILLOWS-PAL0004-GREEN-22-x-22-Cover-w-Poly-Loloi-Rugs-116015103,4240421
Barcelona Bowl,Decor & Pillows,traditional,Contemporary|Eclectic|Traditional|Classic Contemporary,$156,18.25 x 18.25 x 4.25,Earthenware,White,"The Barcelona Bowl is a low, wide display bowl made from white painted earthenware. The top of the bowl is wrapped with natural fiber, which appears to be stitched around the rim.",Elk Home,out_of_stock,assets\products\traditional\board-4240421\product-traditional-barcelona-bowl-03-01.jpg;assets\products\traditional\board-4240421\product-traditional-barcelona-bowl-03-02.jpg;assets\products\traditional\board-4240421\product-traditional-barcelona-bowl-03-03.jpg;assets\products\traditional\board-4240421\product-traditional-barcelona-bowl-03-04.jpg,https://havenly.com/products/details/Barcelona-Bowl-Elk-Home-121050239,4240421
Fogel Gold Metal Gilded Picture Frame,Decor & Pillows,traditional,Contemporary|Eclectic|Traditional|Classic Contemporary,$58,6.0 H x 8.5 W x 0.5 D in,metal / glass,Brass,This simple brass photo frame shows off your favorite pictures with minimalist style. Birch Lane™,Birch Lane,in_stock,assets\products\traditional\board-4240421\product-traditional-fogel-gold-metal-gilded-picture-frame-04-01.jpg,https://havenly.com/products/details/Fogel-Gold-Metal-Gilded-Picture-Frame-Birch-Lane-125097804,4240421
Riven Vase - Large,Decor & Pillows,traditional,Contemporary|Eclectic|Traditional|Classic Contemporary,$66,4.75 x 4.75 x 16.5,Glass,Plum,The Riven vases have a traditional bottle shape. The matte finished glass has a warm marsala color. Group together for maximum impact.,Elk Home,in_stock,assets\products\traditional\board-4240421\product-traditional-riven-vase-large-05-01.jpg;assets\products\traditional\board-4240421\product-traditional-riven-vase-large-05-02.jpg;assets\products\traditional\board-4240421\product-traditional-riven-vase-large-05-03.jpg;assets\products\traditional\board-4240421\product-traditional-riven-vase-large-05-04.jpg;assets\products\traditional\board-4240421\product-traditional-riven-vase-large-05-05.jpg,https://havenly.com/products/details/Riven-Vase-Large-Elk-Home-130253897,4240421
Riven Vase - Small,Decor & Pillows,traditional,Contemporary|Eclectic|Traditional|Classic Contemporary,$70,6.25 x 6.25 x 10.0,Glass,Plum,The Riven vases have a traditional bottle shape. The matte finished glass has a warm marsala color. Group together for maximum impact.,Elk Home,out_of_stock,assets\products\traditional\board-4240421\product-traditional-riven-vase-small-06-01.jpg;assets\products\traditional\board-4240421\product-traditional-riven-vase-small-06-02.jpg;assets\products\traditional\board-4240421\product-traditional-riven-vase-small-06-03.jpg;assets\products\traditional\board-4240421\product-traditional-riven-vase-small-06-04.jpg;assets\products\traditional\board-4240421\product-traditional-riven-vase-small-06-05.jpg,https://havenly.com/products/details/Riven-Vase-Small-Elk-Home-130253918,4240421
Faux Olive Tree in Pot 7',Decor & Pillows,traditional,Contemporary|Eclectic|Traditional|Classic Contemporary,"${'id': '47723781658', 'price': 349.3, '__typename': 'PriceModel'} (was $499)","Faux Olive Tree in Pot 7' 38""Wx38""Dx84""H",PLASTIC,Green,"Lush, life-like and unparalleled in quality, our olive tree brings a touch of the Mediterranean to your decor. Skillfully crafted to look just like the real thing, the seven-foot-tall botanical graces the home with the same silvery green color and graceful lance-shaped leaves of an actual olive tree. The effect is so convincing, your guests will marvel at your green thumb, yet there's no maintenance or natural light  needed. Just place the olive tree anywhere that needs a boost of (faux) greener",Crate and Barrel,in_stock,assets\products\traditional\board-4240421\product-traditional-faux-olive-tree-in-pot-7-07-01.jpg;assets\products\traditional\board-4240421\product-traditional-faux-olive-tree-in-pot-7-07-02.jpg;assets\products\traditional\board-4240421\product-traditional-faux-olive-tree-in-pot-7-07-03.jpg,https://havenly.com/products/details/Faux-Olive-Tree-in-Pot-7-Crate-and-Barrel-130685936,4240421
Adler Bowl - Rust,Decor & Pillows,traditional,Contemporary|Eclectic|Traditional|Classic Contemporary,$90,15.5 x 8.0 x 6.5,Metal,Rust,"The Adler Bowl has a low wide shape perfect for centerpiece displays. The angular metal vessel features a unique, hand-rendered pattern and a sculptural, playful aesthetic.",Elk Home,in_stock,assets\products\traditional\board-4240421\product-traditional-adler-bowl-rust-08-01.jpg;assets\products\traditional\board-4240421\product-traditional-adler-bowl-rust-08-02.jpg;assets\products\traditional\board-4240421\product-traditional-adler-bowl-rust-08-03.jpg,https://havenly.com/products/details/Adler-Bowl-Rust-Elk-Home-139141998,4240421
Velvet Bolster Pillow in Brown  Cognac/Cover Only,Decor & Pillows,traditional,Contemporary|Eclectic|Traditional|Classic Contemporary,"${'id': '47703497112', 'price': 27, '__typename': 'PriceModel'} (was $69)","28"" Width x 0.3"" Depth x 8"" Height",Velvet,Brown,"Soft accents that create stunning textural looks in any space—our Velvet Pillows are artisan-crafted from luxurious cotton velvet and feature a subtle sheen with supreme softness on both sides. Woven by artisan partners in India from 100% cotton velvet. Each pillow cover will vary in color saturation and tonality, making it a true one-of-a-kind piece. Features a hidden zip closure and knife edge detail. | Velvet Bolster Pillow in Brown Cognac/Cover Only | Velvet Bolster Pillow In Velvet In Brown",Arhaus,out_of_stock,assets\products\traditional\board-4240421\product-traditional-velvet-bolster-pillow-in-brown-cognac-cover-only-09-01.jpg,https://havenly.com/products/details/Velvet-Bolster-Pillow-in-Brown-Cognac-Cover-Only-Arhaus-153575622,4240421
Capri Wallpaper,Decor & Pillows,traditional,Contemporary|Eclectic|Traditional|Classic Contemporary,$180,20.4 in x 32.9 ft = 55.9 sq ft,Unpasted - Scrubbable - Strippable,Cream,,York Wallcoverings,in_stock,assets\products\traditional\board-4240421\product-traditional-capri-wallpaper-10-01.jpg;assets\products\traditional\board-4240421\product-traditional-capri-wallpaper-10-02.jpg;assets\products\traditional\board-4240421\product-traditional-capri-wallpaper-10-03.jpg,https://havenly.com/products/details/Capri-Wallpaper-York-Wallcoverings-143329773,4240421
"360 Lighting Adelis 31"" High Textured Black Modern Pyramid Table Lamp",Lighting,traditional,Contemporary|Eclectic|Traditional|Classic Contemporary,$199.99,"31"" high overall. Shade is 11"" high x 16"" wide.",polyresin & linen,black/ white,"Complete a contemporary living space with the appealing texture of this contemporary pyramid table lamp by 360 Lighting. Designed with geometric influence, the lamp features a black powder coated finish over polyresin construction meant to mimic real wood. On top, a white cotton and linen blend drum shade cast bright, true illumination in a living area or bedroom.",Lamps Plus,out_of_stock,assets\products\traditional\board-4240421\product-traditional-360-lighting-adelis-31-high-textured-black-modern-pyramid-ta-01-01.jpg;assets\products\traditional\board-4240421\product-traditional-360-lighting-adelis-31-high-textured-black-modern-pyramid-ta-01-02.jpg;assets\products\traditional\board-4240421\product-traditional-360-lighting-adelis-31-high-textured-black-modern-pyramid-ta-01-03.jpg;assets\products\traditional\board-4240421\product-traditional-360-lighting-adelis-31-high-textured-black-modern-pyramid-ta-01-04.jpg,https://havenly.com/products/details/360-Lighting-Adelis-31-High-Textured-Black-Modern-Pyramid-Table-Lamp-Lamps-Plus-68171505,4240421
Quinn 30'' Wide 6-Light Chandelier - Old Bronze,Lighting,traditional,Contemporary|Eclectic|Traditional|Classic Contemporary,$198,30.0 x 18.0 x 16.75,Metal,Old Bronze,"The Quinn Chandelier is a chic and simple curved 6-light chandelier. Six arms curve elegantly from a central rod, each supporting a single candle and a faux birch candle cover. The look is an updated, pared-down take on a traditional silhouette.",Elk Home,out_of_stock,assets\products\traditional\board-4240421\product-traditional-quinn-30-wide-6-light-chandelier-old-bronze-02-01.jpg;assets\products\traditional\board-4240421\product-traditional-quinn-30-wide-6-light-chandelier-old-bronze-02-02.jpg;assets\products\traditional\board-4240421\product-traditional-quinn-30-wide-6-light-chandelier-old-bronze-02-03.jpg;assets\products\traditional\board-4240421\product-traditional-quinn-30-wide-6-light-chandelier-old-bronze-02-04.jpg;assets\products\traditional\board-4240421\product-traditional-quinn-30-wide-6-light-chandelier-old-bronze-02-05.jpg,https://havenly.com/products/details/Quinn-30-Wide-6-Light-Chandelier-Old-Bronze-Elk-Home-130255493,4240421
"Dorian Brown Faux Fur Throw Blanket 48""x80""",Bedding & Bath,traditional,Contemporary|Eclectic|Traditional|Classic Contemporary,$159,"48""Wx80""H",ACRYLIC,GREY,"Large and luxe, our grey throw is maxed out in soft faux fur. Layers touchable texture draped over the sofa, chair or bed. Generously sized to snuggle two.  -Front: Acrylic/poly blend -Back: 100% polyester velvet -Machine Wash Cold -Only Non-Chlorine Bleach when needed -Tumble Dry low -Do not Iron -Do not Dry Clean -Imported Dorian Brown Faux Fur Throw Blanket 48""x80""",CB2,in_stock,assets\products\traditional\board-4240421\product-traditional-dorian-brown-faux-fur-throw-blanket-48-x80-01-01.jpg;assets\products\traditional\board-4240421\product-traditional-dorian-brown-faux-fur-throw-blanket-48-x80-01-02.jpg;assets\products\traditional\board-4240421\product-traditional-dorian-brown-faux-fur-throw-blanket-48-x80-01-03.jpg;assets\products\traditional\board-4240421\product-traditional-dorian-brown-faux-fur-throw-blanket-48-x80-01-04.jpg;assets\products\traditional\board-4240421\product-traditional-dorian-brown-faux-fur-throw-blanket-48-x80-01-05.jpg,https://havenly.com/products/details/Dorian-Brown-Faux-Fur-Throw-Blanket-48-x80-CB2-84752965,4240421
"""Fyre"" Hand-Carved White Tile Wall Art Decor 24""",Art & Mirrors,traditional,Contemporary|Eclectic|Traditional|Classic Contemporary,"${'id': '47703782773', 'price': 49.97, '__typename': 'PriceModel'} (was $119)","24"" sq. x 1.5""D",STONE/CEMENT,White,"A beautiful work of art with a story to tell, our Fyre wall tile is fashioned from volcanic debris by communities affected by the 1991 eruption of Mount Pinatubo in the Philippines. Working with a mix of ash, stone, sand, resin and fiberglass, these artisans carve a dramatic relief of bold, flowing shapes reflecting the volcano's abiding presence and power. Striking on its own, the tile can be used in multiples or paired with our Taso wall tile for a head-turning display.     Handcarved  Volcani",Crate and Barrel,out_of_stock,assets\products\traditional\board-4240421\product-traditional-fyre-hand-carved-white-tile-wall-art-decor-24-01-01.jpg;assets\products\traditional\board-4240421\product-traditional-fyre-hand-carved-white-tile-wall-art-decor-24-01-02.jpg;assets\products\traditional\board-4240421\product-traditional-fyre-hand-carved-white-tile-wall-art-decor-24-01-03.jpg;assets\products\traditional\board-4240421\product-traditional-fyre-hand-carved-white-tile-wall-art-decor-24-01-04.jpg;assets\products\traditional\board-4240421\product-traditional-fyre-hand-carved-white-tile-wall-art-decor-24-01-05.jpg,https://havenly.com/products/details/Fyre-Hand-Carved-White-Tile-Wall-Art-Decor-24-Crate-and-Barrel-106208583,4240421
"""Taso"" Hand-Carved White Tile Wall Decor 24""",Art & Mirrors,traditional,Contemporary|Eclectic|Traditional|Classic Contemporary,"${'id': '47710335508', 'price': 49.97, '__typename': 'PriceModel'} (was $119)","24"" sq. x 1.5""D",STONE/CEMENT,White,"A beautiful work of art with a story to tell, our Taso wall tile is fashioned from volcanic debris by communities affected by the 1991 eruption of Mount Pinatubo in the Philippines. Working with a mix of ash, stone, sand, resin and fiberglass, these artisans carve a lively relief of botanical shapes reflecting the region's lush plant life. Striking on its own, the tile can be used in multiples for head-turning wall decor.     Handcarved  Volcanic ash, sand and stone, powdered stone, resin and fi",Crate and Barrel,out_of_stock,assets\products\traditional\board-4240421\product-traditional-taso-hand-carved-white-tile-wall-decor-24-02-01.jpg;assets\products\traditional\board-4240421\product-traditional-taso-hand-carved-white-tile-wall-decor-24-02-02.jpg;assets\products\traditional\board-4240421\product-traditional-taso-hand-carved-white-tile-wall-decor-24-02-03.jpg;assets\products\traditional\board-4240421\product-traditional-taso-hand-carved-white-tile-wall-decor-24-02-04.jpg;assets\products\traditional\board-4240421\product-traditional-taso-hand-carved-white-tile-wall-decor-24-02-05.jpg,https://havenly.com/products/details/Taso-Hand-Carved-White-Tile-Wall-Decor-24-Crate-and-Barrel-106208618,4240421
Scorch by FH Art Studio Wall Art,Art & Mirrors,traditional,Contemporary|Eclectic|Traditional|Classic Contemporary,$1895,72 X48,blend,"RUST , REDS AND BLACKS","<div data-content-type=""html"" data-appearance=""default"" data-element=""main"">&lt;p&gt;Matte canvas with spot gloss detailing offers a study in movement. Matte canvas is float mounted in a rustic walnut frame. Handmade in Austin, Texas. Can be hung horizontally or vertically.&lt;/p&gt;  &lt;ul&gt; &lt;li&gt;Size shown is print size, add frame thickness to print size for total frame size&lt;/li&gt; &lt;li&gt;Weight: 45 lbs&lt;/li&gt; &lt;li&gt;Shipping box: 77"" W x 4"" D x 53"" H, 50 lbs.&lt;/li",Interior Define,in_stock,assets\products\traditional\board-4240421\product-traditional-scorch-by-fh-art-studio-wall-art-03-01.jpg;assets\products\traditional\board-4240421\product-traditional-scorch-by-fh-art-studio-wall-art-03-02.jpg;assets\products\traditional\board-4240421\product-traditional-scorch-by-fh-art-studio-wall-art-03-03.jpg,https://havenly.com/products/details/Scorch-by-FH-Art-Studio-Wall-Art-Interior-Define-148886649,4240421
Melina Organic Cotton Black and Warm White Euro Pillow Shams Set of 2,Other,traditional,Contemporary|Eclectic|Traditional|Classic Contemporary,"${'id': '47631818963', 'price': 24.97, '__typename': 'PriceModel'} (was $69.95)","26""Wx26""H",COTTON,Black,"High-contrast shams are woven with a repeated tile pattern in graphic black and white. Made in Portugal with certified organic cotton, shams are soft to the touch with subtle texture and dimension from the woven jacquard pattern. Designed by Transition State, an LA-based design studio that defines laid-back luxury. Shams flip to a solid ecru cotton percale back. Pair with matching duvet cover. CB2 exclusive.     100% organic cotton  Certified by OEKO-TEX ®  Center back opening  Dry-clean or mach",CB2,out_of_stock,assets\products\traditional\board-4240421\product-traditional-melina-organic-cotton-black-and-warm-white-euro-pillow-shams-01-01.jpg;assets\products\traditional\board-4240421\product-traditional-melina-organic-cotton-black-and-warm-white-euro-pillow-shams-01-02.jpg,https://havenly.com/products/details/Melina-Organic-Cotton-Black-and-Warm-White-Euro-Pillow-Shams-Set-of-2-CB2-118117877,4240421
"SIGNATURE VELVET // MERLOT - 24"" X 24"" / Knife Edge",Other,traditional,Contemporary|Eclectic|Traditional|Classic Contemporary,$133,"24"" X 24""",Velvet,Merlot,"Custom-made velvet pillow cover in Signature Velvet // Merlot with a choice of knife edge or brush fringe edge finish. Same sided, Serged interior seams and an invisible zipper closure. All items are made to order, therefore we highly suggest purchasing samples first to ensure the fabric works in your space as colors may vary from how they appear on your screen.   Fringe sample upon request. Please email : sales@shoplittledesignco.com PLEASE NOTE : Due to their length, an exposed brass zipper wi",Little Design Company,out_of_stock,assets\products\traditional\board-4240421\product-traditional-signature-velvet-merlot-24-x-24-knife-edge-02-01.jpg;assets\products\traditional\board-4240421\product-traditional-signature-velvet-merlot-24-x-24-knife-edge-02-02.jpg;assets\products\traditional\board-4240421\product-traditional-signature-velvet-merlot-24-x-24-knife-edge-02-03.jpg,https://havenly.com/products/details/SIGNATURE-VELVET-MERLOT-24-X-24-Knife-Edge-Little-Design-Company-132034045,4240421
Stone Washed Linen Natural duvet cover,Other,traditional,Contemporary|Eclectic|Traditional|Classic Contemporary,$598,"King: 108"" x 90""",100% Linen,NEUTRAL,"Take a tailored approach to bed dressing with our machine-washable 100% linen duvet cover in a sandy, does-it-all neutral. Hidden-button closure. <br><br> Our Stone Washed Linen Natural coordinates are crafted of natural, undyed linen. Due to the fabric's natural characteristics and the stone-washing process, some variations in color can occur.",Dash and Albert,in_stock,assets\products\traditional\board-4240421\product-traditional-stone-washed-linen-natural-duvet-cover-03-01.jpg,https://havenly.com/products/details/Stone-Washed-Linen-Natural-duvet-cover-Dash-and-Albert-135758981,4240421
Loloi Not Named Rust / Ivory 22'' x 22'' Cover w/Poly pillow,Other,traditional,Contemporary|Eclectic|Traditional|Classic Contemporary,$46,22'' x 22'' Cover w/Poly,Cotton | Polyester,Rust / Ivory,"This woven throw pillow features a broken stripe pattern with stitched ivory details against a rust red background. The pillow cover is made of cotton and polyester and measures 22Â? x 22Â?, a standard size to style in living rooms and bedrooms.Â Spot Clean. Machine Woven",Loloi Rugs,in_stock,assets\products\traditional\board-4240421\product-traditional-loloi-not-named-rust-ivory-22-x-22-cover-w-poly-pillow-04-01.jpg,https://havenly.com/products/details/Loloi-Not-Named-Rust-Ivory-22-x-22-Cover-w-Poly-pillow-Loloi-Rugs-149052867,4240421
Harris Accent Bench-Knoll Domino,Furniture,traditional,Traditional|Classic Contemporary,$1099,60.0 x 26.0 x 19.25,"Iron, 54% Pl, 46% Pc, 95% Pl, 5% Pc, Top Grain Leather","Gunmetal, Knoll Domino A2267-3a, Knoll Domino, Umber Black","Make a chic statement. Decorative straps of black top-grain leather take chaise-style bench seating to the next level. Airy, elongated legs lend a look of lightness for balance. Performance fabrics are specially created to withstand spills, stains, high traffic and wear, ensuring long-term comfort and unmatched durability.",Four Hands,in_stock,assets\products\traditional\board-4242936\product-traditional-harris-accent-bench-knoll-domino-01-01.jpg;assets\products\traditional\board-4242936\product-traditional-harris-accent-bench-knoll-domino-01-02.jpg;assets\products\traditional\board-4242936\product-traditional-harris-accent-bench-knoll-domino-01-03.jpg;assets\products\traditional\board-4242936\product-traditional-harris-accent-bench-knoll-domino-01-04.jpg;assets\products\traditional\board-4242936\product-traditional-harris-accent-bench-knoll-domino-01-05.jpg,https://havenly.com/products/groups/four-hands-108840-84345?vendorVariantId=126619608,4242936
Sloan 6-Seat Leather Corner Sectional Sofa,Furniture,traditional,Traditional|Classic Contemporary,$7295,"125""x125""x35""",Pigment Dyed Leather,Palomino,"""- Fabric: Palomino - Legs: Oiled Walnut Tapered Round Wood Leg - Total Depth: Standard (38"""") - Size: 125"""" x 125"""" - Cushion Fill: Standard Down Blend""",Interior Define,in_stock,assets\products\traditional\board-4242936\product-traditional-sloan-6-seat-leather-corner-sectional-sofa-02-01.jpg,https://havenly.com/products/details/Sloan-6-Seat-Leather-Corner-Sectional-Sofa-Interior-Define-131036875,4242936
Bjorn Espresso Side Table,Furniture,traditional,Traditional|Classic Contemporary,"${'id': '47635606114', 'price': 484, '__typename': 'PriceModel'} (was $635)","18""w. x 18""d. x 18""h.",wood,Espresso,"<div data-content-type=""html"" data-appearance=""default"" data-element=""main"">&lt;p&gt;Bjorn is a playful interpretation of rhythm and repetition—a waved silhouette made of Acacia wood brings all that organic energy that calms and rebalances the senses. While this accent table's expressive profile adds both visual and tactile appeal to any interior setting, this design also utilizes end-grain pieces which come together into a beautifully patterned tabletop. Completing this distinctive piece is a u",Interior Define,in_stock,assets\products\traditional\board-4242936\product-traditional-bjorn-espresso-side-table-03-01.jpg;assets\products\traditional\board-4242936\product-traditional-bjorn-espresso-side-table-03-02.jpg;assets\products\traditional\board-4242936\product-traditional-bjorn-espresso-side-table-03-03.jpg;assets\products\traditional\board-4242936\product-traditional-bjorn-espresso-side-table-03-04.jpg;assets\products\traditional\board-4242936\product-traditional-bjorn-espresso-side-table-03-05.jpg,https://havenly.com/products/details/Bjorn-Espresso-Side-Table-Interior-Define-138992573,4242936
Daysi Marble Coffee Table - Black,Furniture,traditional,Traditional|Classic Contemporary,$913.95,40in x 15in x 40in,Iron,black,"Anchor Your Living Space With The Polished And Sophisticated Touch Of Our Daysi Coffee Table. The Stunning Marble Table Combines The Organic Beauty Of Natural Stone With A Clean And Streamlined Design. The Angular Corners Of Its Square Tabletop Are Beautifully Accentuated With Chunky Legs. Its Bold, Architectural Profile Explicitly Celebrates The Organic Allure And Texture Of Black Marble. Chic And Sophisticated, Our Coffee Table Serves As The Perfect Centerpiece For A Luxe Home Office Or Refine",Safavieh Couture,in_stock,assets\products\traditional\board-4242936\product-traditional-daysi-marble-coffee-table-black-04-01.jpg;assets\products\traditional\board-4242936\product-traditional-daysi-marble-coffee-table-black-04-02.jpg;assets\products\traditional\board-4242936\product-traditional-daysi-marble-coffee-table-black-04-03.jpg;assets\products\traditional\board-4242936\product-traditional-daysi-marble-coffee-table-black-04-04.jpg;assets\products\traditional\board-4242936\product-traditional-daysi-marble-coffee-table-black-04-05.jpg,https://havenly.com/products/details/Daysi-Marble-Coffee-Table-Black-Safavieh-Couture-151813750,4242936
"Design (US) Teal Cream 22""X22"" Pillow",Decor & Pillows,traditional,Traditional|Classic Contemporary,$99,"22""X22""",100% Cotton,Teal Cream,"The Emerson pillow collection features an assortment of clean-lined, coordinating accents crafted of luxe cotton velvet. The Hendrix pillow boasts a border design and piped edge detailing in a teal and green-gray color scheme.. Classic Comfort: made of 100% cotton. Zipper Closure: for versatility and easy care. Dimensions: measures 22""X22"". Backing: solid, velvet backing differs from front design",Jaipur Living,in_stock,assets\products\traditional\board-4242936\product-traditional-design-us-teal-cream-22-x22-pillow-01-01.jpg;assets\products\traditional\board-4242936\product-traditional-design-us-teal-cream-22-x22-pillow-01-02.jpg;assets\products\traditional\board-4242936\product-traditional-design-us-teal-cream-22-x22-pillow-01-03.jpg;assets\products\traditional\board-4242936\product-traditional-design-us-teal-cream-22-x22-pillow-01-04.jpg;assets\products\traditional\board-4242936\product-traditional-design-us-teal-cream-22-x22-pillow-01-05.jpg,https://havenly.com/products/details/Design-US-Teal-Cream-22-X22-Pillow-Jaipur-Living-85513217,4242936
"Resin Photo Frames, Set of 2 (4x6” and 5x7”)",Decor & Pillows,traditional,Traditional|Classic Contemporary,$28.79,7.5000x9.5000x0.7500,"45% Resin, 40% MDF, 10% Glass, 5% Iron",Multi,"In need of a unique way to store your fondest memories? These resin picture frames come in a set of 2 and feature an eye-catching black and cream design. Transitional in style, these look great in a modern minimalist or Boho home. Perfect for displaying a special photo, an inspiring quote, or a favorite print.",Creative Co-Op,out_of_stock,assets\products\traditional\board-4242936\product-traditional-resin-photo-frames-set-of-2-4x6-and-5x7-02-01.jpg,https://havenly.com/products/details/Resin-Photo-Frames-Set-of-2-4x6-and-5x7-Creative-Co-Op-121839652,4242936
Fogel Gold Metal Gilded Picture Frame,Decor & Pillows,traditional,Traditional|Classic Contemporary,$58,6.0 H x 8.5 W x 0.5 D in,metal / glass,Brass,This simple brass photo frame shows off your favorite pictures with minimalist style. Birch Lane™,Birch Lane,in_stock,assets\products\traditional\board-4242936\product-traditional-fogel-gold-metal-gilded-picture-frame-03-01.jpg,https://havenly.com/products/details/Fogel-Gold-Metal-Gilded-Picture-Frame-Birch-Lane-125097804,4242936
Brooklyn Cannelee Vase and Sage Green Leaf Branch Arrangement,Decor & Pillows,traditional,Traditional|Classic Contemporary,$288.8,"12.59"" x 12.29""  x 16.92""",Glazed Terracota,Beige,"Grace a sideboard or entryway table with this elegant dried botanical arrangement. Our classically inspired Brooklyn Cannalee floor designed by Athena Calderone makes a stately receptacle for our faux branch adorned with lifelike, sage-green foliage. An easy way to refresh a console or entryway table, the ready-to-go arrangement is a Crate & Barrel exclusive.   • Glazed terracotta vase designed by Athena Calderon  • Faux branch made of polyester, plastic and iron  • To preserve appearance, keep ",Crate and Barrel,out_of_stock,assets\products\traditional\board-4242936\product-traditional-brooklyn-cannelee-vase-and-sage-green-leaf-branch-arrangemen-04-01.jpg;assets\products\traditional\board-4242936\product-traditional-brooklyn-cannelee-vase-and-sage-green-leaf-branch-arrangemen-04-02.jpg;assets\products\traditional\board-4242936\product-traditional-brooklyn-cannelee-vase-and-sage-green-leaf-branch-arrangemen-04-03.jpg;assets\products\traditional\board-4242936\product-traditional-brooklyn-cannelee-vase-and-sage-green-leaf-branch-arrangemen-04-04.jpg;assets\products\traditional\board-4242936\product-traditional-brooklyn-cannelee-vase-and-sage-green-leaf-branch-arrangemen-04-05.jpg,https://havenly.com/products/details/Brooklyn-Cannelee-Vase-and-Sage-Green-Leaf-Branch-Arrangement-Crate-and-Barrel-126843927,4242936
Greer Bowl - Low Black and Gold Glazed,Decor & Pillows,traditional,Traditional|Classic Contemporary,$232,17.5 x 17.5 x 4.0,Earthenware,Matte Black,"The Greer Low Bowl is a low, wide earthenware display bowl with your choice of matte black or matte white finish on the outside, and an aqua glaze or gold metal enamel finish on the inside of the bowl. This bowl is a sleek addition to any tabletop.",Elk Home,out_of_stock,assets\products\traditional\board-4242936\product-traditional-greer-bowl-low-black-and-gold-glazed-05-01.jpg;assets\products\traditional\board-4242936\product-traditional-greer-bowl-low-black-and-gold-glazed-05-02.jpg;assets\products\traditional\board-4242936\product-traditional-greer-bowl-low-black-and-gold-glazed-05-03.jpg;assets\products\traditional\board-4242936\product-traditional-greer-bowl-low-black-and-gold-glazed-05-04.jpg;assets\products\traditional\board-4242936\product-traditional-greer-bowl-low-black-and-gold-glazed-05-05.jpg,https://havenly.com/products/details/Greer-Bowl-Low-Black-and-Gold-Glazed-Elk-Home-130254942,4242936
Greer Bowl - Tall Black and Gold Glazed,Decor & Pillows,traditional,Traditional|Classic Contemporary,$138,12.0 x 11.5 x 6.5,Earthenware,Matte Black,"The Greer Tall Bowl is a rounded earthenware display bowl with your choice of matte black or matte white finish on the outside, and an aqua glaze or gold metal enamel finish on the inside of the bowl. This bowl is a sleek addition to any tabletop.",Elk Home,out_of_stock,assets\products\traditional\board-4242936\product-traditional-greer-bowl-tall-black-and-gold-glazed-06-01.jpg;assets\products\traditional\board-4242936\product-traditional-greer-bowl-tall-black-and-gold-glazed-06-02.jpg;assets\products\traditional\board-4242936\product-traditional-greer-bowl-tall-black-and-gold-glazed-06-03.jpg;assets\products\traditional\board-4242936\product-traditional-greer-bowl-tall-black-and-gold-glazed-06-04.jpg;assets\products\traditional\board-4242936\product-traditional-greer-bowl-tall-black-and-gold-glazed-06-05.jpg,https://havenly.com/products/details/Greer-Bowl-Tall-Black-and-Gold-Glazed-Elk-Home-130254982,4242936
Horn Tray - Brass,Decor & Pillows,traditional,Traditional|Classic Contemporary,$296,24.0 x 16.0 x 2.5,Composite,Horn,The Lodge Tray features a tiled inlay pattern detail made from faux horn. The tray has raised sides and two stainless steel finished metal handles for easy transport.,Elk Home,in_stock,assets\products\traditional\board-4242936\product-traditional-horn-tray-brass-07-01.jpg;assets\products\traditional\board-4242936\product-traditional-horn-tray-brass-07-02.jpg;assets\products\traditional\board-4242936\product-traditional-horn-tray-brass-07-03.jpg;assets\products\traditional\board-4242936\product-traditional-horn-tray-brass-07-04.jpg;assets\products\traditional\board-4242936\product-traditional-horn-tray-brass-07-05.jpg,https://havenly.com/products/details/Horn-Tray-Brass-Elk-Home-130255005,4242936
Faux Olive Tree in Pot 7',Decor & Pillows,traditional,Traditional|Classic Contemporary,"${'id': '47723781658', 'price': 349.3, '__typename': 'PriceModel'} (was $499)","Faux Olive Tree in Pot 7' 38""Wx38""Dx84""H",PLASTIC,Green,"Lush, life-like and unparalleled in quality, our olive tree brings a touch of the Mediterranean to your decor. Skillfully crafted to look just like the real thing, the seven-foot-tall botanical graces the home with the same silvery green color and graceful lance-shaped leaves of an actual olive tree. The effect is so convincing, your guests will marvel at your green thumb, yet there's no maintenance or natural light  needed. Just place the olive tree anywhere that needs a boost of (faux) greener",Crate and Barrel,in_stock,assets\products\traditional\board-4242936\product-traditional-faux-olive-tree-in-pot-7-08-01.jpg;assets\products\traditional\board-4242936\product-traditional-faux-olive-tree-in-pot-7-08-02.jpg;assets\products\traditional\board-4242936\product-traditional-faux-olive-tree-in-pot-7-08-03.jpg,https://havenly.com/products/details/Faux-Olive-Tree-in-Pot-7-Crate-and-Barrel-130685936,4242936
PAL0024 Black / White 13'' x 35'' Cover w/Down,Decor & Pillows,traditional,Traditional|Classic Contemporary,$99,13'' x 35'' Cover w/Down,Polyester | Cotton,Black / White,"Throw pillows by Amber Lewis x Loloi take inspiration from heirloom textiles and earth-toned palettes to create an elevated, relaxed look.",Loloi Rugs,out_of_stock,assets\products\traditional\board-4242936\product-traditional-pal0024-black-white-13-x-35-cover-w-down-09-01.jpg,https://havenly.com/products/details/PAL0024-Black-White-13-x-35-Cover-w-Down-Loloi-Rugs-130728512,4242936
Chulu Vase,Decor & Pillows,traditional,Traditional|Classic Contemporary,$139,10.0 X 12.0 X 10.0,Terracotta,Multicolor,"A journey through time, these vessels are handmade in the northern coastal city of Chulucanas, Peru using techniques dating back 1500 years. Each piece is individually formed, slip-decorated, then hand-burnished with a special stone to create a subtle luster. A distinct smokey scent lingers inside from the kiln fire it is born from. The Chulu vase is hand-painted with an abstract floral print referencing art nouveau and with a round, calming shape that breathes the beauty of ancient forms into a",Moes Home Collection,out_of_stock,assets\products\traditional\board-4242936\product-traditional-chulu-vase-10-01.jpg;assets\products\traditional\board-4242936\product-traditional-chulu-vase-10-02.jpg;assets\products\traditional\board-4242936\product-traditional-chulu-vase-10-03.jpg;assets\products\traditional\board-4242936\product-traditional-chulu-vase-10-04.jpg;assets\products\traditional\board-4242936\product-traditional-chulu-vase-10-05.jpg,https://havenly.com/products/details/Chulu-Vase-Moes-Home-Collection-131941495,4242936
Pbr0015 Natural / Charcoal Pillow,Decor & Pillows,traditional,Traditional|Classic Contemporary,$42,"18"" x 18"" poly-filled",Cotton | Polyester,Natural / Charcoal,Closure: Hidden Flap Zipper: Antique Bronze Finish With Loloi Logo Edge Treatment: Flange Back Color: Beige,Loloi Rugs,in_stock,assets\products\traditional\board-4242936\product-traditional-pbr0015-natural-charcoal-pillow-11-01.jpg;assets\products\traditional\board-4242936\product-traditional-pbr0015-natural-charcoal-pillow-11-02.jpg;assets\products\traditional\board-4242936\product-traditional-pbr0015-natural-charcoal-pillow-11-03.jpg,https://havenly.com/products/details/Pbr0015-Natural-Charcoal-Pillow-Loloi-Rugs-147398574,4242936
Rounded Dual Handled Vase,Decor & Pillows,traditional,Traditional|Classic Contemporary,$168,"13.4"" L x12.6"" W x 15"" H",Stoneware,Brown,"Standing dignified with two angular arms and a classically tapered base, the Rounded Dual Handled Vase makes a statement. In a silhouette that is stately and clean, this vase is given a soft brown finish for a rich sense of warmth.",McGee & Co.,in_stock,assets\products\traditional\board-4242936\product-traditional-rounded-dual-handled-vase-12-01.jpg,https://havenly.com/products/details/Rounded-Dual-Handled-Vase-McGee-Co-130338530,4242936
11.5'' Faux Eucalyptus Plant in Ceramic Pot,Decor & Pillows,traditional,Traditional|Classic Contemporary,"${'id': '47654709360', 'price': 41.99, '__typename': 'PriceModel'} (was $70.8)",11.5'' H x 8.5'' W x 8.5'' D,"plastic, ceramic","green, tan",No need to remember to water: this Faux Sage Plant in Hatched Pot is the perfect solution for the forgetful plant owner.,Wayfair,out_of_stock,assets\products\traditional\board-4242936\product-traditional-11-5-faux-eucalyptus-plant-in-ceramic-pot-13-01.jpg,https://havenly.com/products/details/11-5-Faux-Eucalyptus-Plant-in-Ceramic-Pot-Wayfair-55902201,4242936
Haute Tan Ceramic Vase Short,Decor & Pillows,traditional,Traditional|Classic Contemporary,"${'id': '47673119594', 'price': 34.99, '__typename': 'PriceModel'} (was $49.95)","15""Wx6""Dx13""H",EARTHENWARE,Tan,Rounded vase is crafted of clay for an organic sensibility. Tan vessel is glazed by hand to highlight the striking tonal variations and texture of the finish. A distinctive accent on its own or for showcasing dried botanicals. CB2 exclusive.     Handmade  Earthenware with tan glaze  Pieces will vary in glaze coloring and tone  Decorative use only; not watertight  Wipe with a soft cloth  Botanicals not included  Made in Portugal Haute Tan Ceramic Vase Short,CB2,out_of_stock,assets\products\traditional\board-4242936\product-traditional-haute-tan-ceramic-vase-short-14-01.jpg;assets\products\traditional\board-4242936\product-traditional-haute-tan-ceramic-vase-short-14-02.jpg;assets\products\traditional\board-4242936\product-traditional-haute-tan-ceramic-vase-short-14-03.jpg;assets\products\traditional\board-4242936\product-traditional-haute-tan-ceramic-vase-short-14-04.jpg;assets\products\traditional\board-4242936\product-traditional-haute-tan-ceramic-vase-short-14-05.jpg,https://havenly.com/products/details/Haute-Tan-Ceramic-Vase-Short-CB2-126664176,4242936
Wood Bowl,Decor & Pillows,traditional,Traditional|Classic Contemporary,$78.75,"19.5""L x 6.5""W x 2.5""H",100% Teakwood,Natural,"This unique bowl is a beautiful addition to any kitchen. Made out of teakwood, this bowl features an irregular, imperfect shape that makes each piece one-of-a-kind. Perfect for placing on kitchen counters and filling with fresh fruits or everyday items",Creative Co-Op,out_of_stock,assets\products\traditional\board-4242936\product-traditional-wood-bowl-15-01.jpg;assets\products\traditional\board-4242936\product-traditional-wood-bowl-15-02.jpg;assets\products\traditional\board-4242936\product-traditional-wood-bowl-15-03.jpg;assets\products\traditional\board-4242936\product-traditional-wood-bowl-15-04.jpg,https://havenly.com/products/details/Wood-Bowl-Creative-Co-Op-124317755,4242936
Faux Olive Tree in Pot 5',Decor & Pillows,traditional,Traditional|Classic Contemporary,$249,"20""Wx25""Dx60""H",PLASTIC,Multicolor,"Lush, life-like and unparalleled in quality, our olive tree brings a touch of the Mediterranean to your decor. Skillfully crafted to look just like the real thing, the potted botanical graces the home with the same silvery green color and graceful lance-shaped leaves of an actual olive tree. The effect is so convincing, your guests will marvel at your green thumb, yet there's no maintenance or natural light needed. Just place the olive tree anywhere that needs a boost of (faux) greenery. ""Plante",Crate and Barrel,out_of_stock,assets\products\traditional\board-4242936\product-traditional-faux-olive-tree-in-pot-5-16-01.jpg;assets\products\traditional\board-4242936\product-traditional-faux-olive-tree-in-pot-5-16-02.jpg;assets\products\traditional\board-4242936\product-traditional-faux-olive-tree-in-pot-5-16-03.jpg;assets\products\traditional\board-4242936\product-traditional-faux-olive-tree-in-pot-5-16-04.jpg;assets\products\traditional\board-4242936\product-traditional-faux-olive-tree-in-pot-5-16-05.jpg,https://havenly.com/products/details/Faux-Olive-Tree-in-Pot-5-Crate-and-Barrel-130960970,4242936
"Loloi Hathaway Navy / Multi 9'-0"" x 12'-0""",Rugs,traditional,Traditional|Classic Contemporary,$578,9' x 12',"100% Polyester, Cotton Canvas","Blue, Tan","Featuring soft motifs in a carefully curated color palette, the Hathaway Collection captures the essence of one-of-a-kind rugs at an attractive price. Power-loomed of polyester in China, each design is the perfect blend of vintage and modern for today's home. Clean spills immediately by blotting with a clean, dry sponge or cloth. Professional cleaning recommended.  Appropriate rug pad is highly recommended on all surfaces to prevent slipping, add cushion, and improve durability.  For vacuuming, ",Loloi Rugs,in_stock,assets\products\traditional\board-4242936\product-traditional-loloi-hathaway-navy-multi-9-0-x-12-0-01-01.jpg;assets\products\traditional\board-4242936\product-traditional-loloi-hathaway-navy-multi-9-0-x-12-0-01-02.jpg;assets\products\traditional\board-4242936\product-traditional-loloi-hathaway-navy-multi-9-0-x-12-0-01-03.jpg;assets\products\traditional\board-4242936\product-traditional-loloi-hathaway-navy-multi-9-0-x-12-0-01-04.jpg;assets\products\traditional\board-4242936\product-traditional-loloi-hathaway-navy-multi-9-0-x-12-0-01-05.jpg,https://havenly.com/products/details/Loloi-Hathaway-Navy-Multi-9-0-x-12-0-Loloi-Rugs-82070440,4242936
Standard Rug Pads,Rugs,traditional,Traditional|Classic Contemporary,$340,"9x12 Thickness: 0.11""","rubber backing, 100% recycled felt material",grey,"Rug Pad prevents slipping on both wood and tile floors, extends the life of your rug by protecting against general wear, and great to add for a little comfort under your feet. Features a slip resistant rubber waffle backing and has good overall cushioning.",Interior Define,in_stock,assets\products\traditional\board-4242936\product-traditional-standard-rug-pads-02-01.jpg;assets\products\traditional\board-4242936\product-traditional-standard-rug-pads-02-02.jpg,https://havenly.com/products/details/Standard-Rug-Pads-Interior-Define-138938192,4242936
"Franklin Iron Milanese 37 1/2"" Black 12-Light Candelabra Chandelier",Lighting,traditional,Traditional|Classic Contemporary,$349.99,"37 1/2"" wide x 32"" high. Weighs 11.62 lbs.",Metal,Black,"Sometimes the simplest designs hold the greatest beauty, as is the case with the Milanese round chandelier from the Franklin Iron Works lighting brand. The slender black finish frame extends its arms from the central column in a traditional candelabra design, presented here with a distinctly modern industrial touch.  Twelve tube type bulbs perch on each candleholder, spreading their bright illumination throughout your space. Perfect for a dining room in more modern homes.",Lamps Plus,in_stock,assets\products\traditional\board-4242936\product-traditional-franklin-iron-milanese-37-1-2-black-12-light-candelabra-chan-01-01.jpg;assets\products\traditional\board-4242936\product-traditional-franklin-iron-milanese-37-1-2-black-12-light-candelabra-chan-01-02.jpg;assets\products\traditional\board-4242936\product-traditional-franklin-iron-milanese-37-1-2-black-12-light-candelabra-chan-01-03.jpg;assets\products\traditional\board-4242936\product-traditional-franklin-iron-milanese-37-1-2-black-12-light-candelabra-chan-01-04.jpg,https://havenly.com/products/details/Franklin-Iron-Milanese-37-1-2-Black-12-Light-Candelabra-Chandelier-Lamps-Plus-130668304,4242936
TABLE LAMP,Lighting,traditional,Traditional|Classic Contemporary,$145,"24H, SHADE 10H X 14 Dia. (in)","CERAMIC,METAL,FABRIC",WEATHERED BLACK WITH BRUSHED NICKEL ACCENTS,"The beautiful weathered black finish, enhanced by the ceramic's subtle texture, creates an old-world feel. Brushed nickel accents complement the finish. The round hardback shade is an off white linen fabric.",Uttermost,out_of_stock,assets\products\traditional\board-4242936\product-traditional-table-lamp-02-01.jpg;assets\products\traditional\board-4242936\product-traditional-table-lamp-02-02.jpg;assets\products\traditional\board-4242936\product-traditional-table-lamp-02-03.jpg;assets\products\traditional\board-4242936\product-traditional-table-lamp-02-04.jpg;assets\products\traditional\board-4242936\product-traditional-table-lamp-02-05.jpg,https://havenly.com/products/details/TABLE-LAMP-Uttermost-144141067,4242936
Overlook White Chunky Knit Throw Blanket,Bedding & Bath,traditional,Traditional|Classic Contemporary,"${'id': '47673823305', 'price': 69.97, '__typename': 'PriceModel'} (was $129)","48"" x 76""",Wool Blend,Ivory,"If a sweater designer hung out with a rug designer, this throw blanket would be the result. Love the exaggerated fringe and super-chunky weave. Toss it on a chair for texture or keep it close on the couch for warmth. (Or, wear it as a shawl, we won't tell.) overlook throw is a CB2 exclusive.     Hand knit  Wool blend  No two weaves are exactly alike  Dry clean  Made in India  Made in India Overlook White Chunky Knit Throw Blanket",CB2,out_of_stock,assets\products\traditional\board-4242936\product-traditional-overlook-white-chunky-knit-throw-blanket-01-01.jpg;assets\products\traditional\board-4242936\product-traditional-overlook-white-chunky-knit-throw-blanket-01-02.jpg;assets\products\traditional\board-4242936\product-traditional-overlook-white-chunky-knit-throw-blanket-01-03.jpg;assets\products\traditional\board-4242936\product-traditional-overlook-white-chunky-knit-throw-blanket-01-04.jpg;assets\products\traditional\board-4242936\product-traditional-overlook-white-chunky-knit-throw-blanket-01-05.jpg,https://havenly.com/products/details/Overlook-White-Chunky-Knit-Throw-Blanket-CB2-6591438,4242936
Serene Blue Wall Art,Other,traditional,Traditional|Classic Contemporary,$1698,"82.5""H, 55.5""W",canvas,Blue,"About Guseul Park( Although studying ceramics in college, Korean-born artist Guseul Park was always impassioned by painting and drawing. Finding inspiration in daily strolls, travel, and reading, Park sees art as a meditative process, where she is able to explore her deeper side, activate joy, and be purely herself. Serene Blue Wall Art by Anthropologie, Acrylic",Anthropologie,in_stock,assets\products\traditional\board-4242936\product-traditional-serene-blue-wall-art-01-01.jpg;assets\products\traditional\board-4242936\product-traditional-serene-blue-wall-art-01-02.jpg,https://havenly.com/products/details/Serene-Blue-Wall-Art-Anthropologie-91910298,4242936
Telum Black Log Holder,Other,traditional,Traditional|Classic Contemporary,"${'id': '47723782819', 'price': 195.3, '__typename': 'PriceModel'} (was $279)","23.75""Wx15""Dx18""H",metal,Black,"Black iron curves a modern log holder that does double duty as a log carrier. Use the slender yet sturdy rounded handle to tote the black iron bin between your fireplace and the firewood pile. A practical and display-worthy addition to your hearth, the black log holder is part of our exclusive Art Deco-inspired Telum fireside collection.   • Iron  • Black finish  • Wipe clean with soft, damp cloth  • Made in India Telum Black Log Holder.",Crate and Barrel,in_stock,assets\products\traditional\board-4242936\product-traditional-telum-black-log-holder-02-01.jpg,https://havenly.com/products/details/Telum-Black-Log-Holder-Crate-and-Barrel-118843709,4242936
Torrington Sideboard - Umber Oak Veneer,Other,traditional,Traditional|Classic Contemporary,$2599,82.0 x 18.0 x 30.0,"Oak Veneer, Resawn Oak",Umber Oak Veneer,"This sideboard pairs a waterfall-inspired leg design with large slabs of resawn umber oak with small, simple hardware for a piece that is both modern and understated.",Four Hands,out_of_stock,assets\products\traditional\board-4242936\product-traditional-torrington-sideboard-umber-oak-veneer-03-01.jpg;assets\products\traditional\board-4242936\product-traditional-torrington-sideboard-umber-oak-veneer-03-02.jpg;assets\products\traditional\board-4242936\product-traditional-torrington-sideboard-umber-oak-veneer-03-03.jpg;assets\products\traditional\board-4242936\product-traditional-torrington-sideboard-umber-oak-veneer-03-04.jpg;assets\products\traditional\board-4242936\product-traditional-torrington-sideboard-umber-oak-veneer-03-05.jpg,https://havenly.com/products/details/Torrington-Sideboard-Umber-Oak-Veneer-Four-Hands-139391563,4242936
"""Intermezzo"" by Lillian Winkler 61.5""x41.5"" Framed Wall Art Print",Other,traditional,Traditional|Classic Contemporary,$1499,"61.5""Wx1.38""Dx41.5""H",Linen,Green,"Layers of metallic pigment and thinned oil paint give Lillian Winkler's painting a dreamlike quality. In an evocative palette of off-white, bright blue and tonal earth tones, she suggests sky, clouds and earth in a composition that's both abstract and recognizable as a landscape. Our giclee print on linen captures all the intricate layering of the original and is complemented by a wood frame finished in black and antique gold.   • Artist: Lillian Winkler  • Giclee print on linen  • Wood frame wi",Crate and Barrel,in_stock,assets\products\traditional\board-4242936\product-traditional-intermezzo-by-lillian-winkler-61-5-x41-5-framed-wall-art-pri-04-01.jpg;assets\products\traditional\board-4242936\product-traditional-intermezzo-by-lillian-winkler-61-5-x41-5-framed-wall-art-pri-04-02.jpg;assets\products\traditional\board-4242936\product-traditional-intermezzo-by-lillian-winkler-61-5-x41-5-framed-wall-art-pri-04-03.jpg;assets\products\traditional\board-4242936\product-traditional-intermezzo-by-lillian-winkler-61-5-x41-5-framed-wall-art-pri-04-04.jpg,https://havenly.com/products/groups/crate-and-barrel-1032327-8436?vendorVariantId=151687177,4242936
Laylette Accent Chair - Light Grey,Other,traditional,Traditional|Classic Contemporary,$552.15,32.87in x 29.72in x 31.1in,Boucle (95% Polyester / 5% Acrylic),Light Grey,"Make A Bold Style Statement With This Captivating Laylette Accent Chair. Laylette’S Low-Slung Back And Stark Lines Are Artistically Juxtaposed With Contoured Angles And Soft Curves, And Its Plush Overall Pumpkin Orange Velvet Upholstery Is Absolutely Luxurious.",Safavieh Couture,in_stock,assets\products\traditional\board-4242936\product-traditional-laylette-accent-chair-light-grey-05-01.jpg;assets\products\traditional\board-4242936\product-traditional-laylette-accent-chair-light-grey-05-02.jpg;assets\products\traditional\board-4242936\product-traditional-laylette-accent-chair-light-grey-05-03.jpg;assets\products\traditional\board-4242936\product-traditional-laylette-accent-chair-light-grey-05-04.jpg;assets\products\traditional\board-4242936\product-traditional-laylette-accent-chair-light-grey-05-05.jpg,https://havenly.com/products/groups/safavieh-couture-sfv4771-73011?vendorVariantId=151813429,4242936
"Forest Green Boucle Throw Pillow with Down-Alternative Insert 23""x23""",Other,traditional,Traditional|Classic Contemporary,$77.95,"23""Wx23""H",Cotton/polyester blend,Green,"Forest green throw pillow is rich in texture and adds visual interest to sofas, beds and accent chairs alike. CB2 pillows include a pillow insert in your choice of feather down or down alternative. CB2 exclusive.  -Organic cotton/polyester blend -Self back -Feather-down insert: 95% white duck feather, 5% white down fill made in Thailand -Down-alternative insert: 100% polyester fill imported -Hidden zipper closure -Machine-wash cold; tumble dry low -Made in Portugal Forest Green Boucle Throw Pill",CB2,out_of_stock,assets\products\traditional\board-4242936\product-traditional-forest-green-boucle-throw-pillow-with-down-alternative-inser-06-01.jpg;assets\products\traditional\board-4242936\product-traditional-forest-green-boucle-throw-pillow-with-down-alternative-inser-06-02.jpg;assets\products\traditional\board-4242936\product-traditional-forest-green-boucle-throw-pillow-with-down-alternative-inser-06-03.jpg,https://havenly.com/products/details/Forest-Green-Boucle-Throw-Pillow-with-Down-Alternative-Insert-23-x23-CB2-118117864,4242936
"Black Elm Wood Floating Shelf 36""",Other,traditional,Traditional|Classic Contemporary,$199,"36""Wx13""Dx2.63""H",Wood,Black,"Our striking yet understated black elm shelf seamlessly adds storage and display space. Appearing to float effortlessly on the wall, the minimalist shelf boasts clean, contemporary lines that elevate anything placed upon it. Use this easy-to-install floating shelf-available in four lengths-on its own or in multiples to present beloved ceramics in the kitchen, folded towels in the bathroom or books, candles and decorative objects in the living room.   • FSCr-certified elm veneer from responsibly ",Crate and Barrel,out_of_stock,assets\products\traditional\board-4242936\product-traditional-black-elm-wood-floating-shelf-36-07-01.jpg;assets\products\traditional\board-4242936\product-traditional-black-elm-wood-floating-shelf-36-07-02.jpg;assets\products\traditional\board-4242936\product-traditional-black-elm-wood-floating-shelf-36-07-03.jpg,https://havenly.com/products/details/Black-Elm-Wood-Floating-Shelf-36-Crate-and-Barrel-137821748,4242936
Cristo Black and White Striped Vase,Other,traditional,Traditional|Classic Contemporary,"${'id': '47723353911', 'price': 149, '__typename': 'PriceModel'} (was $199)","6.25"" dia. x 13.5""H",CERAMIC,BLACK,"Handcrafted in a small Tuscan village where ceramics have been made since the 1400s, unique Italian artistry exudes old-world style for the modern home. Relying on traditional glaze and decoration practices, a network of artisans form each piece from raw clay and then use the andamp;quot;engobbioandamp;quot; technique to apply black glaze in organic stripes. After the vase is fired, specialists apply a penetrating light patina in brown tones to achieve an antiqued look. No two are exactly alike.",CB2,in_stock,assets\products\traditional\board-4242936\product-traditional-cristo-black-and-white-striped-vase-08-01.jpg;assets\products\traditional\board-4242936\product-traditional-cristo-black-and-white-striped-vase-08-02.jpg;assets\products\traditional\board-4242936\product-traditional-cristo-black-and-white-striped-vase-08-03.jpg;assets\products\traditional\board-4242936\product-traditional-cristo-black-and-white-striped-vase-08-04.jpg,https://havenly.com/products/details/Cristo-Black-and-White-Striped-Vase-CB2-63940275,4242936
Lawson Leather Swivel Chair,Furniture,traditional,Eclectic|Traditional|Classic Contemporary,$1900,"33.5"" x 32.5"" x 29.25""",Pigment-Dyed Leather,Cognac,"A mod silhouette that feels right in just about any space, Lawson's oversized proportions and dramatically rounded shape make for a swivel chair that's as comfortable as it is striking. A subtle slope in the arms, matched with trend-forward piping, only adds to Lawson's elevated appeal. Lawson's hidden base features a steel ball-bearing mechanism for a smooth, 360Ã?Â° swivel.",Interior Define,in_stock,assets\products\traditional\board-4257341\product-traditional-lawson-leather-swivel-chair-01-01.jpg;assets\products\traditional\board-4257341\product-traditional-lawson-leather-swivel-chair-01-02.jpg;assets\products\traditional\board-4257341\product-traditional-lawson-leather-swivel-chair-01-03.jpg,https://havenly.com/products/details/Lawson-Leather-Swivel-Chair-Interior-Define-130741335,4257341
Bjorn Espresso Side Table,Furniture,traditional,Eclectic|Traditional|Classic Contemporary,"${'id': '47635606114', 'price': 484, '__typename': 'PriceModel'} (was $635)","18""w. x 18""d. x 18""h.",wood,Espresso,"<div data-content-type=""html"" data-appearance=""default"" data-element=""main"">&lt;p&gt;Bjorn is a playful interpretation of rhythm and repetition—a waved silhouette made of Acacia wood brings all that organic energy that calms and rebalances the senses. While this accent table's expressive profile adds both visual and tactile appeal to any interior setting, this design also utilizes end-grain pieces which come together into a beautifully patterned tabletop. Completing this distinctive piece is a u",Interior Define,in_stock,assets\products\traditional\board-4257341\product-traditional-bjorn-espresso-side-table-02-01.jpg;assets\products\traditional\board-4257341\product-traditional-bjorn-espresso-side-table-02-02.jpg;assets\products\traditional\board-4257341\product-traditional-bjorn-espresso-side-table-02-03.jpg;assets\products\traditional\board-4257341\product-traditional-bjorn-espresso-side-table-02-04.jpg;assets\products\traditional\board-4257341\product-traditional-bjorn-espresso-side-table-02-05.jpg,https://havenly.com/products/details/Bjorn-Espresso-Side-Table-Interior-Define-138992573,4257341
James 3-Seat Sofa,Furniture,traditional,Eclectic|Traditional|Classic Contemporary,$3490,"104"" W",x,Ivy,"James beautifully marries modern design with a transitional feel. Its to-the-floor platform and hidden legs are sleek, while subtle crowns in the seat and arms keep it soft. In keeping with its linear design, James' wide arms and back frame are finished with structural piping for a balanced look. Top it all off with cozy side cushions, and you have yourself the modern, lounge-ready sofa of your dreams.Contract&nbsp;grade.",Interior Define,in_stock,assets\products\traditional\board-4257341\product-traditional-james-3-seat-sofa-03-01.jpg;assets\products\traditional\board-4257341\product-traditional-james-3-seat-sofa-03-02.jpg;assets\products\traditional\board-4257341\product-traditional-james-3-seat-sofa-03-03.jpg;assets\products\traditional\board-4257341\product-traditional-james-3-seat-sofa-03-04.jpg;assets\products\traditional\board-4257341\product-traditional-james-3-seat-sofa-03-05.jpg,https://havenly.com/products/details/James-3-Seat-Sofa-Interior-Define-140819571,4257341
Daphanie Accent Chair - Grey,Furniture,traditional,Eclectic|Traditional|Classic Contemporary,$588.06,29.0in x 27.0in x 28.0in,Linen (100% Polyester),"Grey, Dark Brown","Uplift your home with the refined elegance and comfort of our Daphanie accent chair. Our clean-lined chair is softened with plush curves and generous cushioning. Its sheltered back is updated with warm tones and organic textures of ash wood. The wooden base elevates the chair to attain a light and airy design. Expertly tailored in linen with a tasteful grey shade, our accent chair remains a comfy spot to relax and unwind.  UPHOLSTERY CARE: To prevent overall soiling, frequent vacuuming or light ",Safavieh Couture,in_stock,assets\products\traditional\board-4257341\product-traditional-daphanie-accent-chair-grey-04-01.jpg;assets\products\traditional\board-4257341\product-traditional-daphanie-accent-chair-grey-04-02.jpg;assets\products\traditional\board-4257341\product-traditional-daphanie-accent-chair-grey-04-03.jpg;assets\products\traditional\board-4257341\product-traditional-daphanie-accent-chair-grey-04-04.jpg;assets\products\traditional\board-4257341\product-traditional-daphanie-accent-chair-grey-04-05.jpg,https://havenly.com/products/details/Daphanie-Accent-Chair-Grey-Safavieh-Couture-142956332,4257341
Daysi Marble Coffee Table - Black,Furniture,traditional,Eclectic|Traditional|Classic Contemporary,$913.95,40in x 15in x 40in,Iron,black,"Anchor Your Living Space With The Polished And Sophisticated Touch Of Our Daysi Coffee Table. The Stunning Marble Table Combines The Organic Beauty Of Natural Stone With A Clean And Streamlined Design. The Angular Corners Of Its Square Tabletop Are Beautifully Accentuated With Chunky Legs. Its Bold, Architectural Profile Explicitly Celebrates The Organic Allure And Texture Of Black Marble. Chic And Sophisticated, Our Coffee Table Serves As The Perfect Centerpiece For A Luxe Home Office Or Refine",Safavieh Couture,in_stock,assets\products\traditional\board-4257341\product-traditional-daysi-marble-coffee-table-black-05-01.jpg;assets\products\traditional\board-4257341\product-traditional-daysi-marble-coffee-table-black-05-02.jpg;assets\products\traditional\board-4257341\product-traditional-daysi-marble-coffee-table-black-05-03.jpg;assets\products\traditional\board-4257341\product-traditional-daysi-marble-coffee-table-black-05-04.jpg;assets\products\traditional\board-4257341\product-traditional-daysi-marble-coffee-table-black-05-05.jpg,https://havenly.com/products/details/Daysi-Marble-Coffee-Table-Black-Safavieh-Couture-151813750,4257341
Murray Side Table,Furniture,traditional,Eclectic|Traditional|Classic Contemporary,$865,"24"" W x 24"" D x 24"" H","24"" W x 24"" D x 24"" H",Black,"<style>#html-body [data-pb-style=MG9CK31]{justify-content:flex-start;display:flex;flex-direction:column;background-position:left top;background-size:cover;background-repeat:no-repeat;background-attachment:scroll}</style><div data-content-type=""row"" data-appearance=""contained"" data-element=""main""><div data-enable-parallax=""0"" data-parallax-speed=""0.5"" data-background-images=""{}"" data-background-type=""image"" data-video-loop=""true"" data-video-play-only-visible=""true"" data-video-lazy-load=""true"" dat",Interior Define,in_stock,assets\products\traditional\board-4257341\product-traditional-murray-side-table-06-01.jpg;assets\products\traditional\board-4257341\product-traditional-murray-side-table-06-02.jpg;assets\products\traditional\board-4257341\product-traditional-murray-side-table-06-03.jpg;assets\products\traditional\board-4257341\product-traditional-murray-side-table-06-04.jpg;assets\products\traditional\board-4257341\product-traditional-murray-side-table-06-05.jpg,https://havenly.com/products/details/Murray-Side-Table-Interior-Define-151833511,4257341
James 3-Seat Sofa,Furniture,traditional,Eclectic|Traditional|Classic Contemporary,$3490,104 x 40,Performance Classic Chenille,Currant,"James beautifully marries modern design with a transitional feel. Its to-the-floor platform and hidden legs are sleek, while subtle crowns in the seat and arms keep it soft. In keeping with its linear design, James' wide arms and back frame are finished with structural piping for a balanced look. Top it all off with cozy side cushions, and you have yourself the modern, lounge-ready sofa of your dreams.Contract&nbsp;grade.",Interior Define,in_stock,assets\products\traditional\board-4257341\product-traditional-james-3-seat-sofa-07-01.jpg;assets\products\traditional\board-4257341\product-traditional-james-3-seat-sofa-07-02.jpg;assets\products\traditional\board-4257341\product-traditional-james-3-seat-sofa-07-03.jpg;assets\products\traditional\board-4257341\product-traditional-james-3-seat-sofa-07-04.jpg;assets\products\traditional\board-4257341\product-traditional-james-3-seat-sofa-07-05.jpg,https://havenly.com/products/details/James-3-Seat-Sofa-Interior-Define-154609709,4257341
Antiqued Brass Log Holder,Decor & Pillows,traditional,Eclectic|Traditional|Classic Contemporary,$229,"H:  24.75"" x W:  23.5"" x D:  10.25""",Brass,Brass,"Hoop-shaped holder stacks a clean round of logs, with a basket-like bottom to hold in stray twigs and bark. Handcrafted of iron with antiqued brass and clear powdercoat finishes.",Crate and Barrel,in_stock,assets\products\traditional\board-4257341\product-traditional-antiqued-brass-log-holder-01-01.jpg,https://havenly.com/products/details/Antiqued-Brass-Log-Holder-Crate-and-Barrel-11803772,4257341
11.5'' Faux Eucalyptus Plant in Ceramic Pot,Decor & Pillows,traditional,Eclectic|Traditional|Classic Contemporary,"${'id': '47654709360', 'price': 41.99, '__typename': 'PriceModel'} (was $70.8)",11.5'' H x 8.5'' W x 8.5'' D,"plastic, ceramic","green, tan",No need to remember to water: this Faux Sage Plant in Hatched Pot is the perfect solution for the forgetful plant owner.,Wayfair,out_of_stock,assets\products\traditional\board-4257341\product-traditional-11-5-faux-eucalyptus-plant-in-ceramic-pot-02-01.jpg,https://havenly.com/products/details/11-5-Faux-Eucalyptus-Plant-in-Ceramic-Pot-Wayfair-55902201,4257341
Green Chinoiserie Jar Vase,Decor & Pillows,traditional,Eclectic|Traditional|Classic Contemporary,$78,"12.5""H, 8"" diameter","Terracotta clay, glazed",Assorted,"Hand-crafted from glazed terracotta clay, this vase is painted with trailing green chinoiserie pattern over its jar shape. - A terrain exclusive - Terracotta clay, glazed - Indoor use only - Hand-crafted using natural materials; variance in appearance may occur - Imported 12.5"" H, 8"" diameter Green Chinoiserie Jar Vase by Terrain at Anthropologie",Anthropologie,in_stock,assets\products\traditional\board-4257341\product-traditional-green-chinoiserie-jar-vase-03-01.jpg,https://havenly.com/products/details/Green-Chinoiserie-Jar-Vase-Anthropologie-79205204,4257341
Icon Wood 6-Piece Black 11x11 Gallery Wall Frame Set,Decor & Pillows,traditional,Eclectic|Traditional|Classic Contemporary,"${'id': '47723781708', 'price': 287.76, '__typename': 'PriceModel'} (was $359.7)","Each frame holds 11""x11"" photo with mat or 24""x24"" without",Wood,Black,"Create an instant gallery with this six-frame set. The classic frames give treasured photos the presentation they deserve. Thick white mats and beveled black frames elevate the most casual snapshot, and the impeccable proportions and crisp black-and-white perfectly suit modern decor. A Crate & Barrel exclusive, the sextet of 11&quot;x11&quot; wood frames can be displayed in a grid, in a long line down a hallway or arranged as a staggered gallery wall.   • Poplar wood with black finish  • Glass  ",Crate and Barrel,in_stock,assets\products\traditional\board-4257341\product-traditional-icon-wood-6-piece-black-11x11-gallery-wall-frame-set-04-01.jpg;assets\products\traditional\board-4257341\product-traditional-icon-wood-6-piece-black-11x11-gallery-wall-frame-set-04-02.jpg;assets\products\traditional\board-4257341\product-traditional-icon-wood-6-piece-black-11x11-gallery-wall-frame-set-04-03.jpg,https://havenly.com/products/details/Icon-Wood-6-Piece-Black-11x11-Gallery-Wall-Frame-Set-Crate-and-Barrel-118843757,4257341
"Resin Photo Frames, Set of 2 (4x6” and 5x7”)",Decor & Pillows,traditional,Eclectic|Traditional|Classic Contemporary,$28.79,7.5000x9.5000x0.7500,"45% Resin, 40% MDF, 10% Glass, 5% Iron",Multi,"In need of a unique way to store your fondest memories? These resin picture frames come in a set of 2 and feature an eye-catching black and cream design. Transitional in style, these look great in a modern minimalist or Boho home. Perfect for displaying a special photo, an inspiring quote, or a favorite print.",Creative Co-Op,out_of_stock,assets\products\traditional\board-4257341\product-traditional-resin-photo-frames-set-of-2-4x6-and-5x7-05-01.jpg,https://havenly.com/products/details/Resin-Photo-Frames-Set-of-2-4x6-and-5x7-Creative-Co-Op-121839652,4257341
Fogel Gold Metal Gilded Picture Frame,Decor & Pillows,traditional,Eclectic|Traditional|Classic Contemporary,$58,6.0 H x 8.5 W x 0.5 D in,metal / glass,Brass,This simple brass photo frame shows off your favorite pictures with minimalist style. Birch Lane™,Birch Lane,in_stock,assets\products\traditional\board-4257341\product-traditional-fogel-gold-metal-gilded-picture-frame-06-01.jpg,https://havenly.com/products/details/Fogel-Gold-Metal-Gilded-Picture-Frame-Birch-Lane-125097804,4257341
Brooklyn Cannelee Vase and Sage Green Leaf Branch Arrangement,Decor & Pillows,traditional,Eclectic|Traditional|Classic Contemporary,$288.8,"12.59"" x 12.29""  x 16.92""",Glazed Terracota,Beige,"Grace a sideboard or entryway table with this elegant dried botanical arrangement. Our classically inspired Brooklyn Cannalee floor designed by Athena Calderone makes a stately receptacle for our faux branch adorned with lifelike, sage-green foliage. An easy way to refresh a console or entryway table, the ready-to-go arrangement is a Crate & Barrel exclusive.   • Glazed terracotta vase designed by Athena Calderon  • Faux branch made of polyester, plastic and iron  • To preserve appearance, keep ",Crate and Barrel,out_of_stock,assets\products\traditional\board-4257341\product-traditional-brooklyn-cannelee-vase-and-sage-green-leaf-branch-arrangemen-07-01.jpg;assets\products\traditional\board-4257341\product-traditional-brooklyn-cannelee-vase-and-sage-green-leaf-branch-arrangemen-07-02.jpg;assets\products\traditional\board-4257341\product-traditional-brooklyn-cannelee-vase-and-sage-green-leaf-branch-arrangemen-07-03.jpg;assets\products\traditional\board-4257341\product-traditional-brooklyn-cannelee-vase-and-sage-green-leaf-branch-arrangemen-07-04.jpg;assets\products\traditional\board-4257341\product-traditional-brooklyn-cannelee-vase-and-sage-green-leaf-branch-arrangemen-07-05.jpg,https://havenly.com/products/details/Brooklyn-Cannelee-Vase-and-Sage-Green-Leaf-Branch-Arrangement-Crate-and-Barrel-126843927,4257341
Greer Bowl - Low Black and Gold Glazed,Decor & Pillows,traditional,Eclectic|Traditional|Classic Contemporary,$232,17.5 x 17.5 x 4.0,Earthenware,Matte Black,"The Greer Low Bowl is a low, wide earthenware display bowl with your choice of matte black or matte white finish on the outside, and an aqua glaze or gold metal enamel finish on the inside of the bowl. This bowl is a sleek addition to any tabletop.",Elk Home,out_of_stock,assets\products\traditional\board-4257341\product-traditional-greer-bowl-low-black-and-gold-glazed-08-01.jpg;assets\products\traditional\board-4257341\product-traditional-greer-bowl-low-black-and-gold-glazed-08-02.jpg;assets\products\traditional\board-4257341\product-traditional-greer-bowl-low-black-and-gold-glazed-08-03.jpg;assets\products\traditional\board-4257341\product-traditional-greer-bowl-low-black-and-gold-glazed-08-04.jpg;assets\products\traditional\board-4257341\product-traditional-greer-bowl-low-black-and-gold-glazed-08-05.jpg,https://havenly.com/products/details/Greer-Bowl-Low-Black-and-Gold-Glazed-Elk-Home-130254942,4257341
Greer Bowl - Tall Black and Gold Glazed,Decor & Pillows,traditional,Eclectic|Traditional|Classic Contemporary,$138,12.0 x 11.5 x 6.5,Earthenware,Matte Black,"The Greer Tall Bowl is a rounded earthenware display bowl with your choice of matte black or matte white finish on the outside, and an aqua glaze or gold metal enamel finish on the inside of the bowl. This bowl is a sleek addition to any tabletop.",Elk Home,out_of_stock,assets\products\traditional\board-4257341\product-traditional-greer-bowl-tall-black-and-gold-glazed-09-01.jpg;assets\products\traditional\board-4257341\product-traditional-greer-bowl-tall-black-and-gold-glazed-09-02.jpg;assets\products\traditional\board-4257341\product-traditional-greer-bowl-tall-black-and-gold-glazed-09-03.jpg;assets\products\traditional\board-4257341\product-traditional-greer-bowl-tall-black-and-gold-glazed-09-04.jpg;assets\products\traditional\board-4257341\product-traditional-greer-bowl-tall-black-and-gold-glazed-09-05.jpg,https://havenly.com/products/details/Greer-Bowl-Tall-Black-and-Gold-Glazed-Elk-Home-130254982,4257341
Horn Tray - Brass,Decor & Pillows,traditional,Eclectic|Traditional|Classic Contemporary,$296,24.0 x 16.0 x 2.5,Composite,Horn,The Lodge Tray features a tiled inlay pattern detail made from faux horn. The tray has raised sides and two stainless steel finished metal handles for easy transport.,Elk Home,in_stock,assets\products\traditional\board-4257341\product-traditional-horn-tray-brass-10-01.jpg;assets\products\traditional\board-4257341\product-traditional-horn-tray-brass-10-02.jpg;assets\products\traditional\board-4257341\product-traditional-horn-tray-brass-10-03.jpg;assets\products\traditional\board-4257341\product-traditional-horn-tray-brass-10-04.jpg;assets\products\traditional\board-4257341\product-traditional-horn-tray-brass-10-05.jpg,https://havenly.com/products/details/Horn-Tray-Brass-Elk-Home-130255005,4257341
Faux Olive Tree in Pot 7',Decor & Pillows,traditional,Eclectic|Traditional|Classic Contemporary,"${'id': '47723781658', 'price': 349.3, '__typename': 'PriceModel'} (was $499)","Faux Olive Tree in Pot 7' 38""Wx38""Dx84""H",PLASTIC,Green,"Lush, life-like and unparalleled in quality, our olive tree brings a touch of the Mediterranean to your decor. Skillfully crafted to look just like the real thing, the seven-foot-tall botanical graces the home with the same silvery green color and graceful lance-shaped leaves of an actual olive tree. The effect is so convincing, your guests will marvel at your green thumb, yet there's no maintenance or natural light  needed. Just place the olive tree anywhere that needs a boost of (faux) greener",Crate and Barrel,in_stock,assets\products\traditional\board-4257341\product-traditional-faux-olive-tree-in-pot-7-11-01.jpg;assets\products\traditional\board-4257341\product-traditional-faux-olive-tree-in-pot-7-11-02.jpg;assets\products\traditional\board-4257341\product-traditional-faux-olive-tree-in-pot-7-11-03.jpg,https://havenly.com/products/details/Faux-Olive-Tree-in-Pot-7-Crate-and-Barrel-130685936,4257341
PAL0024 Black / White 13'' x 35'' Cover w/Down,Decor & Pillows,traditional,Eclectic|Traditional|Classic Contemporary,$99,13'' x 35'' Cover w/Down,Polyester | Cotton,Black / White,"Throw pillows by Amber Lewis x Loloi take inspiration from heirloom textiles and earth-toned palettes to create an elevated, relaxed look.",Loloi Rugs,out_of_stock,assets\products\traditional\board-4257341\product-traditional-pal0024-black-white-13-x-35-cover-w-down-12-01.jpg,https://havenly.com/products/details/PAL0024-Black-White-13-x-35-Cover-w-Down-Loloi-Rugs-130728512,4257341
Chulu Vase,Decor & Pillows,traditional,Eclectic|Traditional|Classic Contemporary,$139,10.0 X 12.0 X 10.0,Terracotta,Multicolor,"A journey through time, these vessels are handmade in the northern coastal city of Chulucanas, Peru using techniques dating back 1500 years. Each piece is individually formed, slip-decorated, then hand-burnished with a special stone to create a subtle luster. A distinct smokey scent lingers inside from the kiln fire it is born from. The Chulu vase is hand-painted with an abstract floral print referencing art nouveau and with a round, calming shape that breathes the beauty of ancient forms into a",Moes Home Collection,out_of_stock,assets\products\traditional\board-4257341\product-traditional-chulu-vase-13-01.jpg;assets\products\traditional\board-4257341\product-traditional-chulu-vase-13-02.jpg;assets\products\traditional\board-4257341\product-traditional-chulu-vase-13-03.jpg;assets\products\traditional\board-4257341\product-traditional-chulu-vase-13-04.jpg;assets\products\traditional\board-4257341\product-traditional-chulu-vase-13-05.jpg,https://havenly.com/products/details/Chulu-Vase-Moes-Home-Collection-131941495,4257341
"PANEL :: SIGNATURE VELVET // MERLOT - 20"" X 20""",Decor & Pillows,traditional,Eclectic|Traditional|Classic Contemporary,$143,"20"" X 20""",velvet,merlot,"Custom-made neutral linen pillow cover with Signature Velvet // Merlot center panel. Coordinating neutral linen reverse, invisible zipper, knife edge finish. Serged interior seams. All items are made to order, therefore we highly suggest purchasing samples first to ensure the fabric works in your space as colors may vary from how they appear on your screen. PLEASE NOTE : Due to their length, an exposed brass zipper will be used on the following sizes : 14"" X 30"", 14"" X 36"", 14"" X 48"", 20” X 26”,",Little Design Company,in_stock,assets\products\traditional\board-4257341\product-traditional-panel-signature-velvet-merlot-20-x-20-14-01.jpg;assets\products\traditional\board-4257341\product-traditional-panel-signature-velvet-merlot-20-x-20-14-02.jpg;assets\products\traditional\board-4257341\product-traditional-panel-signature-velvet-merlot-20-x-20-14-03.jpg,https://havenly.com/products/details/PANEL-SIGNATURE-VELVET-MERLOT-20-X-20-Little-Design-Company-132033276,4257341
"Symi Brown and Smoked Lavender Embroidered Linen Throw Pillow Cover 20""x20""",Decor & Pillows,traditional,Eclectic|Traditional|Classic Contemporary,"${'id': '47678259904', 'price': 19.97, '__typename': 'PriceModel'} (was $47.95)","20""Wx20""D",Linen,Brown,"Designed by  Studio ANANSI , taupe linen pillow cover is a fresh, modern take on the traditional grid design. Made of pure linen, the tailored cover features a lavender grid print and embroidered chocolate accents with a fine, slubby texture. CB2 exclusive.     Designed by  Studio ANANSI   100% linen  Solid linen back  Exposed brass zipper  Pillow insert not included  Machine-wash cold, tumble dry low; warm iron  Made in India Symi Brown and Smoked Lavender Embroidered Linen Throw Pillow Cover 2",CB2,out_of_stock,assets\products\traditional\board-4257341\product-traditional-symi-brown-and-smoked-lavender-embroidered-linen-throw-pillo-15-01.jpg;assets\products\traditional\board-4257341\product-traditional-symi-brown-and-smoked-lavender-embroidered-linen-throw-pillo-15-02.jpg;assets\products\traditional\board-4257341\product-traditional-symi-brown-and-smoked-lavender-embroidered-linen-throw-pillo-15-03.jpg;assets\products\traditional\board-4257341\product-traditional-symi-brown-and-smoked-lavender-embroidered-linen-throw-pillo-15-04.jpg;assets\products\traditional\board-4257341\product-traditional-symi-brown-and-smoked-lavender-embroidered-linen-throw-pillo-15-05.jpg,https://havenly.com/products/details/Symi-Brown-and-Smoked-Lavender-Embroidered-Linen-Throw-Pillow-Cover-20-x20-CB2-145064351,4257341
Pbr0015 Natural / Charcoal Pillow,Decor & Pillows,traditional,Eclectic|Traditional|Classic Contemporary,$42,"18"" x 18"" poly-filled",Cotton | Polyester,Natural / Charcoal,Closure: Hidden Flap Zipper: Antique Bronze Finish With Loloi Logo Edge Treatment: Flange Back Color: Beige,Loloi Rugs,in_stock,assets\products\traditional\board-4257341\product-traditional-pbr0015-natural-charcoal-pillow-16-01.jpg;assets\products\traditional\board-4257341\product-traditional-pbr0015-natural-charcoal-pillow-16-02.jpg;assets\products\traditional\board-4257341\product-traditional-pbr0015-natural-charcoal-pillow-16-03.jpg,https://havenly.com/products/details/Pbr0015-Natural-Charcoal-Pillow-Loloi-Rugs-147398574,4257341
Faux Olive Tree in Pot 5',Decor & Pillows,traditional,Eclectic|Traditional|Classic Contemporary,$249,"20""Wx25""Dx60""H",PLASTIC,Multicolor,"Lush, life-like and unparalleled in quality, our olive tree brings a touch of the Mediterranean to your decor. Skillfully crafted to look just like the real thing, the potted botanical graces the home with the same silvery green color and graceful lance-shaped leaves of an actual olive tree. The effect is so convincing, your guests will marvel at your green thumb, yet there's no maintenance or natural light needed. Just place the olive tree anywhere that needs a boost of (faux) greenery. ""Plante",Crate and Barrel,out_of_stock,assets\products\traditional\board-4257341\product-traditional-faux-olive-tree-in-pot-5-17-01.jpg;assets\products\traditional\board-4257341\product-traditional-faux-olive-tree-in-pot-5-17-02.jpg;assets\products\traditional\board-4257341\product-traditional-faux-olive-tree-in-pot-5-17-03.jpg;assets\products\traditional\board-4257341\product-traditional-faux-olive-tree-in-pot-5-17-04.jpg;assets\products\traditional\board-4257341\product-traditional-faux-olive-tree-in-pot-5-17-05.jpg,https://havenly.com/products/details/Faux-Olive-Tree-in-Pot-5-Crate-and-Barrel-130960970,4257341
Rounded Dual Handled Vase,Decor & Pillows,traditional,Eclectic|Traditional|Classic Contemporary,$168,"13.4"" L x12.6"" W x 15"" H",Stoneware,Brown,"Standing dignified with two angular arms and a classically tapered base, the Rounded Dual Handled Vase makes a statement. In a silhouette that is stately and clean, this vase is given a soft brown finish for a rich sense of warmth.",McGee & Co.,in_stock,assets\products\traditional\board-4257341\product-traditional-rounded-dual-handled-vase-18-01.jpg,https://havenly.com/products/details/Rounded-Dual-Handled-Vase-McGee-Co-130338530,4257341
Haute Tan Ceramic Vase Short,Decor & Pillows,traditional,Eclectic|Traditional|Classic Contemporary,"${'id': '47673119594', 'price': 34.99, '__typename': 'PriceModel'} (was $49.95)","15""Wx6""Dx13""H",EARTHENWARE,Tan,Rounded vase is crafted of clay for an organic sensibility. Tan vessel is glazed by hand to highlight the striking tonal variations and texture of the finish. A distinctive accent on its own or for showcasing dried botanicals. CB2 exclusive.     Handmade  Earthenware with tan glaze  Pieces will vary in glaze coloring and tone  Decorative use only; not watertight  Wipe with a soft cloth  Botanicals not included  Made in Portugal Haute Tan Ceramic Vase Short,CB2,out_of_stock,assets\products\traditional\board-4257341\product-traditional-haute-tan-ceramic-vase-short-19-01.jpg;assets\products\traditional\board-4257341\product-traditional-haute-tan-ceramic-vase-short-19-02.jpg;assets\products\traditional\board-4257341\product-traditional-haute-tan-ceramic-vase-short-19-03.jpg;assets\products\traditional\board-4257341\product-traditional-haute-tan-ceramic-vase-short-19-04.jpg;assets\products\traditional\board-4257341\product-traditional-haute-tan-ceramic-vase-short-19-05.jpg,https://havenly.com/products/details/Haute-Tan-Ceramic-Vase-Short-CB2-126664176,4257341
"Battery Operated Wall Sconces With Remote Control, Led Wall Sconce With 350 Degree Rotation (Set of 2)",Decor & Pillows,traditional,Eclectic|Traditional|Classic Contemporary,"${'id': '47701233003', 'price': 111.99, '__typename': 'PriceModel'} (was $129.99)",28.3'' H X 4.7'' W X 3.5'' D,Metal,Gold,"Remote Control LED Wall Sconce, Stepless Dimmable Brightness, Run Time 20-50 hours  The LED wall sconces realizes stepless dimmable to meet your different demands. Soft lighting creates a comfortable and relaxed atmosphere to protect your eyes while you work, read or study. What's Included?  Remote Control Switch Built-in LED Light Features  Wireless Wall Sconce, Easy to Install: Indoor battery operated LED wall lights require no wiring and no electrician, and all mounting hardware is included f",Wayfair,out_of_stock,assets\products\traditional\board-4257341\product-traditional-battery-operated-wall-sconces-with-remote-control-led-wall-s-20-01.jpg;assets\products\traditional\board-4257341\product-traditional-battery-operated-wall-sconces-with-remote-control-led-wall-s-20-02.jpg;assets\products\traditional\board-4257341\product-traditional-battery-operated-wall-sconces-with-remote-control-led-wall-s-20-03.jpg;assets\products\traditional\board-4257341\product-traditional-battery-operated-wall-sconces-with-remote-control-led-wall-s-20-04.jpg;assets\products\traditional\board-4257341\product-traditional-battery-operated-wall-sconces-with-remote-control-led-wall-s-20-05.jpg,https://havenly.com/products/details/Battery-Operated-Wall-Sconces-With-Remote-Control-Led-Wall-Sconce-With-350-Degree-Rotation-Set-of-2-Wayfair-112786814,4257341
"Loloi Hathaway Navy / Multi 9'-0"" x 12'-0""",Rugs,traditional,Eclectic|Traditional|Classic Contemporary,$578,9' x 12',"100% Polyester, Cotton Canvas","Blue, Tan","Featuring soft motifs in a carefully curated color palette, the Hathaway Collection captures the essence of one-of-a-kind rugs at an attractive price. Power-loomed of polyester in China, each design is the perfect blend of vintage and modern for today's home. Clean spills immediately by blotting with a clean, dry sponge or cloth. Professional cleaning recommended.  Appropriate rug pad is highly recommended on all surfaces to prevent slipping, add cushion, and improve durability.  For vacuuming, ",Loloi Rugs,in_stock,assets\products\traditional\board-4257341\product-traditional-loloi-hathaway-navy-multi-9-0-x-12-0-01-01.jpg;assets\products\traditional\board-4257341\product-traditional-loloi-hathaway-navy-multi-9-0-x-12-0-01-02.jpg;assets\products\traditional\board-4257341\product-traditional-loloi-hathaway-navy-multi-9-0-x-12-0-01-03.jpg;assets\products\traditional\board-4257341\product-traditional-loloi-hathaway-navy-multi-9-0-x-12-0-01-04.jpg;assets\products\traditional\board-4257341\product-traditional-loloi-hathaway-navy-multi-9-0-x-12-0-01-05.jpg,https://havenly.com/products/details/Loloi-Hathaway-Navy-Multi-9-0-x-12-0-Loloi-Rugs-82070440,4257341
Standard Rug Pads,Rugs,traditional,Eclectic|Traditional|Classic Contemporary,$340,"9x12 Thickness: 0.11""","rubber backing, 100% recycled felt material",grey,"Rug Pad prevents slipping on both wood and tile floors, extends the life of your rug by protecting against general wear, and great to add for a little comfort under your feet. Features a slip resistant rubber waffle backing and has good overall cushioning.",Interior Define,in_stock,assets\products\traditional\board-4257341\product-traditional-standard-rug-pads-02-01.jpg;assets\products\traditional\board-4257341\product-traditional-standard-rug-pads-02-02.jpg,https://havenly.com/products/details/Standard-Rug-Pads-Interior-Define-138938192,4257341
TABLE LAMP,Lighting,traditional,Eclectic|Traditional|Classic Contemporary,$145,"24H, SHADE 10H X 14 Dia. (in)","CERAMIC,METAL,FABRIC",WEATHERED BLACK WITH BRUSHED NICKEL ACCENTS,"The beautiful weathered black finish, enhanced by the ceramic's subtle texture, creates an old-world feel. Brushed nickel accents complement the finish. The round hardback shade is an off white linen fabric.",Uttermost,out_of_stock,assets\products\traditional\board-4257341\product-traditional-table-lamp-01-01.jpg;assets\products\traditional\board-4257341\product-traditional-table-lamp-01-02.jpg;assets\products\traditional\board-4257341\product-traditional-table-lamp-01-03.jpg;assets\products\traditional\board-4257341\product-traditional-table-lamp-01-04.jpg;assets\products\traditional\board-4257341\product-traditional-table-lamp-01-05.jpg,https://havenly.com/products/details/TABLE-LAMP-Uttermost-144141067,4257341
Janis Table Lamp,Lighting,traditional,Eclectic|Traditional|Classic Contemporary,$287.63,"Base; Diameter 4.37"" | Fixture; Height 25.25"", Diameter 14"", Weight 16.28Lbs | Shade; Height 10"", Diameter 14""",Travertine,Grey/Natural,"The Janis Table Lamp from Alder & Ore illuminates its surroundings with inspired, sculptural simplicity. The fixture features a distinctive hourglass-shaped body made from travertine. The natural beauty of the textured travertine surface makes each lamp unique, while the hazy fabric shade softens the light, creating an inviting warmth around the fixture. The lamp is compatible with a broad range of decor styles, from rustic to modern minimalist, and can enhance transitional and mid-century moder",Alder & Ore,in_stock,assets\products\traditional\board-4257341\product-traditional-janis-table-lamp-02-01.jpg,https://havenly.com/products/details/Janis-Table-Lamp-Alder-Ore-145157052,4257341
Hudson Valley Lighting Montpelier Chandelier,Lighting,traditional,Eclectic|Traditional|Classic Contemporary,$1160,34in L x 34in W x 21.25in H,Iron,Aged Iron,"Stylish in its simplicity, the Montpelier chandelier features 5 or 7-candle sleeves topped with tapered white linen shades. A twisted central rod and distinctive hook-and-ring detail offer graceful support to the curved arms of this timeless silhouette. Available in two sizes with a Vintage Gold Leaf or Aged Iron finish, it is an elegant statement piece for a dining room or large gathering space.",Hudson Valley Lighting Group,in_stock,assets\products\traditional\board-4257341\product-traditional-hudson-valley-lighting-montpelier-chandelier-03-01.jpg;assets\products\traditional\board-4257341\product-traditional-hudson-valley-lighting-montpelier-chandelier-03-02.jpg,https://havenly.com/products/details/Hudson-Valley-Lighting-Montpelier-Chandelier-Hudson-Valley-Lighting-Group-146873761,4257341
Green Chinoiserie Column Vase,Other,traditional,Eclectic|Traditional|Classic Contemporary,$68,"12.5""H, 6"" diameter",clay,multi,"Hand-crafted from glazed terracotta clay, this vase is painted with trailing green chinoiserie pattern over its column-shape. - A terrain exclusive - Terracotta clay, glazed - Indoor use only - Hand-crafted using natural materials; variance in appearance may occur - Imported 12.5"" H, 6"" diameter Green Chinoiserie Column Vase by Terrain at Anthropologie",Anthropologie,in_stock,assets\products\traditional\board-4257341\product-traditional-green-chinoiserie-column-vase-01-01.jpg,https://havenly.com/products/details/Green-Chinoiserie-Column-Vase-Anthropologie-80677272,4257341
"""Graphic Remix 1"" Framed Black & Beige Abstract Wall Art Print 47""x77"" by Lottie Anderson",Other,traditional,Eclectic|Traditional|Classic Contemporary,"${'id': '47634400456', 'price': 1049.97, '__typename': 'PriceModel'} (was $1799)","47""Wx2.25""Dx77""H",Canvas,Black,"&quot;Graphic Remix&quot; layers geometric shapes in a dynamic, abstract piece that vibrates with the energy of a busy street or an ever-changing cityscape. Embellished with paint by hand, our giclee print on natural linen faithfully reproduces the complexity of Lottie Anderson's original collage. The visible weave of the linen enhances the tactile qualities of this large work. We've presented the textural wall art in a black floater frame, ready to be hung horizontally or vertically over a sofa",Crate and Barrel,out_of_stock,assets\products\traditional\board-4257341\product-traditional-graphic-remix-1-framed-black-beige-abstract-wall-art-print-4-02-01.jpg;assets\products\traditional\board-4257341\product-traditional-graphic-remix-1-framed-black-beige-abstract-wall-art-print-4-02-02.jpg;assets\products\traditional\board-4257341\product-traditional-graphic-remix-1-framed-black-beige-abstract-wall-art-print-4-02-03.jpg;assets\products\traditional\board-4257341\product-traditional-graphic-remix-1-framed-black-beige-abstract-wall-art-print-4-02-04.jpg;assets\products\traditional\board-4257341\product-traditional-graphic-remix-1-framed-black-beige-abstract-wall-art-print-4-02-05.jpg,https://havenly.com/products/details/Graphic-Remix-1-Framed-Black-Beige-Abstract-Wall-Art-Print-47-x77-by-Lottie-Anderson-Crate-and-Barrel-131960810,4257341
"FINAL SALE : 16"" X 16"" LAVISH VELVET // MAGENTA PILLOW COVER - 16"" X 16""",Other,traditional,Eclectic|Traditional|Classic Contemporary,"${'id': '46627385261', 'price': 43.8, '__typename': 'PriceModel'} (was $73)","16"" X 16""",.,magenta,"40% OFF || Original price $73 per cover ; Sale price $43.80 per cover Limited quantities available. Non-refundable, non-exchangeable. Condition / Reason : Brand new condition Custom-made 16"" X 16"" pillow cover in Lavish Velvet // Magenta. Same sided, invisible zipper, knife edge finish. Serged interior seams. Dry clean recommended. Hand wash cold, lay flat to dry. Iron with medium heat if necessary. Pillow insert not included. Pictured :: 22"" X 22"" cover with a 24"" X 24"" down/feather insert",Little Design Company,out_of_stock,assets\products\traditional\board-4257341\product-traditional-final-sale-16-x-16-lavish-velvet-magenta-pillow-cover-16-x-1-03-01.jpg,https://havenly.com/products/details/FINAL-SALE-16-X-16-LAVISH-VELVET-MAGENTA-PILLOW-COVER-16-X-16-Little-Design-Company-132030833,4257341
Torrington Sideboard - Umber Oak Veneer,Other,traditional,Eclectic|Traditional|Classic Contemporary,$2599,82.0 x 18.0 x 30.0,"Oak Veneer, Resawn Oak",Umber Oak Veneer,"This sideboard pairs a waterfall-inspired leg design with large slabs of resawn umber oak with small, simple hardware for a piece that is both modern and understated.",Four Hands,out_of_stock,assets\products\traditional\board-4257341\product-traditional-torrington-sideboard-umber-oak-veneer-04-01.jpg;assets\products\traditional\board-4257341\product-traditional-torrington-sideboard-umber-oak-veneer-04-02.jpg;assets\products\traditional\board-4257341\product-traditional-torrington-sideboard-umber-oak-veneer-04-03.jpg;assets\products\traditional\board-4257341\product-traditional-torrington-sideboard-umber-oak-veneer-04-04.jpg;assets\products\traditional\board-4257341\product-traditional-torrington-sideboard-umber-oak-veneer-04-05.jpg,https://havenly.com/products/details/Torrington-Sideboard-Umber-Oak-Veneer-Four-Hands-139391563,4257341
"LABYRINTH VELVET // NAVY | THIBAUT - 20"" X 20"" / CORDING / Calypso Blue",Other,traditional,Eclectic|Traditional|Classic Contemporary,$233,"20"" X 20""",Velvet,Labyrinth,"Custom-made pillow cover in Labyrinth Velvet the Navy by Thibaut. Choose from three edge finish/reverse colors. Serged interior seams and an invisible zipper closure. All items are made to order, therefore we highly suggest purchasing samples first to ensure the fabric works in your space as colors may vary from how they appear on your screen.   Pillow insert not included.  PLEASE NOTE : Due to their length, an exposed brass zipper will be used on the following sizes : 14"" X 30"", 14"" X 36"", 14"" ",Little Design Company,in_stock,assets\products\traditional\board-4257341\product-traditional-labyrinth-velvet-navy-thibaut-20-x-20-cording-calypso-blue-05-01.jpg;assets\products\traditional\board-4257341\product-traditional-labyrinth-velvet-navy-thibaut-20-x-20-cording-calypso-blue-05-02.jpg;assets\products\traditional\board-4257341\product-traditional-labyrinth-velvet-navy-thibaut-20-x-20-cording-calypso-blue-05-03.jpg;assets\products\traditional\board-4257341\product-traditional-labyrinth-velvet-navy-thibaut-20-x-20-cording-calypso-blue-05-04.jpg;assets\products\traditional\board-4257341\product-traditional-labyrinth-velvet-navy-thibaut-20-x-20-cording-calypso-blue-05-05.jpg,https://havenly.com/products/details/LABYRINTH-VELVET-NAVY-THIBAUT-20-X-20-CORDING-Calypso-Blue-Little-Design-Company-147141556,4257341
"Kanta Rectangular 48"" Fluted Marble Console",Other,traditional,Eclectic|Traditional|Classic Contemporary,$1798,"31""H, 48""W, 15""D",marble,white,"Crafted of pure marble, this stately console lends a classical element to studies and living rooms alike. For ordering assistance and more, please contact us For aesthetic advice and tips to help decorate your space, enjoy our complimentary home styling services For more information on the materials and techniques of this piece, click here Kanta Rectangular 48"" Fluted Marble Console by Anthropologie in White",Anthropologie,out_of_stock,assets\products\traditional\board-4257341\product-traditional-kanta-rectangular-48-fluted-marble-console-06-01.jpg,https://havenly.com/products/details/Kanta-Rectangular-48-Fluted-Marble-Console-Anthropologie-151079737,4257341
"""Intermezzo"" by Lillian Winkler 61.5""x41.5"" Framed Wall Art Print",Other,traditional,Eclectic|Traditional|Classic Contemporary,$1499,"61.5""Wx1.38""Dx41.5""H",Linen,Green,"Layers of metallic pigment and thinned oil paint give Lillian Winkler's painting a dreamlike quality. In an evocative palette of off-white, bright blue and tonal earth tones, she suggests sky, clouds and earth in a composition that's both abstract and recognizable as a landscape. Our giclee print on linen captures all the intricate layering of the original and is complemented by a wood frame finished in black and antique gold.   • Artist: Lillian Winkler  • Giclee print on linen  • Wood frame wi",Crate and Barrel,in_stock,assets\products\traditional\board-4257341\product-traditional-intermezzo-by-lillian-winkler-61-5-x41-5-framed-wall-art-pri-07-01.jpg;assets\products\traditional\board-4257341\product-traditional-intermezzo-by-lillian-winkler-61-5-x41-5-framed-wall-art-pri-07-02.jpg;assets\products\traditional\board-4257341\product-traditional-intermezzo-by-lillian-winkler-61-5-x41-5-framed-wall-art-pri-07-03.jpg;assets\products\traditional\board-4257341\product-traditional-intermezzo-by-lillian-winkler-61-5-x41-5-framed-wall-art-pri-07-04.jpg,https://havenly.com/products/groups/crate-and-barrel-1032327-8436?vendorVariantId=151687177,4257341
Cristo Black and White Striped Vase,Other,traditional,Eclectic|Traditional|Classic Contemporary,"${'id': '47723353911', 'price': 149, '__typename': 'PriceModel'} (was $199)","6.25"" dia. x 13.5""H",CERAMIC,BLACK,"Handcrafted in a small Tuscan village where ceramics have been made since the 1400s, unique Italian artistry exudes old-world style for the modern home. Relying on traditional glaze and decoration practices, a network of artisans form each piece from raw clay and then use the andamp;quot;engobbioandamp;quot; technique to apply black glaze in organic stripes. After the vase is fired, specialists apply a penetrating light patina in brown tones to achieve an antiqued look. No two are exactly alike.",CB2,in_stock,assets\products\traditional\board-4257341\product-traditional-cristo-black-and-white-striped-vase-08-01.jpg;assets\products\traditional\board-4257341\product-traditional-cristo-black-and-white-striped-vase-08-02.jpg;assets\products\traditional\board-4257341\product-traditional-cristo-black-and-white-striped-vase-08-03.jpg;assets\products\traditional\board-4257341\product-traditional-cristo-black-and-white-striped-vase-08-04.jpg,https://havenly.com/products/details/Cristo-Black-and-White-Striped-Vase-CB2-63940275,4257341
