Tên SP,Danh mục,Danh mục con,Phong cách,Sub-styles,Giá,Giá gốc,Kích thước,Chất liệu,Màu sắc,Mô tả,Thương hiệu,Tình trạng,Hình ảnh,URL sản phẩm,Board ID
Killian Mid Century Accent Chair - Cream - Arlo Home,Furniture,Accent Chairs,mid-century-modern,Eclectic|Midcentury Modern|Inspired Modern,$844.50,,"31.5"" x 36.2"" x 33.5""","Teak Wood, Linen","Cream, Brown","Grab a cocktail, relax and unwind in modern style with this sophisticated mid century accent chair. Designed to highlight its sleek retro angles, itÂ?s finely crafted with luxurious cream linen blend upholstery and real wood with rich brass capped front legs.",Safavieh,out_of_stock,assets\products\mid-century-modern\board-4224427\product-mid-century-modern-killian-mid-century-accent-chair-cream-arlo-home-01-01.jpg;assets\products\mid-century-modern\board-4224427\product-mid-century-modern-killian-mid-century-accent-chair-cream-arlo-home-01-02.jpg;assets\products\mid-century-modern\board-4224427\product-mid-century-modern-killian-mid-century-accent-chair-cream-arlo-home-01-03.jpg;assets\products\mid-century-modern\board-4224427\product-mid-century-modern-killian-mid-century-accent-chair-cream-arlo-home-01-04.jpg;assets\products\mid-century-modern\board-4224427\product-mid-century-modern-killian-mid-century-accent-chair-cream-arlo-home-01-05.jpg,https://havenly.com/products/details/Killian-Mid-Century-Accent-Chair-Cream-Arlo-Home-Safavieh-87519809,4224427
Sierra Noir Nightstand,Furniture,Beds & Headboards,mid-century-modern,Eclectic|Midcentury Modern|Inspired Modern,$439.00,,"22"" W x 17"" D x 25"" H","Wood, Cane, Metal","Black, Brown","The Sierra Collection takes a jungle-chic aesthetic to a whole new level! We love the minimalist silhouettes paired with cane and brass details. Available in multiple color options, these pieces will complement your modern-boho vibe.Product Dimensions: 22""W x 17""D x 25.5""HAvailable in multiple color optionsTwo soft-close drawers offer ample storage spacePart of the Sierra collectionSkillfully Handmade",TOV FURNITURE,in_stock,assets\products\mid-century-modern\board-4224427\product-mid-century-modern-sierra-noir-nightstand-02-01.jpg;assets\products\mid-century-modern\board-4224427\product-mid-century-modern-sierra-noir-nightstand-02-02.jpg;assets\products\mid-century-modern\board-4224427\product-mid-century-modern-sierra-noir-nightstand-02-03.jpg;assets\products\mid-century-modern\board-4224427\product-mid-century-modern-sierra-noir-nightstand-02-04.jpg;assets\products\mid-century-modern\board-4224427\product-mid-century-modern-sierra-noir-nightstand-02-05.jpg,https://havenly.com/products/details/Sierra-Noir-Nightstand-TOV-FURNITURE-92870621,4224427
Paris Modern Scandinavian Reeded Dresser,Furniture,Beds & Headboards,mid-century-modern,Eclectic|Midcentury Modern|Inspired Modern,$440.99,$613.00,"35.38"" H x 56"" L x 15.75"" W","Powder-coated steel, Warp-resistant MDF, Durable laminate",Coastal Oak,"Bring the mid-century Scandinavian look into your home with this Paris Collection. The warp-resistant and durable materials ensure your dresser or nightstand will hold up to everyday use, while the Scandinavian reeded wood drawer fronts add a unique detail that elevates the design. Tab pulls and metal drawer slides make it easy to open and close drawers smoothly, and the spacious top is a great place to display art or place a lamp. Requires assembly.",Walker Edison,out_of_stock,assets\products\mid-century-modern\board-4224427\product-mid-century-modern-paris-modern-scandinavian-reeded-dresser-03-01.jpg;assets\products\mid-century-modern\board-4224427\product-mid-century-modern-paris-modern-scandinavian-reeded-dresser-03-02.jpg;assets\products\mid-century-modern\board-4224427\product-mid-century-modern-paris-modern-scandinavian-reeded-dresser-03-03.jpg;assets\products\mid-century-modern\board-4224427\product-mid-century-modern-paris-modern-scandinavian-reeded-dresser-03-04.jpg,https://havenly.com/products/details/Paris-Modern-Scandinavian-Reeded-Dresser-Walker-Edison-137263746,4224427
Albertha Solid Wood Wardrobe Rattan Doors,Furniture,Beds & Headboards,mid-century-modern,Eclectic|Midcentury Modern|Inspired Modern,$729.99,$1600.00,75.0 H x 36.0 W x 20.0 D in,"Solid Wood, pine",black,"Crafted with solid pine wood and featuring two rattan doors and two interior drawers at the bottom, this closet is perfect for storing your clothes and other items. Create a cozy and stylish atmosphere in your bedroom with this unique Pine Wood Closet. The wood handles add a classic touch to the design, while the natural tone of the wood creates a warm and inviting look. With plenty of space to store your clothing and accessories, this closet is the perfect addition to any bedroom.",Wayfair,out_of_stock,assets\products\mid-century-modern\board-4224427\product-mid-century-modern-albertha-solid-wood-wardrobe-rattan-doors-04-01.jpg,https://havenly.com/products/details/Albertha-Solid-Wood-Wardrobe-Rattan-Doors-Wayfair-138722332,4224427
The Citizenry Chand Lumbar Pillow | Latte,Decor & Lighting,Throw Pillows,mid-century-modern,Eclectic|Midcentury Modern|Inspired Modern,$127.00,$159.00,"12""x48""",100% linen,Latte,"Earthy tones. Statement-making design. Artisanal craftsmanship. This beautiful linen lumbar just begs for a front-and-center spot in your space. Available in two palettes – muted blues and rich browns – this oversized lumbar pillow is made to make an impact. Style it solo on your bed or couch. This one pillow is all you need to elevate an entire room. Each lumbar is block printed by hand on locally sourced linen by master artisans in Jaipur, India. All made start-to-finish in a fair trade workin",The Citizenry,out_of_stock,assets\products\mid-century-modern\board-4224427\product-mid-century-modern-the-citizenry-chand-lumbar-pillow-latte-01-01.jpg;assets\products\mid-century-modern\board-4224427\product-mid-century-modern-the-citizenry-chand-lumbar-pillow-latte-01-02.jpg;assets\products\mid-century-modern\board-4224427\product-mid-century-modern-the-citizenry-chand-lumbar-pillow-latte-01-03.jpg;assets\products\mid-century-modern\board-4224427\product-mid-century-modern-the-citizenry-chand-lumbar-pillow-latte-01-04.jpg;assets\products\mid-century-modern\board-4224427\product-mid-century-modern-the-citizenry-chand-lumbar-pillow-latte-01-05.jpg,https://havenly.com/products/details/The-Citizenry-Chand-Lumbar-Pillow-Latte-The-Citizenry-107274885,4224427
Stockbridge Satin Brass Curtain Rod,Decor & Lighting,Other Decor,mid-century-modern,Eclectic|Midcentury Modern|Inspired Modern,$94.00,,102-144,100% cast steel with satin brass finish,Satin Brass,"Our substantial 1.25"" diameter telescoping rod feels simple and sophisticated in any room. Expertly finished to create a smooth surface for easy gliding. Includes matching brackets and mounting hardware. Available in Polished Nickel, Satin Brass, Satin Nickel and Oil Rubbed Bronze finishes. Finials, connectors and rings in matching finishes sold separately.",Dash and Albert,out_of_stock,assets\products\mid-century-modern\board-4224427\product-mid-century-modern-stockbridge-satin-brass-curtain-rod-02-01.jpg,https://havenly.com/products/details/Stockbridge-Satin-Brass-Curtain-Rod-Dash-and-Albert-135759665,4224427
"The Citizenry Naveta Velvet | Small Lumbar Pillow | 12"" x 20"" | Blue",Decor & Lighting,Throw Pillows,mid-century-modern,Eclectic|Midcentury Modern|Inspired Modern,$71.00,$89.00,"12"" x 20""",100% Organic Cotton Velvet,Mulberry,"Cozier days start with cotton velvet. Crafted from 100% organic cotton velvet, this effortlessly luxe lumbar pillow warms up any space with calming earth tones. Accented with a half-inch fringe detailing, every piece can be styled solo or added as the finishing touch to your other pillows. Loomed by a collective of 200 weavers in Panipat, known around the world as India’s City of Weavers, every pillow is Oeko-Tex® and Global Organic Textile Standard (GOTS) certified. All sustainably made in a fa",The Citizenry,out_of_stock,assets\products\mid-century-modern\board-4224427\product-mid-century-modern-the-citizenry-naveta-velvet-small-lumbar-pillow-12-x-20-blue-03-01.jpg;assets\products\mid-century-modern\board-4224427\product-mid-century-modern-the-citizenry-naveta-velvet-small-lumbar-pillow-12-x-20-blue-03-02.jpg;assets\products\mid-century-modern\board-4224427\product-mid-century-modern-the-citizenry-naveta-velvet-small-lumbar-pillow-12-x-20-blue-03-03.jpg,https://havenly.com/products/details/The-Citizenry-Naveta-Velvet-Small-Lumbar-Pillow-12-x-20-Blue-The-Citizenry-139879677,4224427
"Velvet Curtain, Denim Performance Velvet, 50"" x 108"", Blackout",Decor & Lighting,Other Decor,mid-century-modern,Eclectic|Midcentury Modern|Inspired Modern,$235.00,,"50"" x 108""", Fabric - 100% Polyester.,Blue,"All panels sold individually -- Our two-in-one construction with duo hanging options gives you the best of both worlds. Use the rod pocket for a soft, bunched look, and the back tabs for a tailored, pleated look Denim Performance Velvet:  Composition: 100% Polyester",The Inside,out_of_stock,assets\products\mid-century-modern\board-4224427\product-mid-century-modern-velvet-curtain-denim-performance-velvet-50-x-108-blackout-04-01.jpg;assets\products\mid-century-modern\board-4224427\product-mid-century-modern-velvet-curtain-denim-performance-velvet-50-x-108-blackout-04-02.jpg;assets\products\mid-century-modern\board-4224427\product-mid-century-modern-velvet-curtain-denim-performance-velvet-50-x-108-blackout-04-03.jpg,https://havenly.com/products/details/Velvet-Curtain-Denim-Performance-Velvet-50-x-108-Blackout-The-Inside-143473603,4224427
Jenna Machine Washable Rug,Decor & Lighting,Rugs,mid-century-modern,Eclectic|Midcentury Modern|Inspired Modern,$465.00,,"7'6"" × 9'6""",100% Chenille-Polyester,Multi,"<div data-content-type=""html"" data-appearance=""default"" data-element=""main"">&lt;ul&gt; &lt;li&gt;Machine woven&lt;/li&gt; &lt;li&gt;100% Chenille-Polyester&lt;/li&gt; &lt;li&gt;Machine wash cold on delicate cycle. Do not bleach. Lay flat to dry.&lt;/li&gt; &lt;/ul&gt;</div>",Interior Define,in_stock,assets\products\mid-century-modern\board-4224427\product-mid-century-modern-jenna-machine-washable-rug-01-01.jpg;assets\products\mid-century-modern\board-4224427\product-mid-century-modern-jenna-machine-washable-rug-01-02.jpg;assets\products\mid-century-modern\board-4224427\product-mid-century-modern-jenna-machine-washable-rug-01-03.jpg,https://havenly.com/products/details/Jenna-Machine-Washable-Rug-Interior-Define-140107219,4224427
Rhea Table Lamp,Decor & Lighting,Table & Floor Lamps,mid-century-modern,Eclectic|Midcentury Modern|Inspired Modern,$360.00,,"14.5""H x 12""dia",travertine,brown,"<div data-content-type=""html"" data-appearance=""default"" data-element=""main"">&lt;p&gt;A tapered paper shade beautifully frames Rhea's natural travertine base, directing light down and around to highlight its organic texture and markings. A Patina Brass accent gives this earthy table lamp a hint of sophisticated detailing.&lt;/p&gt;  &lt;ul&gt; &lt;li&gt;Overall dimensions: 14.5""h. x 12""diam., E26 Medium Base&lt;/li&gt; &lt;li&gt;Weight: 13 lbs&lt;/li&gt; &lt;li&gt;Uses 1 Bulb&lt;/li&gt; &lt",Interior Define,in_stock,assets\products\mid-century-modern\board-4224427\product-mid-century-modern-rhea-table-lamp-01-01.jpg;assets\products\mid-century-modern\board-4224427\product-mid-century-modern-rhea-table-lamp-01-02.jpg;assets\products\mid-century-modern\board-4224427\product-mid-century-modern-rhea-table-lamp-01-03.jpg,https://havenly.com/products/details/Rhea-Table-Lamp-Interior-Define-143340385,4224427
The Citizenry Stonewashed Linen Bed Sheet Set | Queen | Ivory,Bedding & Bath,Sheet Set,mid-century-modern,Eclectic|Midcentury Modern|Inspired Modern,$359.00,,Queen,100% French flax; woven to 160 g/sm,Ivory,"There’s nothing better than a bed that begs you to crawl in it. And our supremely soft, French linen sheets do just that – they’re breathable, and have that perfectly imperfect look we love. Designed in a muted, mix-and-match palette and finished with eyelet detailing, each piece is loomed to give you the softest feel you’ll ever touch (no, really).Set includes:- 1 flat sheet- 1 fitted sheet- 2 pillowcasesMade using only the finest French flax and woven in the oldest, family-run linen mill in Po",The Citizenry,in_stock,assets\products\mid-century-modern\board-4224427\product-mid-century-modern-the-citizenry-stonewashed-linen-bed-sheet-set-queen-ivory-01-01.jpg;assets\products\mid-century-modern\board-4224427\product-mid-century-modern-the-citizenry-stonewashed-linen-bed-sheet-set-queen-ivory-01-02.jpg;assets\products\mid-century-modern\board-4224427\product-mid-century-modern-the-citizenry-stonewashed-linen-bed-sheet-set-queen-ivory-01-03.jpg;assets\products\mid-century-modern\board-4224427\product-mid-century-modern-the-citizenry-stonewashed-linen-bed-sheet-set-queen-ivory-01-04.jpg;assets\products\mid-century-modern\board-4224427\product-mid-century-modern-the-citizenry-stonewashed-linen-bed-sheet-set-queen-ivory-01-05.jpg,https://havenly.com/products/groups/the-citizenry-2224707797065-7375?vendorVariantId=139160508,4224427
The Citizenry Stonewashed Linen Duvet Cover | Full/Queen | Duvet + Sham Set | Aegean Blue,Bedding & Bath,Duvet Cover,mid-century-modern,Eclectic|Midcentury Modern|Inspired Modern,$439.00,,Full/Queen | Duvet + Sham Set,linen,Aegean Blue,"Set the stage for an effortlessly cool bedroom. Breathable yet warm, this duvet cover is the perfect layer from summer to winter. Garment washed to give you an airy, soft, most perfectly worn feel ever (no, really). Available in luxe, earthy hues, this duvet cover is designed to mix and match with our bedding collection to create a look that’s inherently your own. Made using only the finest French flax and woven in the oldest, family-run linen mill in Portugal, each piece is Oeko-Tex® certified ",The Citizenry,in_stock,assets\products\mid-century-modern\board-4224427\product-mid-century-modern-the-citizenry-stonewashed-linen-duvet-cover-full-queen-duvet-02-01.jpg;assets\products\mid-century-modern\board-4224427\product-mid-century-modern-the-citizenry-stonewashed-linen-duvet-cover-full-queen-duvet-02-02.jpg;assets\products\mid-century-modern\board-4224427\product-mid-century-modern-the-citizenry-stonewashed-linen-duvet-cover-full-queen-duvet-02-03.jpg;assets\products\mid-century-modern\board-4224427\product-mid-century-modern-the-citizenry-stonewashed-linen-duvet-cover-full-queen-duvet-02-04.jpg;assets\products\mid-century-modern\board-4224427\product-mid-century-modern-the-citizenry-stonewashed-linen-duvet-cover-full-queen-duvet-02-05.jpg,https://havenly.com/products/details/The-Citizenry-Stonewashed-Linen-Duvet-Cover-Full-Queen-Duvet-Sham-Set-Aegean-Blue-The-Citizenry-139480745,4224427
The Citizenry Organic Cotton Gauze Quilt | Full/Queen | Mulberry,Bedding & Bath,Quilt,mid-century-modern,Eclectic|Midcentury Modern|Inspired Modern,$247.00,$309.00,Full/Queen,"100% Organic Cotton. Woven to 180 GSM. Fill: 100% Poly batting, 250 GSM",Mulberry,"Incredibly soft and fluffy, these extra plush gauze quilts are pretty dreamy. Made with multiple layers of lightweight cotton and quilted for added thickness, this luxurious layer elevates the look of your bedroom with its textured feel and stitched detailing. Features an organic cotton cover with polyester fill. Made using fully traceable cotton from the Aegean region of Turkey, rest assured that from sourcing to finishing and every step in between, each fiber is made in the most sustainable wa",The Citizenry,out_of_stock,assets\products\mid-century-modern\board-4224427\product-mid-century-modern-the-citizenry-organic-cotton-gauze-quilt-full-queen-mulberry-03-01.jpg;assets\products\mid-century-modern\board-4224427\product-mid-century-modern-the-citizenry-organic-cotton-gauze-quilt-full-queen-mulberry-03-02.jpg;assets\products\mid-century-modern\board-4224427\product-mid-century-modern-the-citizenry-organic-cotton-gauze-quilt-full-queen-mulberry-03-03.jpg;assets\products\mid-century-modern\board-4224427\product-mid-century-modern-the-citizenry-organic-cotton-gauze-quilt-full-queen-mulberry-03-04.jpg;assets\products\mid-century-modern\board-4224427\product-mid-century-modern-the-citizenry-organic-cotton-gauze-quilt-full-queen-mulberry-03-05.jpg,https://havenly.com/products/details/The-Citizenry-Organic-Cotton-Gauze-Quilt-Full-Queen-Mulberry-The-Citizenry-149769724,4224427
Biswas Woven Jute 1 Light Pendant,Other,Other,mid-century-modern,Eclectic|Midcentury Modern|Inspired Modern,$602.40,,"24"" x 24"" x 18.75""","IRON, JUTE",Antique Brass,"Natural Woven Jute Rope Makes Up The Two Tier Shade Construction Of This Breezy Pendant Accented With Antique Brass Adding A Dressed Up Feel To The Look. 1-100 Watt Max, Edison Socket. Bulb Not Included.  Supplied With 15' Wire, 7' Chain For Adjustable Installation.",Uttermost,in_stock,assets\products\mid-century-modern\board-4224427\product-mid-century-modern-biswas-woven-jute-1-light-pendant-01-01.jpg;assets\products\mid-century-modern\board-4224427\product-mid-century-modern-biswas-woven-jute-1-light-pendant-01-02.jpg;assets\products\mid-century-modern\board-4224427\product-mid-century-modern-biswas-woven-jute-1-light-pendant-01-03.jpg;assets\products\mid-century-modern\board-4224427\product-mid-century-modern-biswas-woven-jute-1-light-pendant-01-04.jpg,https://havenly.com/products/details/Biswas-Woven-Jute-1-Light-Pendant-Uttermost-136758775,4224427
Burrow Rug Pad | 8' x 10',Decor & Lighting,Rugs,mid-century-modern,Eclectic|Midcentury Modern|Inspired Modern,$71.25,$95.00,7’6” W x 9’9” L,Fiber,Grey,"The Plush Rubber Grip Rug Pad offers comfort and protection. Precisely cut to fit our rug sizes, it eliminates the need for home cutting. Made from 100% post-industrial fibers, it not only makes your rug more comfortable but also extends its lifespan and protects your floors. | Burrow Rug Pad",Burrow,out_of_stock,assets\products\mid-century-modern\board-4224427\product-mid-century-modern-burrow-rug-pad-8-x-10-02-01.jpg;assets\products\mid-century-modern\board-4224427\product-mid-century-modern-burrow-rug-pad-8-x-10-02-02.jpg,https://havenly.com/products/details/Burrow-Rug-Pad-8-x-10-Burrow-136818494,4224427
"Edge Large Black Rounded Rectangle Medicine Cabinet 25.5""x36""",Furniture,Storage & Shelving,mid-century-modern,Midcentury Modern,$149.97,$499.00,"25.5""Wx5.2""Dx36""H",METAL,Black,"Edged with a slim black band, our mirrored cabinet curves a rounded rectangle for a modern and elegant silhouette. Made of black-finished stainless steel, the clean-lined medicine cabinet provides a mirrored glass door that opens to three adjustable shelves. Able to be recess mounted or affixed to the wall, the large black medicine cabinet complements bathrooms with its contemporary, minimalist style.   • Stainless steel with black finish  • Beveled mirrored glass  • 3 adjustable interior shelve",Crate and Barrel,out_of_stock,assets\products\mid-century-modern\board-4225046\product-mid-century-modern-edge-large-black-rounded-rectangle-medicine-cabinet-25-5-x36-01-01.jpg;assets\products\mid-century-modern\board-4225046\product-mid-century-modern-edge-large-black-rounded-rectangle-medicine-cabinet-25-5-x36-01-02.jpg;assets\products\mid-century-modern\board-4225046\product-mid-century-modern-edge-large-black-rounded-rectangle-medicine-cabinet-25-5-x36-01-03.jpg;assets\products\mid-century-modern\board-4225046\product-mid-century-modern-edge-large-black-rounded-rectangle-medicine-cabinet-25-5-x36-01-04.jpg,https://havenly.com/products/details/Edge-Large-Black-Rounded-Rectangle-Medicine-Cabinet-25-5-x36-Crate-and-Barrel-117178546,4225046
"Dondi 42"" Walnut Single Bathroom Vanity",Other,Other,mid-century-modern,Midcentury Modern,$1549.00,$1691.00,34.0 H x 42.0 W x 22.0 D in,wood,brown,"Bring timeless mid-century style to your bathroom with this 42-inch wide natural walnut vanity. Designed with warm wood tones, tapered legs, and elegant brushed gold hardware, it adds both sophistication and warmth to any space. The pure white quartz countertop features a sleek oval undermount ceramic sink for a clean, seamless finish. Six soft-close drawers with durable dovetail construction offer smooth function and ample storage for your everyday essentials. AllModern",AllModern,out_of_stock,assets\products\mid-century-modern\board-4225046\product-mid-century-modern-dondi-42-walnut-single-bathroom-vanity-02-01.jpg,https://havenly.com/products/details/Dondi-42-Walnut-Single-Bathroom-Vanity-AllModern-126858181,4225046
Hoopes Upholstered Side Chair,Furniture,Dining Tables & Chairs,mid-century-modern,Midcentury Modern,$177.99,$189.99,31.5'' H X 20.25'' W X 20.25'' D,wood,light,"Comfortable and elegant, these chairs are the perfect side dish to accompany many styles of a dining table.",Wayfair,in_stock,assets\products\mid-century-modern\board-4226979\product-mid-century-modern-hoopes-upholstered-side-chair-01-01.jpg;assets\products\mid-century-modern\board-4226979\product-mid-century-modern-hoopes-upholstered-side-chair-01-02.jpg,https://havenly.com/products/details/Hoopes-Upholstered-Side-Chair-Wayfair-50158200,4226979
Flyte Oval Coffee Table,Furniture,Coffee & Accent Tables,mid-century-modern,Midcentury Modern,$232.20,,"42"" X 21"" X 16""",Bayur Wood / Mdf Veneer,Natural,"Give your living room a spark of rustic-chic warmth with this Flyte Coffee Table. Resonating with a deep sense of motion in its oval pedestal base and matching oval top, Flyte’s rich natural finish seamlessly accents any contemporary-country furnishings.",Safavieh,in_stock,assets\products\mid-century-modern\board-4226979\product-mid-century-modern-flyte-oval-coffee-table-02-01.jpg;assets\products\mid-century-modern\board-4226979\product-mid-century-modern-flyte-oval-coffee-table-02-02.jpg;assets\products\mid-century-modern\board-4226979\product-mid-century-modern-flyte-oval-coffee-table-02-03.jpg;assets\products\mid-century-modern\board-4226979\product-mid-century-modern-flyte-oval-coffee-table-02-04.jpg;assets\products\mid-century-modern\board-4226979\product-mid-century-modern-flyte-oval-coffee-table-02-05.jpg,https://havenly.com/products/details/Flyte-Oval-Coffee-Table-Safavieh-134442729,4226979
Katherline Upholstered Swivel Armchair,Furniture,Accent Chairs,mid-century-modern,Midcentury Modern,$599.99,$999.00,27.0 H x 33.5 W x 30.0 D in,fabric,brown,"?Enjoy Your Life?Its simple yet elegantly designed round swivel chairs are the perfect combination of luxury and stylish. The accent chair is a unique decor for various occasions which can lift up the aesthetic of the interior design. Also it is a perfect addition to the hotel lounge, bedroom, living room, office, and nursery room.",Wayfair,in_stock,assets\products\mid-century-modern\board-4226979\product-mid-century-modern-katherline-upholstered-swivel-armchair-03-01.jpg,https://havenly.com/products/details/Katherline-Upholstered-Swivel-Armchair-Wayfair-138245580,4226979
"Swivel Accent Chair, Upholstered Armchair, Round Barrel Chair for Living Room, Bedroom",Furniture,Accent Chairs,mid-century-modern,Midcentury Modern,$234.99,$263.99,32.7 H x 25.6 W x 28.0 D in,velvet,brown,"Expertly crafted to enrich any room with elegance, this chair boasts a 360-degree smooth swivel base allowing for a seamless turn without a whisper. The premium sponge seat cushion is meticulously enveloped in soft velvet, offering both enduring comfort. The armchair's sturdy foundation is built on a corner-blocked wooden frame made from solid engineered wood that's been kiln-dried, preventing warping and ensuring a steadfast presence in your home for years to come. Due to the display of the lig",Wayfair,out_of_stock,assets\products\mid-century-modern\board-4226979\product-mid-century-modern-swivel-accent-chair-upholstered-armchair-round-barrel-chair--04-01.jpg,https://havenly.com/products/details/Swivel-Accent-Chair-Upholstered-Armchair-Round-Barrel-Chair-for-Living-Room-Bedroom-Wayfair-138226146,4226979
Finsbury 25.2'' Wide Tufted Velvet Swivel Barrel Chair,Furniture,Accent Chairs,mid-century-modern,Midcentury Modern,$239.99,$253.99,28.0 H x 25.2 W x 25.8 D in,velvet,brown,"Medieval Modern Style: Combined with ornate aisle stitching and a rotating base, our casual swivel chairs give your lounge space a medieval look. With its clean lines and understated appearance, this style has a novel design appearance.",Wayfair,out_of_stock,assets\products\mid-century-modern\board-4226979\product-mid-century-modern-finsbury-25-2-wide-tufted-velvet-swivel-barrel-chair-05-01.jpg,https://havenly.com/products/details/Finsbury-25-2-Wide-Tufted-Velvet-Swivel-Barrel-Chair-Wayfair-142978721,4226979
Minimore Wool Swivel Accent Chair Sherpa Wool Surfece Barrel Chair,Furniture,Accent Chairs,mid-century-modern,Midcentury Modern,$239.99,$399.99,29.1 H x 30.7 W x 29.9 D in,Polyester Blend,Rust,"Upholstered with premium Wool fabric, Very is warm and comfortable for touching. High-density foam filling with a solid and manufactured wood frame provides comfort and support. This classic and traditional style swivel accent chair will provide a fresh and pleasing look to your space. Add a touch of modernness to your home today with this modern swivel chair. Simple modern design is tasteful and low-profile, this chair is perfect for your home office, living room, bedroom, or any other decor th",Wayfair,in_stock,assets\products\mid-century-modern\board-4226979\product-mid-century-modern-minimore-wool-swivel-accent-chair-sherpa-wool-surfece-barrel-06-01.jpg,https://havenly.com/products/details/Minimore-Wool-Swivel-Accent-Chair-Sherpa-Wool-Surfece-Barrel-Chair-Wayfair-119624790,4226979
"Pottsgrove 26.4"" W Polyester Swivel Barrel Chair",Furniture,Accent Chairs,mid-century-modern,Midcentury Modern,$209.99,$244.99,30.7'' H X 26.4'' W X 24.2'' D,"polyester blend, velvet",orange,"Showcasing a simple modern design, this lovely swivel barrel chair with a pillow perfectly balances versatility and style. The comfortable foam fill makes it as plush and inviting as it looks, while the plywood frame and swivel metal base set a sturdy foundation. This eye-catching accent chair will add a pop of style to any space. Get a pair to settle your living room corner, bedroom, or home office. Ivy Bronx Fabric OR Leather Type: Orange Velvet",Wayfair,out_of_stock,assets\products\mid-century-modern\board-4226979\product-mid-century-modern-pottsgrove-26-4-w-polyester-swivel-barrel-chair-07-01.jpg,https://havenly.com/products/details/Pottsgrove-26-4-W-Polyester-Swivel-Barrel-Chair-Wayfair-151411279,4226979
"Cotton Velvet CV-004 20""L x 20""W Polyester Filled Pillow",Decor & Lighting,Throw Pillows,mid-century-modern,Midcentury Modern,$90.00,,"20"" x 20""","100% Cotton, 100% Cotton",teal,"Introduce a touch of minimalist modern elegance to your home with our Cotton Velvet pillow. This stunning accent piece is made of fine cotton, offering a plush feel that invites relaxation and comfort. Perfectly designed to complement any decor, it embodies an effortless blend of style and sophistication. Crafted in India, this pillow is not only fashionable but also easy to care for; simply spot clean with mild detergent to keep it looking as good as new. Elevate your living space today with ou",Surya,out_of_stock,assets\products\mid-century-modern\board-4226979\product-mid-century-modern-cotton-velvet-cv-004-20-l-x-20-w-polyester-filled-pillow-01-01.jpg,https://havenly.com/products/groups/surya-13210-0-865?vendorVariantId=8173572,4226979
"Moza MZA-004 18""L x 18""W Polyester Filled Pillow",Decor & Lighting,Throw Pillows,mid-century-modern,Midcentury Modern,$50.00,,"18"" x 18""","50% Cotton, 50% Cotton Linen, 100% Cotton","Ivory, Khaki, Teal","Bring a modern touch to any room with this gorgeous Moza accent pillow. Crafted from a luxurious blend of linen and cotton, this mid-century modern style pillow will bring comfort and style to your living space. With its unique pattern, this accent pillow can be used as an eye-catching addition to any sofa or bedding set. The fabric is soft and durable, making it ideal for everyday use. Made in India, the care instructions are simple: spot clean with mild detergent and lay flat to dry. Add some ",Surya,out_of_stock,assets\products\mid-century-modern\board-4226979\product-mid-century-modern-moza-mza-004-18-l-x-18-w-polyester-filled-pillow-02-01.jpg;assets\products\mid-century-modern\board-4226979\product-mid-century-modern-moza-mza-004-18-l-x-18-w-polyester-filled-pillow-02-02.jpg,https://havenly.com/products/details/Moza-MZA-004-18-L-x-18-W-Polyester-Filled-Pillow-Surya-71523759,4226979
'Atmospheric' - 9 Piece Picture Frame Painting Print Set,Decor & Lighting,Wall Art & Mirrors,mid-century-modern,Midcentury Modern,$499.99,$535.49,"Mini 10""-17""",wood and paper,"Blue, Orange, Pink","This set of 9 abstract prints are a designers dream. They are double matted with a heavy bottom, under glass and softly framed in champagne. You can really make a statement in any room with these!",Wayfair,in_stock,assets\products\mid-century-modern\board-4226979\product-mid-century-modern-atmospheric-9-piece-picture-frame-painting-print-set-03-01.jpg,https://havenly.com/products/details/Atmospheric-9-Piece-Picture-Frame-Painting-Print-Set-Wayfair-86484976,4226979
Verbrande Cotton Abstract Throw Pillow,Decor & Lighting,Throw Pillows,mid-century-modern,Midcentury Modern,$45.99,,"18X18""",cotton blend,"Beige, Ivory & Cream, Green","A fabulous range of exotic pillows to suite a variety of lifestyles. From clever cheery designs on natural jute fabric fun and funky international expressions bold floral and abstract patterns to subtle, textured and sophisticated motifs.",Wayfair,out_of_stock,assets\products\mid-century-modern\board-4226979\product-mid-century-modern-verbrande-cotton-abstract-throw-pillow-04-01.jpg,https://havenly.com/products/details/Verbrande-Cotton-Abstract-Throw-Pillow-Wayfair-87771860,4226979
Aldwich Geometric Handmade Tufted Wool Blue Area Rug,Decor & Lighting,Rugs,mid-century-modern,Midcentury Modern,$294.99,$594.00,Rectangle 6' x 9',Wool,"Blue, Orange, Multi",<p></p><strong>Features:</strong><ul><li>Bohemian</li><li>Bold Colors</li><li>Geometric Pattern</li><li>Material: Wool<ul><li>Material Details: 100% Wool</li></ul></li><li>Construction: Handmade</li><li>Technique: Tufted</li><li>One-of-a-Kind: No<ul><li>Rug Age Details: </li><li>Rug Age Decade: </li><li>Remarks/Condition: </li><li>Remarks/Condition Details: </li><li>Traditional Style: </li></ul></li><li>Backing Material: Yes<ul><li>Backing Material Details: Cotton</li></ul></li><li>Rug Shape: </,Wayfair,in_stock,assets\products\mid-century-modern\board-4226979\product-mid-century-modern-aldwich-geometric-handmade-tufted-wool-blue-area-rug-01-01.jpg,https://havenly.com/products/details/Aldwich-Geometric-Handmade-Tufted-Wool-Blue-Area-Rug-Wayfair-74989487,4226979
Moon Floor Lamp - Gold,Decor & Lighting,Table & Floor Lamps,mid-century-modern,Midcentury Modern,$169.00,,61.5 x 9 x 9,"Steel, glass, plastic",gold,"Gold Floor Lamp Post, Metal Base, Glass Shade, Mid-Century Design | Article Moon Modern Lighting & Decor. The Moon lamp is an elegant update to a classic lamp post silhouette, bringing a moon-like glow to your home. Its frosted glass shade casts a soft glow in a room, creating a cosy ambience. A metal base and stand round off this chic design.",Article,in_stock,assets\products\mid-century-modern\board-4226979\product-mid-century-modern-moon-floor-lamp-gold-01-01.jpg;assets\products\mid-century-modern\board-4226979\product-mid-century-modern-moon-floor-lamp-gold-01-02.jpg;assets\products\mid-century-modern\board-4226979\product-mid-century-modern-moon-floor-lamp-gold-01-03.jpg;assets\products\mid-century-modern\board-4226979\product-mid-century-modern-moon-floor-lamp-gold-01-04.jpg;assets\products\mid-century-modern\board-4226979\product-mid-century-modern-moon-floor-lamp-gold-01-05.jpg,https://havenly.com/products/details/Moon-Floor-Lamp-Gold-Article-47527254,4226979
Mave Floor Lamp - Gold/Black - Safavieh,Decor & Lighting,Table & Floor Lamps,mid-century-modern,Midcentury Modern,$86.40,,"13"" x 9.75"" x 57""","Metal, Marble","Gold, Black","Inspired by chic minimalist style, this contemporary floor lamp updates any living room. Designed with a marble base that supports its sleek black and polished gold-finished frame, it shimmers in the gentle glow of a single bulb.",Safavieh,in_stock,assets\products\mid-century-modern\board-4226979\product-mid-century-modern-mave-floor-lamp-gold-black-safavieh-02-01.jpg;assets\products\mid-century-modern\board-4226979\product-mid-century-modern-mave-floor-lamp-gold-black-safavieh-02-02.jpg;assets\products\mid-century-modern\board-4226979\product-mid-century-modern-mave-floor-lamp-gold-black-safavieh-02-03.jpg,https://havenly.com/products/details/Mave-Floor-Lamp-Gold-Black-Safavieh-Safavieh-72794178,4226979
Adventure In Turquoise Orange - Abstract Wall Art,Decor & Lighting,Wall Art & Mirrors,mid-century-modern,Midcentury Modern,$109.99,$134.99,"36"" H x 36"" W",canvas,Brown Floater Framed,"This beautiful ""Adventure In Turquoise Orange"" Wall art is printed on premium quality cotton canvas or metal aluminum format using the finest fade-resistant ink. With options like Wrapped Canvas, Floater Framed, and Metal Aluminium Wall Decor, we offer a versatile range to cater to your unique aesthetic preferences. The Wrapped Canvas Art is stretched tautly over a sturdy wooden frame, giving your artwork a sleek, borderless appearance. Our floater-framed canvas art is the ideal choice for those",Wayfair,in_stock,assets\products\mid-century-modern\board-4226979\product-mid-century-modern-adventure-in-turquoise-orange-abstract-wall-art-01-01.jpg,https://havenly.com/products/details/Adventure-In-Turquoise-Orange-Abstract-Wall-Art-Wayfair-152267737,4226979
Inchara Orange Mid Century Organic Harmony I Framed On Canvas Print,Decor & Lighting,Wall Art & Mirrors,mid-century-modern,Midcentury Modern,$124.99,$153.99,44.0 H x 34.0 W x 1.5 D in,canvas,blue/orange,"This beautiful ""Orange Mid Century Organic Harmony I"" wall art is printed on premium quality cotton canvas using the finest fade-resistant ink. The canvas is enclosed within a carefully selected frame, enhancing the artwork's beauty and providing a sense of structure to your wall decor. Our collection offers an array of frame colors to complement your interior design, ensuring that your artwork seamlessly integrates with your home or office decor.",Wayfair,in_stock,assets\products\mid-century-modern\board-4226979\product-mid-century-modern-inchara-orange-mid-century-organic-harmony-i-framed-on-canva-02-01.jpg,https://havenly.com/products/details/Inchara-Orange-Mid-Century-Organic-Harmony-I-Framed-On-Canvas-Print-Wayfair-134240176,4226979
Blue And Orange Minimalistic Symphony I - Minimalism Canvas Art Print,Decor & Lighting,Wall Art & Mirrors,mid-century-modern,Midcentury Modern,$117.99,$145.99,"44"" H x 34"" W x 1.5"" D",canvas,blue/orange,"This beautiful wall art is printed using the highest quality fade-resistant ink on canvas. This minimalism wall art is printed on premium quality cotton canvas, using the finest quality inks which will not fade over time. Every canvas print arrives ready to hang on the wall, with the hanging kits included.",Wayfair,in_stock,assets\products\mid-century-modern\board-4226979\product-mid-century-modern-blue-and-orange-minimalistic-symphony-i-minimalism-canvas-ar-03-01.jpg,https://havenly.com/products/details/Blue-And-Orange-Minimalistic-Symphony-I-Minimalism-Canvas-Art-Print-Wayfair-131883386,4226979
Pieces of Blue - Picture Frame Print on Paper,Decor & Lighting,Wall Art & Mirrors,mid-century-modern,Midcentury Modern,$339.99,$374.99,"41.5"" H x 29.5"" W x 0.75"" D",-,"Red, Brown, Blue","Pieces of Blue is not your classic red, white and blue combination. The shades of this classic combination offer a more modern appeal to update any space in your home. For a bold splash of color, adapted from classic colors, Pieces of Blue lends its modern vibe.",Wayfair,in_stock,assets\products\mid-century-modern\board-4226979\product-mid-century-modern-pieces-of-blue-picture-frame-print-on-paper-01-01.jpg,https://havenly.com/products/details/Pieces-of-Blue-Picture-Frame-Print-on-Paper-Wayfair-89851556,4226979
"67"" Square Arm Loveseat",Other,Other,mid-century-modern,Midcentury Modern,$252.99,$416.00,30.7 H x 66.5 W x 30.7 D in,100% Polyester,beige,<p></p><strong>Features:</strong><ul><li>Product Type: Loveseat</li><li>Design: Standard<ul><li>Sleeper Size: </li></ul></li><li>Reclining Type Details: </li><li>Mattress Included: No</li><li>Seating Capacity: 2</li><li>Upholstery Material: 100% Polyester<ul><li>Genuine Leather Type: </li><li>Faux Leather Type: </li></ul></li><li>Upholstery Color (Fabric: Beige 100% Polyester): Beige</li><li>Upholstery Color (Fabric: Yellow 100%  Polyester): Yellow</li><li>Upholstery Color (Fabric: Dark Gray 100,Wayfair,out_of_stock,assets\products\mid-century-modern\board-4226979\product-mid-century-modern-67-square-arm-loveseat-02-01.jpg,https://havenly.com/products/details/67-Square-Arm-Loveseat-Wayfair-117062691,4226979
Zafiro 27.087'' Wide 3 - Shelf Storage Cabinet,Furniture,Storage & Shelving,mid-century-modern,Midcentury Modern,$129.99,$364.99,72.047'' H X 27.087'' W X 15.394'' D,Wood,brown,"Easily transform any room in your home from chaotic to charming by adding the Inbox Zero Select storage cabinet in neutral. This double-door storage cabinet has two adjustable shelves and one fixed shelf for versatile organization of towels, sheets, and blankets in a utility or laundry room setting. A bathroom sink space overrun with cosmetics and shampoos can be remade into a spa retreat by stashing linens, lotions, lipsticks and more in this two-door storage cabinet. Family rooms littered with",Wayfair,out_of_stock,assets\products\mid-century-modern\board-4226979\product-mid-century-modern-zafiro-27-087-wide-3-shelf-storage-cabinet-03-01.jpg,https://havenly.com/products/details/Zafiro-27-087-Wide-3-Shelf-Storage-Cabinet-Wayfair-132490290,4226979
"Bryani 100% Solid Wood 32""-wide Kitchen Pantry Cabinet with Solid Wood Doors",Furniture,Storage & Shelving,mid-century-modern,Midcentury Modern,$649.99,$689.99,71.5'' H X 32'' W X 15.5'' D,Solid Wood,Teal,,Wayfair,in_stock,assets\products\mid-century-modern\board-4226979\product-mid-century-modern-bryani-100-solid-wood-32-wide-kitchen-pantry-cabinet-with-so-04-01.jpg,https://havenly.com/products/details/Bryani-100-Solid-Wood-32-wide-Kitchen-Pantry-Cabinet-with-Solid-Wood-Doors-Wayfair-154760917,4226979
"Dowdle 29.5"" Wide Tufted Velvet Wingback Chair",Furniture,Accent Chairs,mid-century-modern,Midcentury Modern,$274.99,$599.00,37.5 H x 29.5 W x 26.5 D in,x,Orange,"Looking to add an accent chair to your living room or bedroom? This one is in keeping with your glam sensibilities, adding an eye-catching touch to your space. This is the classic and contemporary style accent chair with wingback. Made with premium velvet fabric, comfortable for skin touch, and features an on-trend solid hue that’s bound to blend in with your color scheme. High-density foam filling with a metal and manufactured wood frame provides comfort and support. The slender polished golden",Wayfair,in_stock,assets\products\mid-century-modern\board-4226979\product-mid-century-modern-dowdle-29-5-wide-tufted-velvet-wingback-chair-05-01.jpg,https://havenly.com/products/details/Dowdle-29-5-Wide-Tufted-Velvet-Wingback-Chair-Wayfair-91810137,4226979
"Culla 55"" Desk - Walnut",Furniture,Desks,mid-century-modern,Midcentury Modern,$499.00,,30 x 55 x 20,"Solid and veneered Walnut, MDF","Brown, Walnut","Walnut Desk, 2 Drawers, Open Storage, Spindle Legs, Mid-century Design | Article Culla Modern Home Office Furniture. Work wonders. Whether catching up on emails or writing a pile of thank-you notes, the Culla desk’s solid construction, smooth wood surface, and streamlined design add a touch of style to any task. Two drawers keep your papers and takeout lunch menus organized, while the middle shelf is the perfect place to stash your keyboard.",Article,in_stock,assets\products\mid-century-modern\board-4229562\product-mid-century-modern-culla-55-desk-walnut-01-01.jpg;assets\products\mid-century-modern\board-4229562\product-mid-century-modern-culla-55-desk-walnut-01-02.jpg;assets\products\mid-century-modern\board-4229562\product-mid-century-modern-culla-55-desk-walnut-01-03.jpg;assets\products\mid-century-modern\board-4229562\product-mid-century-modern-culla-55-desk-walnut-01-04.jpg;assets\products\mid-century-modern\board-4229562\product-mid-century-modern-culla-55-desk-walnut-01-05.jpg,https://havenly.com/products/groups/article-culladesk-9352?vendorVariantId=67758411,4229562
Jeppa Side Table - Walnut,Furniture,Coffee & Accent Tables,mid-century-modern,Midcentury Modern,$249.00,,20.5 x 17.5 x 17.5,"American Black Walnut, powder-coated steel",walnut,"Walnut Side Table, Metal Frame | Article Jeppa Modern Furniture. Two stylish tiers of storage space. The Jeppa Side Table, with solid wood tops and a powder-coated steel frame, is ready for the living room.",Article,in_stock,assets\products\mid-century-modern\board-4229562\product-mid-century-modern-jeppa-side-table-walnut-02-01.jpg;assets\products\mid-century-modern\board-4229562\product-mid-century-modern-jeppa-side-table-walnut-02-02.jpg,https://havenly.com/products/details/Jeppa-Side-Table-Walnut-Article-90285353,4229562
Vesper Leather Lounge Chair - Slate Leather/Walnut,Furniture,Accent Chairs,mid-century-modern,Midcentury Modern,$877.00,$1169.00,"29.5"" L x 29.5"" D x 30"" H",100% leather cowhide,Slate/Walnut,"Vesper is a visually striking, statement design that still meets our high standard for functionality. It builds upon a long legacy of molded plywood lounge chairs, and takes a step beyond homage: the custom-pressed shell was engineered to offer a comfortably reclined seat, but also to nest for efficient shipping and easy setup — just the sort of thoughtful touch you’ve come to expect from Burrow. Burrow Vesper Leather Lounge Chair | 29.5"" L x 29.5"" W x 30"" H",Burrow,out_of_stock,assets\products\mid-century-modern\board-4229562\product-mid-century-modern-vesper-leather-lounge-chair-slate-leather-walnut-03-01.jpg;assets\products\mid-century-modern\board-4229562\product-mid-century-modern-vesper-leather-lounge-chair-slate-leather-walnut-03-02.jpg;assets\products\mid-century-modern\board-4229562\product-mid-century-modern-vesper-leather-lounge-chair-slate-leather-walnut-03-03.jpg,https://havenly.com/products/details/Vesper-Leather-Lounge-Chair-Slate-Leather-Walnut-Burrow-116155473,4229562
Spara Black Performance Boucle Dining Chair,Furniture,Dining Tables & Chairs,mid-century-modern,Midcentury Modern,$279.00,,"25.4""W x 22.2""D x 28.4""H","Boucle,Wood",Black,"Nordic notes and Danish design inspired the Spara Dining Chair. The classic silhouette and soft finishes make this chair the perfect addition to your dining space. Go for that breezy neutral aesthetic with the cream or bold with the black. Either way, it's the right choice!Product Dimensions: 25.4""W x 22.2""D x 28.4""HUpholstered in water-repellent performance fabricTextured boucle upholsteryAvailable in multiple color optionsShips fully assembledFabric swatch available upon requestSkillfully Hand",TOV FURNITURE,in_stock,assets\products\mid-century-modern\board-4229562\product-mid-century-modern-spara-black-performance-boucle-dining-chair-04-01.jpg;assets\products\mid-century-modern\board-4229562\product-mid-century-modern-spara-black-performance-boucle-dining-chair-04-02.jpg;assets\products\mid-century-modern\board-4229562\product-mid-century-modern-spara-black-performance-boucle-dining-chair-04-03.jpg;assets\products\mid-century-modern\board-4229562\product-mid-century-modern-spara-black-performance-boucle-dining-chair-04-04.jpg;assets\products\mid-century-modern\board-4229562\product-mid-century-modern-spara-black-performance-boucle-dining-chair-04-05.jpg,https://havenly.com/products/details/Spara-Black-Performance-Boucle-Dining-Chair-TOV-FURNITURE-125947293,4229562
Reema Scandinavian Sideboard & TV Stand,Furniture,Media Consoles,mid-century-modern,Midcentury Modern,$399.99,$486.00,"28.75""H x 69""W x 17.75""D 127 LBS","warp-resistant MDF, durable laminate, and smooth, painted metal.",Dark Walnut/Gold,"Sleek, stylish, and storage-savvy. This fluted-door sideboard is bound to instantly upgrade your dining space, living room, or entryway with its minimal build and versatile storage. With adjustable shelving and wide surface space, this piece can easily transition into a TV stand, a space for spare linens, or a place to debut your dishware. Whatever your storage needs, this four-door console will house all the essentials with functional finesse. Whether your home reflects coastal, contemporary, o",Walker Edison,in_stock,assets\products\mid-century-modern\board-4229562\product-mid-century-modern-reema-scandinavian-sideboard-tv-stand-05-01.jpg,https://havenly.com/products/details/Reema-Scandinavian-Sideboard-TV-Stand-Walker-Edison-130806511,4229562
"Parsons Ottoman, Antelope",Furniture,Accent Chairs,mid-century-modern,Midcentury Modern,$250.50,$334.00,"19""H x 17.5""W x 17.5""D",Construction - Solid Pine. Fabric - 100% Cotton.,Neutral,"A decorating classic, The Parsons Ottoman is the perfect extra perch and accent. Great as a traditional ottoman or vanity stool. For more fabric and print options, view our made-to-order Parsons Ottoman! Antelope:  Composition: 100% Cotton",The Inside,out_of_stock,assets\products\mid-century-modern\board-4229562\product-mid-century-modern-parsons-ottoman-antelope-06-01.jpg;assets\products\mid-century-modern\board-4229562\product-mid-century-modern-parsons-ottoman-antelope-06-02.jpg;assets\products\mid-century-modern\board-4229562\product-mid-century-modern-parsons-ottoman-antelope-06-03.jpg;assets\products\mid-century-modern\board-4229562\product-mid-century-modern-parsons-ottoman-antelope-06-04.jpg,https://havenly.com/products/details/Parsons-Ottoman-Antelope-The-Inside-136757107,4229562
Heist Nightstand - Walnut - Wood,Furniture,Beds & Headboards,mid-century-modern,Midcentury Modern,$404.00,$539.00,20 x 26 x 17.5,"Wood, Leg Material: Wood","Walnut, Leg Finish: WalnutLegs","The Heist collection shares the same design language between the dressers and nightstands, with the same premium drawer glides and curved hardwood handles. With a fully wood exterior, same finishes, and wood grains you can confidently pair dresser, nightstands, and bed. Burrow Heist Nightstand",Burrow,out_of_stock,assets\products\mid-century-modern\board-4229562\product-mid-century-modern-heist-nightstand-walnut-wood-07-01.jpg;assets\products\mid-century-modern\board-4229562\product-mid-century-modern-heist-nightstand-walnut-wood-07-02.jpg;assets\products\mid-century-modern\board-4229562\product-mid-century-modern-heist-nightstand-walnut-wood-07-03.jpg;assets\products\mid-century-modern\board-4229562\product-mid-century-modern-heist-nightstand-walnut-wood-07-04.jpg,https://havenly.com/products/groups/burrow-9787730723118-173?vendorVariantId=136817742,4229562
Vesper Leather Ottoman - Slate Leather/Black Ash,Furniture,Accent Chairs,mid-century-modern,Midcentury Modern,$352.00,$469.00,"29.5"" L x 29.5"" W x 30"" H",Leather,Slate/Black,"Vesper is a visually striking, statement design that still meets our high standard for functionality. It builds upon a long legacy of molded plywood lounge chairs, and takes a step beyond homage: the custom-pressed shell was engineered to offer a comfortably reclined seat, but also to nest for efficient shipping and easy setup — just the sort of thoughtful touch you’ve come to expect from Burrow. Burrow Vesper Leather Ottoman | 21"" L x 14.5 D x 16"" H",Burrow,in_stock,assets\products\mid-century-modern\board-4229562\product-mid-century-modern-vesper-leather-ottoman-slate-leather-black-ash-08-01.jpg;assets\products\mid-century-modern\board-4229562\product-mid-century-modern-vesper-leather-ottoman-slate-leather-black-ash-08-02.jpg,https://havenly.com/products/groups/burrow-9836926730542-412?vendorVariantId=136818375,4229562
James Sleeper Sofa,Furniture,Sofas & Sectionals,mid-century-modern,Midcentury Modern,$3245.00,,"84""x40""",Performance Vintage Velvet,Ivy,"James beautifully marries modern design with a transitional feel. Its to-the-floor platform and hidden legs are sleek, while subtle crowns in the seat and arms keep it soft. In keeping with its linear design, James' wide arms and back frame are finished with structural piping for a balanced look. Top it all off with cozy side cushions, and you have yourself the modern, lounge-ready sofa of your dreams.Sleeper queen mattress dimensions: 60""W x 72""L x 5.5""H",Interior Define,out_of_stock,assets\products\mid-century-modern\board-4229562\product-mid-century-modern-james-sleeper-sofa-09-01.jpg;assets\products\mid-century-modern\board-4229562\product-mid-century-modern-james-sleeper-sofa-09-02.jpg;assets\products\mid-century-modern\board-4229562\product-mid-century-modern-james-sleeper-sofa-09-03.jpg;assets\products\mid-century-modern\board-4229562\product-mid-century-modern-james-sleeper-sofa-09-04.jpg;assets\products\mid-century-modern\board-4229562\product-mid-century-modern-james-sleeper-sofa-09-05.jpg,https://havenly.com/products/details/James-Sleeper-Sofa-Interior-Define-143172076,4229562
Jennibelle Marble And Mirror Drink Table,Furniture,Coffee & Accent Tables,mid-century-modern,Midcentury Modern,$179.00,,"9.5""W x 22""H",Iron / Marble / Mirror,White,,Safavieh,in_stock,assets\products\mid-century-modern\board-4229562\product-mid-century-modern-jennibelle-marble-and-mirror-drink-table-10-01.jpg,https://havenly.com/products/details/Jennibelle-Marble-And-Mirror-Drink-Table-Safavieh-143631677,4229562
"Decorative Object, Natural",Decor & Lighting,Other Decor,mid-century-modern,Midcentury Modern,$46.80,,"13"" x 4"" x 2""",Marble,White,"Thick white marble is used to create this three link chain.  Lay it next to a boat figurine, decorative anchor or other nautical object.  It can also be used as wall décor displayed next to a nautical framed work of art.",Bloomingville,out_of_stock,assets\products\mid-century-modern\board-4229562\product-mid-century-modern-decorative-object-natural-01-01.jpg;assets\products\mid-century-modern\board-4229562\product-mid-century-modern-decorative-object-natural-01-02.jpg;assets\products\mid-century-modern\board-4229562\product-mid-century-modern-decorative-object-natural-01-03.jpg;assets\products\mid-century-modern\board-4229562\product-mid-century-modern-decorative-object-natural-01-04.jpg,https://havenly.com/products/details/Decorative-Object-Natural-Bloomingville-81117053,4229562
Interval Hand-tufted Pillow Cover,Decor & Lighting,Throw Pillows,mid-century-modern,Midcentury Modern,$48.00,$69.00,"18"" x 18""","Wool, Cotton","Sand, Tan","Like the staccato strikes of a mesmerizing harp solo, it’s hard not to be entranced by the accented lines and melding tones of this design. The neutral, sand-based palette offers sophisticated, desert-dream vibes — think string orchestra performing amongst open sand dunes. The patterned front is made from a natural blend of wool and cotton, while the plain back side is pure cotton. Burrow Interval Hand-tufted Pillow Cover",Burrow,out_of_stock,assets\products\mid-century-modern\board-4229562\product-mid-century-modern-interval-hand-tufted-pillow-cover-02-01.jpg;assets\products\mid-century-modern\board-4229562\product-mid-century-modern-interval-hand-tufted-pillow-cover-02-02.jpg;assets\products\mid-century-modern\board-4229562\product-mid-century-modern-interval-hand-tufted-pillow-cover-02-03.jpg;assets\products\mid-century-modern\board-4229562\product-mid-century-modern-interval-hand-tufted-pillow-cover-02-04.jpg;assets\products\mid-century-modern\board-4229562\product-mid-century-modern-interval-hand-tufted-pillow-cover-02-05.jpg,https://havenly.com/products/details/Interval-Hand-tufted-Pillow-Cover-Burrow-91511833,4229562
"Matte Black Blackout Curtain Rod 88""-120""x1.25""",Decor & Lighting,Other Decor,mid-century-modern,Midcentury Modern,$119.00,,"88""-120""L,  Diameter: 1.25""  Projection from Wall Depth: 5""",metal,matte black,"Matte black curtain rod curves to allow panels to extend all the way around, fully blocking light from entering—perfect for blackout drapes. CB2 exclusive.     Rod: Stainless steel and aluminum  Bracket: Stainless steel  Includes 1 rod, 2 end brackets and mounting hardware  Clean with a soft cloth  Made in India Matte Black Blackout Curtain Rod 88""-120""x1.25""",CB2,in_stock,assets\products\mid-century-modern\board-4229562\product-mid-century-modern-matte-black-blackout-curtain-rod-88-120-x1-25-03-01.jpg;assets\products\mid-century-modern\board-4229562\product-mid-century-modern-matte-black-blackout-curtain-rod-88-120-x1-25-03-02.jpg;assets\products\mid-century-modern\board-4229562\product-mid-century-modern-matte-black-blackout-curtain-rod-88-120-x1-25-03-03.jpg,https://havenly.com/products/groups/cb2-25916-6747?vendorVariantId=91796436,4229562
"Yamanik Striped White/ Beige Pillow Cover (13""X21"" Lumbar)",Decor & Lighting,Throw Pillows,mid-century-modern,Midcentury Modern,$80.00,,"21"" x 13""",100% Linen,"White, Beige, Black","Sophisticated simplicity defines the texturally inspiring Taiga collection. Crafted of soft linen, the Ortiz pillow boasts a solid greige colorway. Embroidered details in a tonal hue offer subtle texture to this plush accent.. Natural Luxury: made of 100% linen. Zipper Closure: for versatility and easy care. Dimensions: measures 13""X21"". Backing: same design on both back and front",Jaipur Living,in_stock,assets\products\mid-century-modern\board-4229562\product-mid-century-modern-yamanik-striped-white-beige-pillow-cover-13-x21-lumbar-04-01.jpg;assets\products\mid-century-modern\board-4229562\product-mid-century-modern-yamanik-striped-white-beige-pillow-cover-13-x21-lumbar-04-02.jpg;assets\products\mid-century-modern\board-4229562\product-mid-century-modern-yamanik-striped-white-beige-pillow-cover-13-x21-lumbar-04-03.jpg;assets\products\mid-century-modern\board-4229562\product-mid-century-modern-yamanik-striped-white-beige-pillow-cover-13-x21-lumbar-04-04.jpg,https://havenly.com/products/details/Yamanik-Striped-White-Beige-Pillow-Cover-13-X21-Lumbar-Jaipur-Living-93716104,4229562
"Faux Olive Stem 36""",Decor & Lighting,Vases & Botanicals,mid-century-modern,Midcentury Modern,$24.95,,"36""Hheight13""Wwidth3""D",Plastic,green,"Pop our lifelike olive stem in a floor vase and enjoy its Mediterranean vibe and soft grey-green hue. The fluttering leaves evoke fresh seaside breezes, whether the branch is displayed on its own, grouped in multiples for a lush look or added to an arrangement of other faux botanicals. A Crate & Barrel exclusive, our faux olive stem contains recycled materials.   • Polyester, plastic and iron  • Contains 22% recycled material  • Suitable for indoor use only  • Dust with soft, dry cloth  • Made i",Crate and Barrel,in_stock,assets\products\mid-century-modern\board-4229562\product-mid-century-modern-faux-olive-stem-36-05-01.jpg;assets\products\mid-century-modern\board-4229562\product-mid-century-modern-faux-olive-stem-36-05-02.jpg;assets\products\mid-century-modern\board-4229562\product-mid-century-modern-faux-olive-stem-36-05-03.jpg;assets\products\mid-century-modern\board-4229562\product-mid-century-modern-faux-olive-stem-36-05-04.jpg;assets\products\mid-century-modern\board-4229562\product-mid-century-modern-faux-olive-stem-36-05-05.jpg,https://havenly.com/products/details/Faux-Olive-Stem-36-Crate-and-Barrel-132050177,4229562
"The Citizenry Mahi Lumbar Pillow | 12"" x 20"" | Black",Decor & Lighting,Throw Pillows,mid-century-modern,Midcentury Modern,$74.00,$99.00,"12"" x 20""",100% Linen,"Ecru, flax, black","If you ask us, this petite lumbar pillow is the perfect finishing touch to any pillow setup. The star of the show is the meticulous hand-stitching using a technique called fil coupé (which means “cut threads”) – so each woven stripe has its own unique fringe. Set against a neutral backdrop of breezy linen, this pillow is a must for any globally-inspired room. Handcrafted by a group of master weavers in Kannur, India, each pillow is made in a fair trade environment. From start-to-finish, it takes",The Citizenry,out_of_stock,assets\products\mid-century-modern\board-4229562\product-mid-century-modern-the-citizenry-mahi-lumbar-pillow-12-x-20-black-06-01.jpg;assets\products\mid-century-modern\board-4229562\product-mid-century-modern-the-citizenry-mahi-lumbar-pillow-12-x-20-black-06-02.jpg;assets\products\mid-century-modern\board-4229562\product-mid-century-modern-the-citizenry-mahi-lumbar-pillow-12-x-20-black-06-03.jpg;assets\products\mid-century-modern\board-4229562\product-mid-century-modern-the-citizenry-mahi-lumbar-pillow-12-x-20-black-06-04.jpg;assets\products\mid-century-modern\board-4229562\product-mid-century-modern-the-citizenry-mahi-lumbar-pillow-12-x-20-black-06-05.jpg,https://havenly.com/products/details/The-Citizenry-Mahi-Lumbar-Pillow-12-x-20-Black-The-Citizenry-143254701,4229562
"Linen Curtain, Antique White Linen, 50"" x 84"", Blackout",Decor & Lighting,Other Decor,mid-century-modern,Midcentury Modern,$169.00,,"50"" x 84""","Fabric - 55% Linen, 45% Viscose.",White,"All panels sold individually -- Our two-in-one construction with duo hanging options gives you the best of both worlds. Use the rod pocket for a soft, bunched look, and the back tabs for a tailored, pleated look Antique White Linen:  Composition: 55% Linen, 45% Viscose",The Inside,in_stock,assets\products\mid-century-modern\board-4229562\product-mid-century-modern-linen-curtain-antique-white-linen-50-x-84-blackout-07-01.jpg;assets\products\mid-century-modern\board-4229562\product-mid-century-modern-linen-curtain-antique-white-linen-50-x-84-blackout-07-02.jpg;assets\products\mid-century-modern\board-4229562\product-mid-century-modern-linen-curtain-antique-white-linen-50-x-84-blackout-07-03.jpg,https://havenly.com/products/details/Linen-Curtain-Antique-White-Linen-50-x-84-Blackout-The-Inside-143328684,4229562
Krissan Vase,Decor & Lighting,Vases & Botanicals,mid-century-modern,Midcentury Modern,$108.00,,"10.75"" Dia. x 12"" H",Handmade & Wheel-Thrown Terracotta,Hand-Painted Pebbled White Finish,,McGee & Co.,in_stock,assets\products\mid-century-modern\board-4229562\product-mid-century-modern-krissan-vase-08-01.jpg;assets\products\mid-century-modern\board-4229562\product-mid-century-modern-krissan-vase-08-02.jpg;assets\products\mid-century-modern\board-4229562\product-mid-century-modern-krissan-vase-08-03.jpg,https://havenly.com/products/details/Krissan-Vase-McGee-Co-145063767,4229562
The Citizenry Tara Handwoven Area Rug | 9' x 12' | Sand,Decor & Lighting,Rugs,mid-century-modern,Midcentury Modern,$1714.00,$2449.00,9' x 12',100% New Zealand Wool,Sand,"Roll out a work of modern art in your favorite room with this understated area rug. Soft sheep’s wool is woven together to create curvy, abstract shapes that stand out against a chunky ecru layer. An elegant piece of subtle beauty, Each rug is a masterpiece that you actually can touch. Crafted in the Carpet Belt of India, every rug is handwoven over days at a workshop in Chedibeer. The work of a collective of over 60 artisans, every piece is made start to finish in a fair trade environment. Not ",The Citizenry,out_of_stock,assets\products\mid-century-modern\board-4229562\product-mid-century-modern-the-citizenry-tara-handwoven-area-rug-9-x-12-sand-01-01.jpg;assets\products\mid-century-modern\board-4229562\product-mid-century-modern-the-citizenry-tara-handwoven-area-rug-9-x-12-sand-01-02.jpg;assets\products\mid-century-modern\board-4229562\product-mid-century-modern-the-citizenry-tara-handwoven-area-rug-9-x-12-sand-01-03.jpg;assets\products\mid-century-modern\board-4229562\product-mid-century-modern-the-citizenry-tara-handwoven-area-rug-9-x-12-sand-01-04.jpg;assets\products\mid-century-modern\board-4229562\product-mid-century-modern-the-citizenry-tara-handwoven-area-rug-9-x-12-sand-01-05.jpg,https://havenly.com/products/details/The-Citizenry-Tara-Handwoven-Area-Rug-9-x-12-Sand-The-Citizenry-149769651,4229562
"Boveda Stone Table Lamp 32""",Decor & Lighting,Table & Floor Lamps,mid-century-modern,Midcentury Modern,$229.98,$299.00,"17.5"" dia. x 28.75""H",STONE/CEMENT,Brass,"Curved cutouts animate the taupe marble base of our Boveda table lamp with a mid-century modern feel and a sculptural play on negative space. With its beige drum shade, the lamp puts all of the focus on textural and tonal subtleties as well as intriguing shadowplay day and night. Our Boveda stone table lamp is a Crate and Barrel exclusive.   • Marble and stainless steel with burnished brass finish  • Beige fabric drum shade  • 39&quot; clear cord  • On/off line switch  • A19 bulb recommended  • ",Crate and Barrel,out_of_stock,assets\products\mid-century-modern\board-4229562\product-mid-century-modern-boveda-stone-table-lamp-32-01-01.jpg;assets\products\mid-century-modern\board-4229562\product-mid-century-modern-boveda-stone-table-lamp-32-01-02.jpg;assets\products\mid-century-modern\board-4229562\product-mid-century-modern-boveda-stone-table-lamp-32-01-03.jpg;assets\products\mid-century-modern\board-4229562\product-mid-century-modern-boveda-stone-table-lamp-32-01-04.jpg;assets\products\mid-century-modern\board-4229562\product-mid-century-modern-boveda-stone-table-lamp-32-01-05.jpg,https://havenly.com/products/details/Boveda-Stone-Table-Lamp-32-Crate-and-Barrel-87090598,4229562
Rama Large Table Lamp - Black ,Decor & Lighting,Table & Floor Lamps,mid-century-modern,Midcentury Modern,$199.00,,28 x 12 x 12,"Ceramic, jute, textile cord",Black,"28"" Black Table Lamp, Ceramic Base, Mid-century Design | Article Rama Modern Lighting & Decor. The Rama Table Lamp, with its gorgeous ceramic base and jute shade, is a sleek, modern way to keep the dark at bay.",Article,in_stock,assets\products\mid-century-modern\board-4229562\product-mid-century-modern-rama-large-table-lamp-black-02-01.jpg,https://havenly.com/products/groups/article-ramatable-desk-lamp-9612?vendorVariantId=90823202,4229562
Burgundy Interjection Abstract Prints Set/2,Decor & Lighting,Other,mid-century-modern,Midcentury Modern,$549.60,,27 W X 40 H X 2 D (in),Print / Wood,Gray / Black / Warm Chestnut,"This Abstract Artwork Displays A Harmonious Blend Of Neutral Brushstrokes In Gray, Black, And Warm Chestnut Tones. Each Print Is Accented By A White Mat Under Glass With A Dark Walnut Finished Frame. May Be Hung Horizontal Or Vertical. Artwork By Jennifer Goldberger.",Uttermost,in_stock,assets\products\mid-century-modern\board-4229562\product-mid-century-modern-burgundy-interjection-abstract-prints-set-2-01-01.jpg;assets\products\mid-century-modern\board-4229562\product-mid-century-modern-burgundy-interjection-abstract-prints-set-2-01-02.jpg;assets\products\mid-century-modern\board-4229562\product-mid-century-modern-burgundy-interjection-abstract-prints-set-2-01-03.jpg;assets\products\mid-century-modern\board-4229562\product-mid-century-modern-burgundy-interjection-abstract-prints-set-2-01-04.jpg;assets\products\mid-century-modern\board-4229562\product-mid-century-modern-burgundy-interjection-abstract-prints-set-2-01-05.jpg,https://havenly.com/products/details/Burgundy-Interjection-Abstract-Prints-Set-2-Uttermost-75835628,4229562
"Emmy Black Floor Mirror 48""x72""",Decor & Lighting,Wall Art & Mirrors,mid-century-modern,Midcentury Modern,$879.20,$1099.00,"48.25""Wx1.5""Dx72""H",METAL,Black,"Our Emmy floor mirror reimagines the classic Tudor arch, right in your modern home. Also called a four-centered arch, this elegant shape adds subtle architectural interest to the wall mirror's simple linear frame of matte black-finished iron. Grandly scaled, our exclusive Emmy black floor mirror leans against the wall to create room-defining drama as well as add light-reflecting brightness to any space.     Iron frame with matte black finish  Mirrored glass on engineered wood  Leans vertically o",Crate and Barrel,in_stock,assets\products\mid-century-modern\board-4229562\product-mid-century-modern-emmy-black-floor-mirror-48-x72-02-01.jpg;assets\products\mid-century-modern\board-4229562\product-mid-century-modern-emmy-black-floor-mirror-48-x72-02-02.jpg;assets\products\mid-century-modern\board-4229562\product-mid-century-modern-emmy-black-floor-mirror-48-x72-02-03.jpg,https://havenly.com/products/details/Emmy-Black-Floor-Mirror-48-x72-Crate-and-Barrel-90997892,4229562
Foxx Abstract Framed Wall Art,Decor & Lighting,Wall Art & Mirrors,mid-century-modern,Midcentury Modern,$438.00,,32.5 x 2.25 x 48.25,.,White,"Foxx Abstract Wall Art is a study in restraint and simplicity. Featuring layers of fabric and paint captured in shades of white with bold black accents, this piece is ideal for adding texture and interest to a contemporary style room. A simple silver frame completes the look.",Elk Home,in_stock,assets\products\mid-century-modern\board-4229562\product-mid-century-modern-foxx-abstract-framed-wall-art-03-01.jpg;assets\products\mid-century-modern\board-4229562\product-mid-century-modern-foxx-abstract-framed-wall-art-03-02.jpg;assets\products\mid-century-modern\board-4229562\product-mid-century-modern-foxx-abstract-framed-wall-art-03-03.jpg;assets\products\mid-century-modern\board-4229562\product-mid-century-modern-foxx-abstract-framed-wall-art-03-04.jpg;assets\products\mid-century-modern\board-4229562\product-mid-century-modern-foxx-abstract-framed-wall-art-03-05.jpg,https://havenly.com/products/details/Foxx-Abstract-Framed-Wall-Art-Elk-Home-130254245,4229562
The Citizenry Eco-Friendly Rug Pad | 9' x 12',Decor & Lighting,Rugs,mid-century-modern,Midcentury Modern,$225.00,,9' x 12',Eco-friendly Felt and Natural Rubber,gray,"To keep your rugs and floors lasting for years to come, we recommend adding a low-profile rug pad as a base layer to our designs. Made from felt with a solid, natural rubber backing, this rug pad provides strong gripping power to prevent slippage. Bonus: this rug pad is needle-punched, allowing your rug and floors to breathe while also preventing dirt and dust. | The Citizenry Eco-Friendly Rug Pad | 9' x 12'<br>Measurements: 1/16"" Thick",The Citizenry,in_stock,assets\products\mid-century-modern\board-4229562\product-mid-century-modern-the-citizenry-eco-friendly-rug-pad-9-x-12-01-01.jpg;assets\products\mid-century-modern\board-4229562\product-mid-century-modern-the-citizenry-eco-friendly-rug-pad-9-x-12-01-02.jpg;assets\products\mid-century-modern\board-4229562\product-mid-century-modern-the-citizenry-eco-friendly-rug-pad-9-x-12-01-03.jpg;assets\products\mid-century-modern\board-4229562\product-mid-century-modern-the-citizenry-eco-friendly-rug-pad-9-x-12-01-04.jpg,https://havenly.com/products/details/The-Citizenry-Eco-Friendly-Rug-Pad-9-x-12-The-Citizenry-107275358,4229562
"Avenir Dark Bronze Metal Arc Floor Lamp 79""",Decor & Lighting,Table & Floor Lamps,mid-century-modern,Midcentury Modern,$599.00,,"49.5""Wx19.4""Dx79""H",Metal,Multi,"Our Avenir floor lamp evokes a gracefully nodding bloom, supporting a bell-like linen shade on a dramatically arced stem. The dark bronze-finished base combines angles and curves to suspend the natural linen shade over a sofa or reading chair, where its sculptural presence and diffuse light can shine.   • Steel base with dark bronze-plated finish  • Natural linen diamond-shaped shade with partial diffuser  • 96&quot; black fabric cord  • In-line dimmer switch  •  1 E26 Sockets  •  A19 bulb recom",Crate and Barrel,in_stock,assets\products\mid-century-modern\board-4229562\product-mid-century-modern-avenir-dark-bronze-metal-arc-floor-lamp-79-02-01.jpg;assets\products\mid-century-modern\board-4229562\product-mid-century-modern-avenir-dark-bronze-metal-arc-floor-lamp-79-02-02.jpg;assets\products\mid-century-modern\board-4229562\product-mid-century-modern-avenir-dark-bronze-metal-arc-floor-lamp-79-02-03.jpg;assets\products\mid-century-modern\board-4229562\product-mid-century-modern-avenir-dark-bronze-metal-arc-floor-lamp-79-02-04.jpg,https://havenly.com/products/details/Avenir-Dark-Bronze-Metal-Arc-Floor-Lamp-79-Crate-and-Barrel-137691642,4229562
Dariel Task Table Lamp - Black - Safavieh,Furniture,Coffee & Accent Tables,mid-century-modern,Midcentury Modern,$70.20,,13.5in x 23.75in x 11.5in,"Iron, Metal, Iron","Black/Brass Gold, Black/Brass Gold","An instant design classic, this contemporary table lamp elevates any living room with its sleek vintage style. Basking on slender arched legs, its chic black finish makes its luxurious brass and gold detail pop, while its retro shade keeps light focused.",Safavieh,in_stock,assets\products\mid-century-modern\board-4229562\product-mid-century-modern-dariel-task-table-lamp-black-safavieh-03-01.jpg;assets\products\mid-century-modern\board-4229562\product-mid-century-modern-dariel-task-table-lamp-black-safavieh-03-02.jpg;assets\products\mid-century-modern\board-4229562\product-mid-century-modern-dariel-task-table-lamp-black-safavieh-03-03.jpg;assets\products\mid-century-modern\board-4229562\product-mid-century-modern-dariel-task-table-lamp-black-safavieh-03-04.jpg;assets\products\mid-century-modern\board-4229562\product-mid-century-modern-dariel-task-table-lamp-black-safavieh-03-05.jpg,https://havenly.com/products/details/Dariel-Task-Table-Lamp-Black-Safavieh-Safavieh-144407294,4229562
Pratt Fully Upholstered Chair,Furniture,Accent Chairs,mid-century-modern,Contemporary|Midcentury Modern|Artful Eclectic,$590.00,,22.5 x 23.0 x 32.0,Performance Velvet,Cosmic,"The Pratt Dining Chair speaks to modern tastes while enlivening any dining room. Thanks to structured details like a fully upholstered design, a curved shell back for added comfort, and leaner dimensions, Pratt is a chair that's equal parts refined and approachable. Consider it the perfect canvas for adding color to your dining space, or let its silhouette sing with a neutral-forward fabric.Contract&nbsp;grade.",Interior Define,in_stock,assets\products\mid-century-modern\board-4234469\product-mid-century-modern-pratt-fully-upholstered-chair-01-01.jpg;assets\products\mid-century-modern\board-4234469\product-mid-century-modern-pratt-fully-upholstered-chair-01-02.jpg;assets\products\mid-century-modern\board-4234469\product-mid-century-modern-pratt-fully-upholstered-chair-01-03.jpg;assets\products\mid-century-modern\board-4234469\product-mid-century-modern-pratt-fully-upholstered-chair-01-04.jpg;assets\products\mid-century-modern\board-4234469\product-mid-century-modern-pratt-fully-upholstered-chair-01-05.jpg,https://havenly.com/products/details/Pratt-Fully-Upholstered-Chair-Interior-Define-135662463,4234469
"Velvet Curtain, Essex Performance Velvet, 50"" x 96"", Blackout",Decor & Lighting,Other Decor,mid-century-modern,Contemporary|Midcentury Modern|Artful Eclectic,$219.00,,"50"" x 96""",Fabric - 100% Polyester.,Green,"All panels sold individually -- Our two-in-one construction with duo hanging options gives you the best of both worlds. Use the rod pocket for a soft, bunched look, and the back tabs for a tailored, pleated look Essex Performance Velvet:  Composition: 100% Polyester",The Inside,in_stock,assets\products\mid-century-modern\board-4234469\product-mid-century-modern-velvet-curtain-essex-performance-velvet-50-x-96-blackout-01-01.jpg;assets\products\mid-century-modern\board-4234469\product-mid-century-modern-velvet-curtain-essex-performance-velvet-50-x-96-blackout-01-02.jpg;assets\products\mid-century-modern\board-4234469\product-mid-century-modern-velvet-curtain-essex-performance-velvet-50-x-96-blackout-01-03.jpg,https://havenly.com/products/details/Velvet-Curtain-Essex-Performance-Velvet-50-x-96-Blackout-The-Inside-143328964,4234469
"Amber Lewis x Loloi Morgan Spice / Lagoon 8'-3"" x 11'-3""",Decor & Lighting,Other,mid-century-modern,Contemporary|Midcentury Modern|Artful Eclectic,$780.00,,"8'-3"" x 11'-3""","100% Polyester Pile, Backing: Polyester / Cotton",Spice / Lagoon,"With the faded feel of an antique rug, the Morgan Collection for Amber Lewis x Loloi is a feat of modern printed construction. These impressive area rugs expertly blend sophisticated tones to recreate the dynamic colors of a vintage textiles. Power-loomed of CloudPileÂ?Â construction, these rugs are extra-soft to walk upon yet still durable for high-traffic rooms. Clean spills immediately by blotting with a clean, dry sponge or cloth. Professional cleaning recommended.  Appropriate rug pad is hi",Loloi Rugs,back_ordered,assets\products\mid-century-modern\board-4234469\product-mid-century-modern-amber-lewis-x-loloi-morgan-spice-lagoon-8-3-x-11-3-01-01.jpg,https://havenly.com/products/details/Amber-Lewis-x-Loloi-Morgan-Spice-Lagoon-8-3-x-11-3-Loloi-Rugs-130442131,4234469
Troy Lighting Clic Table Lamp,Decor & Lighting,Table & Floor Lamps,mid-century-modern,Contemporary|Midcentury Modern|Artful Eclectic,$436.00,,15in W x 22.25in H,Brass,Patina Brass,"Clic is classic and tailored. An extruded square body set atop a circular base extends into a slim pole that pierces through a tapered, off-white linen shade to create a layering of simple geometry. The pull chain adds a stylish and functional detail, while the all-over Patina Brass finish contributes to the sophistication of this collection. Clic is available as a floor and table lamp.",Hudson Valley Lighting Group,in_stock,assets\products\mid-century-modern\board-4234469\product-mid-century-modern-troy-lighting-clic-table-lamp-01-01.jpg,https://havenly.com/products/details/Troy-Lighting-Clic-Table-Lamp-Hudson-Valley-Lighting-Group-146922829,4234469
Vistas Limited Edition Fine Art Print,Decor & Lighting,Wall Art & Mirrors,mid-century-modern,Contemporary|Midcentury Modern|Artful Eclectic,$270.00,,24x24,"standard, Frame Type: walnut","Black And White, Beige, Green","Art Print from Minted designed by Cindy Reynolds. This piece is inspired by time spent hiking in nature and is derived from the feeling you get when you reach a vista and stop to take in the scenery. I tend to work in mixed media, and this piece incorporates painted paper with acrylic on canvas. Free Shipping & Free Returns every day on non custom art. Code: SHIPFREE.",Minted,out_of_stock,assets\products\mid-century-modern\board-4234469\product-mid-century-modern-vistas-limited-edition-fine-art-print-01-01.jpg,https://havenly.com/products/details/Vistas-Limited-Edition-Fine-Art-Print-Minted-87182407,4234469
"Ponder Small Brass Wall Mirror 23.5""x32.75""",Decor & Lighting,Wall Art & Mirrors,mid-century-modern,Contemporary|Midcentury Modern|Artful Eclectic,$249.00,,23'' x 32'',GLASS,Gold,"Ideal above a dresser or in the bathroom, wall mirror features an organic shape and substantial edge. Brass finish on cast aluminum frame looks equally at home in an urban loft as it does in a country home getaway, making it a versatile piece for any room in the home. CB2 exclusive.  - Cast aluminum with brass finish, glass - Hangs vertically - French cleat hanging system - Mounting hardware included - Bathroom-safe - 20.15 lbs -Made in India Ponder Small Brass Wall Mirror 23.5""x32.75""",CB2,out_of_stock,assets\products\mid-century-modern\board-4234469\product-mid-century-modern-ponder-small-brass-wall-mirror-23-5-x32-75-02-01.jpg;assets\products\mid-century-modern\board-4234469\product-mid-century-modern-ponder-small-brass-wall-mirror-23-5-x32-75-02-02.jpg;assets\products\mid-century-modern\board-4234469\product-mid-century-modern-ponder-small-brass-wall-mirror-23-5-x32-75-02-03.jpg;assets\products\mid-century-modern\board-4234469\product-mid-century-modern-ponder-small-brass-wall-mirror-23-5-x32-75-02-04.jpg,https://havenly.com/products/details/Ponder-Small-Brass-Wall-Mirror-23-5-x32-75-CB2-118117999,4234469
Pellman Chandelier - Matte Brass,Other,Other,mid-century-modern,Contemporary|Midcentury Modern|Artful Eclectic,$2399.00,,47.25 x 47.25 x 13.5,"Iron, Thermoplastic","Matte Brass, Black Cord","A unique cluster of sculptural iron arms are finished in a matte brass for edgy elegance. Soft, mood-setting clear glass bulbs included plus three 12"" pipes. Body length adjustable from 9"" to ""24"".",Four Hands,in_stock,assets\products\mid-century-modern\board-4234469\product-mid-century-modern-pellman-chandelier-matte-brass-01-01.jpg;assets\products\mid-century-modern\board-4234469\product-mid-century-modern-pellman-chandelier-matte-brass-01-02.jpg;assets\products\mid-century-modern\board-4234469\product-mid-century-modern-pellman-chandelier-matte-brass-01-03.jpg;assets\products\mid-century-modern\board-4234469\product-mid-century-modern-pellman-chandelier-matte-brass-01-04.jpg;assets\products\mid-century-modern\board-4234469\product-mid-century-modern-pellman-chandelier-matte-brass-01-05.jpg,https://havenly.com/products/groups/four-hands-ccar-86354?vendorVariantId=139390263,4234469
Contemporary 2-Door Accent Cabinet with Framed Top - Dark Walnut/ Gold,Furniture,Storage & Shelving,mid-century-modern,Contemporary|Midcentury Modern|Artful Eclectic,$329.40,,"39.38"" H x 31.5"" L x 15.75"" W 76LBS","Warp resistant MDF, durable laminate, powder coated steel.Calacatta Marble Top, Dark Walnut Body, Old Gold Metal Leg/Handle",Dark Walnut,"Cater to your contemporary sense of style with this ultra-modern and sleek accent cabinet. Whether you store your stemware, favorite dishes, or media essentials within the soft-close doors, this versatile piece can transform into whatever you need it to be. Hardware-free doors and a painted, metal base lend this storage cabinet a modern motif, while adjustable shelving and a wine bottle rack provide functionality. Mount it to the wall with the included anti-tip kit for total stability, whether t",Walker Edison,out_of_stock,assets\products\mid-century-modern\board-4234469\product-mid-century-modern-contemporary-2-door-accent-cabinet-with-framed-top-dark-waln-02-01.jpg;assets\products\mid-century-modern\board-4234469\product-mid-century-modern-contemporary-2-door-accent-cabinet-with-framed-top-dark-waln-02-02.jpg;assets\products\mid-century-modern\board-4234469\product-mid-century-modern-contemporary-2-door-accent-cabinet-with-framed-top-dark-waln-02-03.jpg;assets\products\mid-century-modern\board-4234469\product-mid-century-modern-contemporary-2-door-accent-cabinet-with-framed-top-dark-waln-02-04.jpg;assets\products\mid-century-modern\board-4234469\product-mid-century-modern-contemporary-2-door-accent-cabinet-with-framed-top-dark-waln-02-05.jpg,https://havenly.com/products/details/Contemporary-2-Door-Accent-Cabinet-with-Framed-Top-Dark-Walnut-Gold-Walker-Edison-141334577,4234469
Baize End Table - Black - Safavieh,Furniture,Coffee & Accent Tables,mid-century-modern,Modern|Bohemian|Midcentury Modern,$99.36,,"18.9"" x 18.9"" x 17.7""","Metal, Resin",Black,"The newly opened boutique hotel on Greece's most popular island inspired this contemporary end table. Its smooth black faux marble top brings classic style to its modern geometric frame. Ideal in any living room, designers love to use them in pairs.",Safavieh,in_stock,assets\products\mid-century-modern\board-4236536\product-mid-century-modern-baize-end-table-black-safavieh-01-01.jpg;assets\products\mid-century-modern\board-4236536\product-mid-century-modern-baize-end-table-black-safavieh-01-02.jpg;assets\products\mid-century-modern\board-4236536\product-mid-century-modern-baize-end-table-black-safavieh-01-03.jpg;assets\products\mid-century-modern\board-4236536\product-mid-century-modern-baize-end-table-black-safavieh-01-04.jpg,https://havenly.com/products/details/Baize-End-Table-Black-Safavieh-Safavieh-69779686,4236536
Gemina Rectangle Cocktail Table - no longer available,Furniture,Coffee & Accent Tables,mid-century-modern,Modern|Bohemian|Midcentury Modern,$650.00,,"52""w x 30""d x 17""h","Quartered Figured Primavera Veneer In Sunburst Pattern, Base: Poplar Solids","Palomino, Base: Pewter Wood Finish",,Rowe Furniture,out_of_stock,assets\products\mid-century-modern\board-4236536\product-mid-century-modern-gemina-rectangle-cocktail-table-no-longer-available-02-01.jpg;assets\products\mid-century-modern\board-4236536\product-mid-century-modern-gemina-rectangle-cocktail-table-no-longer-available-02-02.jpg;assets\products\mid-century-modern\board-4236536\product-mid-century-modern-gemina-rectangle-cocktail-table-no-longer-available-02-03.jpg;assets\products\mid-century-modern\board-4236536\product-mid-century-modern-gemina-rectangle-cocktail-table-no-longer-available-02-04.jpg,https://havenly.com/products/details/Gemina-Rectangle-Cocktail-Table-no-longer-available-Rowe-Furniture-104538173,4236536
Zora Gold Powder Side Table,Furniture,Coffee & Accent Tables,mid-century-modern,Modern|Bohemian|Midcentury Modern,$269.00,,"12""Diam. x 19.25""H",Aluminium,Bronze,"Smooth rounded curves seemingly emanate from the base of this round side Table. Coupled with a matte gold finish, it is graceful in appearance with a subtle artistic flair.",Butler Specialty Co.,in_stock,assets\products\mid-century-modern\board-4236536\product-mid-century-modern-zora-gold-powder-side-table-03-01.jpg;assets\products\mid-century-modern\board-4236536\product-mid-century-modern-zora-gold-powder-side-table-03-02.jpg;assets\products\mid-century-modern\board-4236536\product-mid-century-modern-zora-gold-powder-side-table-03-03.jpg;assets\products\mid-century-modern\board-4236536\product-mid-century-modern-zora-gold-powder-side-table-03-04.jpg,https://havenly.com/products/details/Zora-Gold-Powder-Side-Table-Butler-Specialty-Co-118126687,4236536
Lukas 3-Seat Sofa,Furniture,Sofas & Sectionals,mid-century-modern,Modern|Bohemian|Midcentury Modern,$2795.00,,"104""",Mod Velvet,Moss,"Our take on the to-the-floor sofa, Lukas balances clean lines with softer details. Case in point, sleek shelter arms wrap around loose, exaggerated cushions to create structure and softness. An ultra-thin platform and hidden legs keep Lukas looking streamlined and cool, while an extra-deep seat and plush cushions invite you to (really) sink in.",Interior Define,in_stock,assets\products\mid-century-modern\board-4236536\product-mid-century-modern-lukas-3-seat-sofa-04-01.jpg;assets\products\mid-century-modern\board-4236536\product-mid-century-modern-lukas-3-seat-sofa-04-02.jpg;assets\products\mid-century-modern\board-4236536\product-mid-century-modern-lukas-3-seat-sofa-04-03.jpg;assets\products\mid-century-modern\board-4236536\product-mid-century-modern-lukas-3-seat-sofa-04-04.jpg;assets\products\mid-century-modern\board-4236536\product-mid-century-modern-lukas-3-seat-sofa-04-05.jpg,https://havenly.com/products/details/Lukas-3-Seat-Sofa-Interior-Define-145491350,4236536
Blake Accent Chair,Furniture,Accent Chairs,mid-century-modern,Modern|Bohemian|Midcentury Modern,$1355.00,,"32.75""W x 34""D x 29""H",Performance Velvet,Ebony,"Soft modernity meets classic mid-century details in the Blake accent chair. Featuring a curved walnut wood frame, brass-capped legs, and a sloped arm, the Blake makes for an eye-catching statement piece in any space.Contract&nbsp;grade.",Interior Define,in_stock,assets\products\mid-century-modern\board-4236536\product-mid-century-modern-blake-accent-chair-05-01.jpg;assets\products\mid-century-modern\board-4236536\product-mid-century-modern-blake-accent-chair-05-02.jpg;assets\products\mid-century-modern\board-4236536\product-mid-century-modern-blake-accent-chair-05-03.jpg;assets\products\mid-century-modern\board-4236536\product-mid-century-modern-blake-accent-chair-05-04.jpg;assets\products\mid-century-modern\board-4236536\product-mid-century-modern-blake-accent-chair-05-05.jpg,https://havenly.com/products/details/Blake-Accent-Chair-Interior-Define-150764248,4236536
Asta Ottoman Beige,Furniture,Accent Chairs,mid-century-modern,Modern|Bohemian|Midcentury Modern,$449.00,,20.5 X 17.0 X 17.75,"Upholstery: 100% Polyester, Solid Walnut Legs",Brown,"100% polyester upholstery with solid walnut legs, Removable foam-filled cushion, No assembly required, Luxuriously laid-back, Asta rests on solid walnut legs with a spacious seat padded with removable, foam-filled cushions upholstered in soft fabric.",Moes Home Collection,out_of_stock,assets\products\mid-century-modern\board-4236536\product-mid-century-modern-asta-ottoman-beige-06-01.jpg;assets\products\mid-century-modern\board-4236536\product-mid-century-modern-asta-ottoman-beige-06-02.jpg;assets\products\mid-century-modern\board-4236536\product-mid-century-modern-asta-ottoman-beige-06-03.jpg;assets\products\mid-century-modern\board-4236536\product-mid-century-modern-asta-ottoman-beige-06-04.jpg;assets\products\mid-century-modern\board-4236536\product-mid-century-modern-asta-ottoman-beige-06-05.jpg,https://havenly.com/products/details/Asta-Ottoman-Beige-Moes-Home-Collection-131941596,4236536
PJS0008 Natural 13'' x 21'' Cover w/Poly,Decor & Lighting,Other,mid-century-modern,Modern|Bohemian|Midcentury Modern,$44.00,,13'' x 21'' Cover w/Poly,100% Cotton,Natural,The Thomas throw pillow features intricate geometric embroidery that draws the eye toward this plush lumbar cushion. Designed by Jean Stoffer x Loloi.,Loloi Rugs,out_of_stock,assets\products\mid-century-modern\board-4236536\product-mid-century-modern-pjs0008-natural-13-x-21-cover-w-poly-01-01.jpg,https://havenly.com/products/details/PJS0008-Natural-13-x-21-Cover-w-Poly-Loloi-Rugs-130729225,4236536
"Layla Rug - Red / Navy 9'-0"" x 12'-0""",Decor & Lighting,Rugs,mid-century-modern,Modern|Bohemian|Midcentury Modern,$570.00,,"9'-0"" x 12'-0""","100% Polyester Pile, Backing: Canvas",Red / Navy,"The Layla Collection is traditional and timeless, with a beautiful lived-in design that captures the spirit of an old-world rug. This traditional power-loomed rug is crafted in China of 100% polyester with a classic and sophisticated color palette and subtle patina.",Loloi Rugs,out_of_stock,assets\products\mid-century-modern\board-4236536\product-mid-century-modern-layla-rug-red-navy-9-0-x-12-0-01-01.jpg;assets\products\mid-century-modern\board-4236536\product-mid-century-modern-layla-rug-red-navy-9-0-x-12-0-01-02.jpg;assets\products\mid-century-modern\board-4236536\product-mid-century-modern-layla-rug-red-navy-9-0-x-12-0-01-03.jpg;assets\products\mid-century-modern\board-4236536\product-mid-century-modern-layla-rug-red-navy-9-0-x-12-0-01-04.jpg;assets\products\mid-century-modern\board-4236536\product-mid-century-modern-layla-rug-red-navy-9-0-x-12-0-01-05.jpg,https://havenly.com/products/details/Layla-Rug-Red-Navy-9-0-x-12-0-Loloi-Rugs-83580744,4236536
Henning Wood and Leather Accent Chair,Furniture,Accent Chairs,mid-century-modern,Modern|Bohemian|Midcentury Modern,$1899.00,,"26""Wx36.25""Dx33.25""H",Leather,"Chester, Sandstone","Understated Danish style meets expressive Brazilian design in our Henning accent chair. Expert woodworking of the solid oak frame is on full display in the tapered legs, intersecting details and upholstery slots. Masterful tailoring complements the handcrafted appeal with sling supports and semi-attached cushions rich with cross-hatch pintucks that enhance the elegant rusticity of the leather. Pillowy cushioning that drapes across the frame and a reclined pitch make Henning a delightful place to",Crate and Barrel,in_stock,assets\products\mid-century-modern\board-4236536\product-mid-century-modern-henning-wood-and-leather-accent-chair-01-01.jpg;assets\products\mid-century-modern\board-4236536\product-mid-century-modern-henning-wood-and-leather-accent-chair-01-02.jpg;assets\products\mid-century-modern\board-4236536\product-mid-century-modern-henning-wood-and-leather-accent-chair-01-03.jpg;assets\products\mid-century-modern\board-4236536\product-mid-century-modern-henning-wood-and-leather-accent-chair-01-04.jpg;assets\products\mid-century-modern\board-4236536\product-mid-century-modern-henning-wood-and-leather-accent-chair-01-05.jpg,https://havenly.com/products/details/Henning-Wood-and-Leather-Accent-Chair-Crate-and-Barrel-132117996,4236536
Egon Chandelier - Antique Brass Iron,Other,Other,mid-century-modern,Modern|Bohemian|Midcentury Modern,$1349.00,,42.0 x 42.0 x 12.0,"Iron, Thermoplastic","Antique Brass Iron, Black Cord",Antique brass iron domes are polished and finished with a perforated edge all around to bring a dose of industrial styling to this midcentury-inspired chandelier.,Four Hands,out_of_stock,assets\products\mid-century-modern\board-4236536\product-mid-century-modern-egon-chandelier-antique-brass-iron-02-01.jpg;assets\products\mid-century-modern\board-4236536\product-mid-century-modern-egon-chandelier-antique-brass-iron-02-02.jpg;assets\products\mid-century-modern\board-4236536\product-mid-century-modern-egon-chandelier-antique-brass-iron-02-03.jpg;assets\products\mid-century-modern\board-4236536\product-mid-century-modern-egon-chandelier-antique-brass-iron-02-04.jpg;assets\products\mid-century-modern\board-4236536\product-mid-century-modern-egon-chandelier-antique-brass-iron-02-05.jpg,https://havenly.com/products/details/Egon-Chandelier-Antique-Brass-Iron-Four-Hands-139390245,4236536
Hollis Metal Framed Upholstered Bar Stool,Furniture,Dining Tables & Chairs,mid-century-modern,Modern|Midcentury Modern|Artful Eclectic,$650.00,,21.5 x 21.6 x 39.5,Performance Velvet,Marigold,"Modern design meets Hollywood glam. Inspired by art deco design, the Hollis Stool is an undeniable statement piece. With a half-moon back, stylish curves, and sleek metal legs, Hollis is proportioned just right to dress up your at-home bar.Contract&nbsp;grade.",Interior Define,in_stock,assets\products\mid-century-modern\board-4236587\product-mid-century-modern-hollis-metal-framed-upholstered-bar-stool-01-01.jpg;assets\products\mid-century-modern\board-4236587\product-mid-century-modern-hollis-metal-framed-upholstered-bar-stool-01-02.jpg;assets\products\mid-century-modern\board-4236587\product-mid-century-modern-hollis-metal-framed-upholstered-bar-stool-01-03.jpg;assets\products\mid-century-modern\board-4236587\product-mid-century-modern-hollis-metal-framed-upholstered-bar-stool-01-04.jpg;assets\products\mid-century-modern\board-4236587\product-mid-century-modern-hollis-metal-framed-upholstered-bar-stool-01-05.jpg,https://havenly.com/products/details/Hollis-Metal-Framed-Upholstered-Bar-Stool-Interior-Define-131937748,4236587
Etro Sideboard - Black Wash Poplar,Furniture,Media Consoles,mid-century-modern,Modern|Midcentury Modern|Artful Eclectic,$1799.00,,78.0 x 18.0 x 31.0,"Solid Poplar, Top Grain Leather","Black Wash Poplar, Toffee Leather","Inspired by retro European design, a character-rich media sideboard is made from black-finished poplar, with mortise and tenon joinery spanning its sides. Door pulls of top-grain leather add a textural finishing touch, while three rear cutouts keep cords out of sight.",Four Hands,back_ordered,assets\products\mid-century-modern\board-4236587\product-mid-century-modern-etro-sideboard-black-wash-poplar-02-01.jpg;assets\products\mid-century-modern\board-4236587\product-mid-century-modern-etro-sideboard-black-wash-poplar-02-02.jpg;assets\products\mid-century-modern\board-4236587\product-mid-century-modern-etro-sideboard-black-wash-poplar-02-03.jpg;assets\products\mid-century-modern\board-4236587\product-mid-century-modern-etro-sideboard-black-wash-poplar-02-04.jpg;assets\products\mid-century-modern\board-4236587\product-mid-century-modern-etro-sideboard-black-wash-poplar-02-05.jpg,https://havenly.com/products/groups/four-hands-233904-84916?vendorVariantId=152244887,4236587
"Suspend 57"" Charcoal Wood Media Console with Black Marble Top",Furniture,Media Consoles,mid-century-modern,Modern|Midcentury Modern|Artful Eclectic,$899.97,$1299.00,"57"" x 19.75""x 29""","Wood, Marble, Metal",Gray veining tops,"Designed by Melbourne-based VUUE, four-door walnut media console spotlights the richness of natural materials with a Marquina black marble top. Precisely cut panels of charcoal-finished walnut angle diagonally on the cabinet doors, creating an organic chevron pattern. Emphasizing the beauty of the wood grain, the doors open via discreet grooved channels to reveal two adjustable shelves inside. Shelves stop just short of the back of the console to feed cords through hidden cutouts with ease. CB2 ",CB2,out_of_stock,assets\products\mid-century-modern\board-4236587\product-mid-century-modern-suspend-57-charcoal-wood-media-console-with-black-marble-top-03-01.jpg;assets\products\mid-century-modern\board-4236587\product-mid-century-modern-suspend-57-charcoal-wood-media-console-with-black-marble-top-03-02.jpg;assets\products\mid-century-modern\board-4236587\product-mid-century-modern-suspend-57-charcoal-wood-media-console-with-black-marble-top-03-03.jpg;assets\products\mid-century-modern\board-4236587\product-mid-century-modern-suspend-57-charcoal-wood-media-console-with-black-marble-top-03-04.jpg;assets\products\mid-century-modern\board-4236587\product-mid-century-modern-suspend-57-charcoal-wood-media-console-with-black-marble-top-03-05.jpg,https://havenly.com/products/details/Suspend-57-Charcoal-Wood-Media-Console-with-Black-Marble-Top-CB2-91111207,4236587
Zayan Blue Vases Set/2,Decor & Lighting,Other,mid-century-modern,Modern|Midcentury Modern|Artful Eclectic,$204.00,,"S-7x7x7, L-9x8x9",ceramic,blue,"Set Of Two, Uniquely Shaped Ceramic Stem Vases Feature A Spinning Top Pattern In Multiple Tones Of Blue. Sizes: S-7x7x7, L-9x8x9",Uttermost,back_ordered,assets\products\mid-century-modern\board-4236587\product-mid-century-modern-zayan-blue-vases-set-2-01-01.jpg;assets\products\mid-century-modern\board-4236587\product-mid-century-modern-zayan-blue-vases-set-2-01-02.jpg;assets\products\mid-century-modern\board-4236587\product-mid-century-modern-zayan-blue-vases-set-2-01-03.jpg;assets\products\mid-century-modern\board-4236587\product-mid-century-modern-zayan-blue-vases-set-2-01-04.jpg,https://havenly.com/products/details/Zayan-Blue-Vases-Set-2-Uttermost-69777208,4236587
Blade Coral Statue,Decor & Lighting,Other Decor,mid-century-modern,Modern|Midcentury Modern|Artful Eclectic,$280.80,,"11"" x 19.5"" x 11.5""",POLYRESIN,Textured White Finish With Matte Black Base.,"Lifelike Coral In Textured White, Mounted On A Matte Black Base.",Uttermost,out_of_stock,assets\products\mid-century-modern\board-4236587\product-mid-century-modern-blade-coral-statue-02-01.jpg;assets\products\mid-century-modern\board-4236587\product-mid-century-modern-blade-coral-statue-02-02.jpg,https://havenly.com/products/details/Blade-Coral-Statue-Uttermost-75835859,4236587
"Battery Operated Wall Sconces With Remote Control, Led Wall Sconce With 350 Degree Rotation (Set of 2)",Decor & Lighting,Table & Floor Lamps,mid-century-modern,Modern|Midcentury Modern|Artful Eclectic,$111.99,$129.99,28.3'' H X 4.7'' W X 3.5'' D,Metal,Gold,"Remote Control LED Wall Sconce, Stepless Dimmable Brightness, Run Time 20-50 hours  The LED wall sconces realizes stepless dimmable to meet your different demands. Soft lighting creates a comfortable and relaxed atmosphere to protect your eyes while you work, read or study. What's Included?  Remote Control Switch Built-in LED Light Features  Wireless Wall Sconce, Easy to Install: Indoor battery operated LED wall lights require no wiring and no electrician, and all mounting hardware is included f",Wayfair,out_of_stock,assets\products\mid-century-modern\board-4236587\product-mid-century-modern-battery-operated-wall-sconces-with-remote-control-led-wall-s-03-01.jpg;assets\products\mid-century-modern\board-4236587\product-mid-century-modern-battery-operated-wall-sconces-with-remote-control-led-wall-s-03-02.jpg;assets\products\mid-century-modern\board-4236587\product-mid-century-modern-battery-operated-wall-sconces-with-remote-control-led-wall-s-03-03.jpg;assets\products\mid-century-modern\board-4236587\product-mid-century-modern-battery-operated-wall-sconces-with-remote-control-led-wall-s-03-04.jpg;assets\products\mid-century-modern\board-4236587\product-mid-century-modern-battery-operated-wall-sconces-with-remote-control-led-wall-s-03-05.jpg,https://havenly.com/products/details/Battery-Operated-Wall-Sconces-With-Remote-Control-Led-Wall-Sconce-With-350-Degree-Rotation-Set-of-2-Wayfair-112786814,4236587
"Pieced Pillow Hide 12"" X 20"" in Black  Cover Only ",Decor & Lighting,Throw Pillows,mid-century-modern,Modern|Midcentury Modern|Artful Eclectic,$125.30,$179.00,"20"" W x 12"" H",Hide,Black,"Carefully selected for their quality and luster, our Pieced Hide Pillow features hand-sewn patches of dyed hair on hide on a cotton lining. The hide’s unique markings accentuate the patchwork designs to add one-of-a-kind character to each pillow cover. Removable cover features hidden zip closure and knife edge detailing. Crafted in India. The optional pillow insert is generously filled with 95% feather and 5% down, enclosed in a 100% cotton cover. All down is sourced from a Responsible Down Stan",Arhaus,out_of_stock,assets\products\mid-century-modern\board-4236587\product-mid-century-modern-pieced-pillow-hide-12-x-20-in-black-cover-only-04-01.jpg,https://havenly.com/products/details/Pieced-Pillow-Hide-12-X-20-in-Black-Cover-Only-Arhaus-133890271,4236587
Boomerang Gold Mirror,Decor & Lighting,Wall Art & Mirrors,mid-century-modern,Modern|Midcentury Modern|Artful Eclectic,$270.60,,"0.187"" x 19.75"" x 35.5""","GLASS,IRON,MDF",This Mirror Features An Organic Silhouette With A Modern Petite Iron Frame Finished In Aged Gold. May Be Hung Two Ways.,This Mirror Features An Organic Silhouette With A Modern Petite Iron Frame Finished In Aged Gold. May Be Hung Two Ways.,Uttermost,out_of_stock,assets\products\mid-century-modern\board-4236587\product-mid-century-modern-boomerang-gold-mirror-01-01.jpg;assets\products\mid-century-modern\board-4236587\product-mid-century-modern-boomerang-gold-mirror-01-02.jpg;assets\products\mid-century-modern\board-4236587\product-mid-century-modern-boomerang-gold-mirror-01-03.jpg;assets\products\mid-century-modern\board-4236587\product-mid-century-modern-boomerang-gold-mirror-01-04.jpg;assets\products\mid-century-modern\board-4236587\product-mid-century-modern-boomerang-gold-mirror-01-05.jpg,https://havenly.com/products/details/Boomerang-Gold-Mirror-Uttermost-121050108,4236587
Verde Oculus By Jamie Beckwith,Decor & Lighting,Other,mid-century-modern,Modern|Midcentury Modern|Artful Eclectic,$1199.00,,40.0 x 2.0 x 40.0,"American Maple, Matte Canvas","Black Maple, Canvas","Nashville-based artist Jamie Beckwith creates contemporary pieces inspired by nature, travel and architecture. Spot gloss detailing¬†and framed with black-finished maple floater frame moulding for a gallery-quality look. If not currently in stock, this texture-enhanced piece ships within three weeks.¬†Handmade in Austin, Texas.",Four Hands,in_stock,assets\products\mid-century-modern\board-4236587\product-mid-century-modern-verde-oculus-by-jamie-beckwith-02-01.jpg;assets\products\mid-century-modern\board-4236587\product-mid-century-modern-verde-oculus-by-jamie-beckwith-02-02.jpg;assets\products\mid-century-modern\board-4236587\product-mid-century-modern-verde-oculus-by-jamie-beckwith-02-03.jpg;assets\products\mid-century-modern\board-4236587\product-mid-century-modern-verde-oculus-by-jamie-beckwith-02-04.jpg,https://havenly.com/products/groups/four-hands-235594-129559?vendorVariantId=133890026,4236587
Organic Shape I Set by FH Art Studio - Black 2.5 Maple,Decor & Lighting,Other,mid-century-modern,Modern|Midcentury Modern|Artful Eclectic,$3499.00,,105.0 x 2.5 x 61.0,"American Maple, Matte Canvas, Gallery Bracer","Black 2.5 Maple, White","Five individually framed canvases form this textured piece of work. Each framed in maple for a gallery-quality look. If not currently in stock, this texture-enhanced piece ships within three weeks. Designed by Four Hands Art Studio and handmade in Austin, Texas.",Four Hands,out_of_stock,assets\products\mid-century-modern\board-4236587\product-mid-century-modern-organic-shape-i-set-by-fh-art-studio-black-2-5-maple-01-01.jpg;assets\products\mid-century-modern\board-4236587\product-mid-century-modern-organic-shape-i-set-by-fh-art-studio-black-2-5-maple-01-02.jpg;assets\products\mid-century-modern\board-4236587\product-mid-century-modern-organic-shape-i-set-by-fh-art-studio-black-2-5-maple-01-03.jpg;assets\products\mid-century-modern\board-4236587\product-mid-century-modern-organic-shape-i-set-by-fh-art-studio-black-2-5-maple-01-04.jpg;assets\products\mid-century-modern\board-4236587\product-mid-century-modern-organic-shape-i-set-by-fh-art-studio-black-2-5-maple-01-05.jpg,https://havenly.com/products/details/Organic-Shape-I-Set-by-FH-Art-Studio-Black-2-5-Maple-Four-Hands-139390873,4236587
Leather & Linen Pillow - Sonoma Butterscotch,Decor & Lighting,Throw Pillows,mid-century-modern,Modern|Midcentury Modern|Artful Eclectic,$179.00,,24.0 x 7.0 x 16.0,"Top Grain Leather, 66% Polyester, 19% Acrylic, 15% Flax/Linen","Sonoma Butterscotch, Thames Cream","With a feather-blend insert, a linen throw pillow features a tan top-grain leather panel plus zipper detailing, for a material-driven twist on dÃ©cor.",Four Hands,out_of_stock,assets\products\mid-century-modern\board-4236587\product-mid-century-modern-leather-linen-pillow-sonoma-butterscotch-02-01.jpg;assets\products\mid-century-modern\board-4236587\product-mid-century-modern-leather-linen-pillow-sonoma-butterscotch-02-02.jpg;assets\products\mid-century-modern\board-4236587\product-mid-century-modern-leather-linen-pillow-sonoma-butterscotch-02-03.jpg;assets\products\mid-century-modern\board-4236587\product-mid-century-modern-leather-linen-pillow-sonoma-butterscotch-02-04.jpg;assets\products\mid-century-modern\board-4236587\product-mid-century-modern-leather-linen-pillow-sonoma-butterscotch-02-05.jpg,https://havenly.com/products/details/Leather-Linen-Pillow-Sonoma-Butterscotch-Four-Hands-139392052,4236587
Paria Green Wallpaper,Other,Other,mid-century-modern,Modern|Midcentury Modern|Artful Eclectic,$399.00,,"125.99""Hheight82.5""W",Paper,Green,"The dramatic sandstone landscapes of Arizona and Utah's Paria Canyon become a large-scale, abstract covering for the wall. Made of parchment certified sustainable by the Forest Stewardship Council r FSC, wallpaper has excellent lightfastness and rich, nuanced tones ranging from deep green to cream. Paste-the-wall application makes installation easy.  -Coated fibrous parchment certified sustainable by the Forest Stewardship Council r -Paste-the-wall wallpaper; adhesive not included -Durable and f",CB2,out_of_stock,assets\products\mid-century-modern\board-4236587\product-mid-century-modern-paria-green-wallpaper-03-01.jpg;assets\products\mid-century-modern\board-4236587\product-mid-century-modern-paria-green-wallpaper-03-02.jpg,https://havenly.com/products/details/Paria-Green-Wallpaper-CB2-145064480,4236587
Boucle and Leather Pillow - Knoll Natural,Decor & Lighting,Throw Pillows,mid-century-modern,Modern|Midcentury Modern|Artful Eclectic,$149.00,,20.0 x 7 x 20,"95% Polyester, 5% Acrylic, Top Grain Leather, 100% Polyester Fiber","Knoll Natural, Sonoma Black","A cream throw pillow of high-performance boucle features top-grain leather and brass detailing, for a material-driven twist on modern d?©cor.",Four Hands,out_of_stock,assets\products\mid-century-modern\board-4236587\product-mid-century-modern-boucle-and-leather-pillow-knoll-natural-04-01.jpg;assets\products\mid-century-modern\board-4236587\product-mid-century-modern-boucle-and-leather-pillow-knoll-natural-04-02.jpg;assets\products\mid-century-modern\board-4236587\product-mid-century-modern-boucle-and-leather-pillow-knoll-natural-04-03.jpg;assets\products\mid-century-modern\board-4236587\product-mid-century-modern-boucle-and-leather-pillow-knoll-natural-04-04.jpg;assets\products\mid-century-modern\board-4236587\product-mid-century-modern-boucle-and-leather-pillow-knoll-natural-04-05.jpg,https://havenly.com/products/details/Boucle-and-Leather-Pillow-Knoll-Natural-Four-Hands-146792321,4236587
"Socca 55"" Bello Black Leather Bench",Furniture,Accent Chairs,mid-century-modern,Modern|Midcentury Modern|Artful Eclectic,$1954.00,,"55""Wx19""Dx16.5""H",Leather,Black,"Long bench begins with a base of warm walnut wood, certified sustainable by the Forest Stewardship Council® (FSC), and is topped with incredibly plush comfort. Designed by Gonçalo Campos, bench adds incomparable texture to the entryway, bedroom or living room. CB2 exclusive.     Designed by Gonçalo Campos  FSC ®-certified walnut and walnut veneer  Imported Socca 55"" Bello Black Leather Bench",CB2,out_of_stock,assets\products\mid-century-modern\board-4236587\product-mid-century-modern-socca-55-bello-black-leather-bench-05-01.jpg,https://havenly.com/products/details/Socca-55-Bello-Black-Leather-Bench-CB2-151011232,4236587
"Blythe 14"" High Matte Gold and Gray Decorative Vase",Decor & Lighting,Vases & Botanicals,mid-century-modern,Modern|Midcentury Modern|Artful Eclectic,$69.95,$99.99,"14"" high x 6 3/4"" wide x 6 3/4"" deep. Weighs 5.63 lbs.",Stoneware,gold,"Dabble in decadence with this modern decorative vase, a stunning piece worthy of display in a visible space. Stoneware construction with a soothing silhouette features a hand-painted finish with a matte gold finish paint drip pattern and a matching rim, as gray accents deliver a smoky impact. Earthy tones reflect exotic style in a vase suitable for holding water and displaying botanicals or floral bouquets.",Lamps Plus,out_of_stock,assets\products\mid-century-modern\board-4236587\product-mid-century-modern-blythe-14-high-matte-gold-and-gray-decorative-vase-06-01.jpg,https://havenly.com/products/details/Blythe-14-High-Matte-Gold-and-Gray-Decorative-Vase-Lamps-Plus-153250434,4236587
"Helene 9"" High Matte Gold and Gray Decorative Vase",Decor & Lighting,Vases & Botanicals,mid-century-modern,Modern|Midcentury Modern|Artful Eclectic,$89.99,,"9"" wide x 9"" deep x 7 3/4"" high. Weighs 4.4 lbs.",Stoneware,gold,"Classic with a rounded silhouette and stoneware construction, this modern decorative vase offers a stunning uplift to any setting. Hand-painting delivers a decadent abstract splash print focusing on gray accents and rich gold rimming. Make this a centerpiece in a custom living room or on a console. Its water-safe feature turns this decorative vase into a suitable venue for displaying flora or greenery.",Lamps Plus,in_stock,assets\products\mid-century-modern\board-4236587\product-mid-century-modern-helene-9-high-matte-gold-and-gray-decorative-vase-07-01.jpg,https://havenly.com/products/details/Helene-9-High-Matte-Gold-and-Gray-Decorative-Vase-Lamps-Plus-153250435,4236587
"'Salvador Dali, 1904-1989: The Paintings' Coffee Table Book",Furniture,Coffee & Accent Tables,mid-century-modern,Modern|Midcentury Modern|Artful Eclectic,$35.97,$60.00,-,Paper,Gold Metallic,"Through years of meticulous research that produced illustrations previously never seen by the public, Robert Descharnes and Gilles Néret have created the most complete study of Salvador Dalí's painted works ever published. At once deeper and broader than a mere catalog or biography, this beautiful book explores Dalí's bold creativity along with his personal notes and archival material. Covering Dalí's life from his beginnings as an unknown artist to his ultimate place in the artistic pantheon, t",CB2,out_of_stock,assets\products\mid-century-modern\board-4236587\product-mid-century-modern-salvador-dali-1904-1989-the-paintings-coffee-table-book-08-01.jpg;assets\products\mid-century-modern\board-4236587\product-mid-century-modern-salvador-dali-1904-1989-the-paintings-coffee-table-book-08-02.jpg;assets\products\mid-century-modern\board-4236587\product-mid-century-modern-salvador-dali-1904-1989-the-paintings-coffee-table-book-08-03.jpg;assets\products\mid-century-modern\board-4236587\product-mid-century-modern-salvador-dali-1904-1989-the-paintings-coffee-table-book-08-04.jpg,https://havenly.com/products/details/Salvador-Dali-1904-1989-The-Paintings-Coffee-Table-Book-CB2-134443441,4236587
'Andy Warhol Polaroids 1958-1987' Coffee Table Book,Furniture,Coffee & Accent Tables,mid-century-modern,Modern|Midcentury Modern|Artful Eclectic,$11.97,$20.00,n/a,Paper,White,"Created in collaboration with the Andy Warhol Foundation, andamp;quot;Andy Warhol Polaroids 1958-1987andamp;quot; features hundreds of instant pictures by the artist. Carrying a Polaroid camera from the late 1950s until his death in 1987, Warhol amassed a huge collection of instant pictures of friends, lovers and patrons. From self-portraits to still lives, anonymous nudes to New York high society, the impromptu images offer a unique record of the Pop Art maestro's world.  -Edited by Reuel Golde",CB2,out_of_stock,assets\products\mid-century-modern\board-4236587\product-mid-century-modern-andy-warhol-polaroids-1958-1987-coffee-table-book-09-01.jpg;assets\products\mid-century-modern\board-4236587\product-mid-century-modern-andy-warhol-polaroids-1958-1987-coffee-table-book-09-02.jpg;assets\products\mid-century-modern\board-4236587\product-mid-century-modern-andy-warhol-polaroids-1958-1987-coffee-table-book-09-03.jpg,https://havenly.com/products/details/Andy-Warhol-Polaroids-1958-1987-Coffee-Table-Book-CB2-149364643,4236587
