Tên SP,Danh mục,Phong cách,Sub-styles,Giá,Kích thước,Chất liệu,Màu sắc,Mô tả,Thương hiệu,Tình trạng,Hình ảnh,URL sản phẩm,Board ID
Daukas 47'' Dining Table,Furniture,bohemian,Bohemian|Minimal|Scandinavian,"${'id': '47657479951', 'price': 159.99, '__typename': 'PriceModel'} (was $169.99)",47'' x 29'' x 29'',Wood,Natural,Dining table kitchen table dining room table small kitchen table for small spaces table modern home furniture dinner table rectangular.,Wayfair,in_stock,assets\products\bohemian\board-4168521\product-bohemian-daukas-47-dining-table-01-01.jpg;assets\products\bohemian\board-4168521\product-bohemian-daukas-47-dining-table-01-02.jpg;assets\products\bohemian\board-4168521\product-bohemian-daukas-47-dining-table-01-03.jpg;assets\products\bohemian\board-4168521\product-bohemian-daukas-47-dining-table-01-04.jpg,https://havenly.com/products/details/Daukas-47-Dining-Table-Wayfair-88857271,4168521
Outdoor Wooden Loveseat With Cushions,Furniture,bohemian,Bohemian|Minimal|Scandinavian,"${'id': '47493525001', 'price': 286.99, '__typename': 'PriceModel'} (was $335.99)","25""H X 55""W X 27""D",wood,White,"With every backyard or patio space comes a need for seating, so why not do it in style? Combining an open slat design with an elegantly curved backrest, our loveseat will be a flawless addition to any outdoor lounge area. This can be used as a standalone or can be used to accent your existing furniture, making this a dream for those who love to personalize their space. With solid acacia wood frames and plush outdoor cushions, this loveseat offers hours of conversation for you and your guests.",Wayfair,in_stock,assets\products\bohemian\board-4168521\product-bohemian-outdoor-wooden-loveseat-with-cushions-02-01.jpg,https://havenly.com/products/details/Outdoor-Wooden-Loveseat-With-Cushions-Wayfair-84019510,4168521
Woven Storage Bin,Decor & Pillows,bohemian,Bohemian|Minimal|Scandinavian,"${'id': '47652897098', 'price': 59, '__typename': 'PriceModel'} (was $58.5)","7"" H x 11"" W x 7"" D",wicker,Brown,Offered in a variety of sizes to fit all of your storage needs these baskets boast a warm color thanks to the woven water hyacinth fibers.,Wayfair,in_stock,assets\products\bohemian\board-4168521\product-bohemian-woven-storage-bin-01-01.jpg;assets\products\bohemian\board-4168521\product-bohemian-woven-storage-bin-01-02.jpg,https://havenly.com/products/details/Woven-Storage-Bin-Wayfair-22550375,4168521
"Safflower SAFF-7194 18""L x 18""W Pillow Cover",Decor & Pillows,bohemian,Bohemian|Minimal|Scandinavian,$65,"18"" x 18""","100% Cotton, 100% Cotton",Grass Green,"Add a touch of minimalist modern style to your living space with the Safflower accent pillow. Manufactured in India, this elegant accessory is crafted from comfortable, durable cotton that's easy to maintain. Its sleek design makes it a perfect addition to any contemporary setting. Care for this stylish accent is simple - spot clean with mild detergent and cold water as needed, then lay flat to dry. With its chic aesthetic and user-friendly upkeep, the Safflower accent pillow offers an effortles",Surya,in_stock,assets\products\bohemian\board-4168521\product-bohemian-safflower-saff-7194-18-l-x-18-w-pillow-cover-02-01.jpg;assets\products\bohemian\board-4168521\product-bohemian-safflower-saff-7194-18-l-x-18-w-pillow-cover-02-02.jpg,https://havenly.com/products/groups/surya-17007-0-1521?vendorVariantId=50475003,4168521
Stems Eucalyptus Plant in Decorative Vase,Decor & Pillows,bohemian,Bohemian|Minimal|Scandinavian,"${'id': '47492092628', 'price': 203.99, '__typename': 'PriceModel'} (was $330)","36"" H",Faux Flowers,Green,"Gracie Oaks began more than 28 years ago and has grown each year due to a wonderfully talented team. The Gracie Oaks team loves great design and this pursuit drives us each and every day. We measure success when we 'finish' a well designed space with our beautiful pieces. Much like taking a good outfit to Great with the perfect accessories, our realistic botanical can help finish a space with the right pop of color or drama.",Wayfair,out_of_stock,assets\products\bohemian\board-4168521\product-bohemian-stems-eucalyptus-plant-in-decorative-vase-03-01.jpg,https://havenly.com/products/details/Stems-Eucalyptus-Plant-in-Decorative-Vase-Wayfair-65542252,4168521
Monroe Velvet Round Pillow,Decor & Pillows,bohemian,Bohemian|Minimal|Scandinavian,$58,"15"" Diameter",Velvet,Mustard,"Throw something a little unexpected into the mix with our round velvet throw pillows. Pleated textures and the prettiest velvet hues are easy to match back to just about any color palette. Add a few of these decorative throw pillows to your living room sofa, a kitchen dining bench, or put the finishing touch on your bedding style.",Lulu and Georgia,out_of_stock,assets\products\bohemian\board-4168521\product-bohemian-monroe-velvet-round-pillow-04-01.jpg;assets\products\bohemian\board-4168521\product-bohemian-monroe-velvet-round-pillow-04-02.jpg,https://havenly.com/products/details/Monroe-Velvet-Round-Pillow-Lulu-and-Georgia-68797227,4168521
Eucalyptus Branch,Decor & Pillows,bohemian,Bohemian|Minimal|Scandinavian,"${'id': '47651956479', 'price': 21.99, '__typename': 'PriceModel'} (was $21.99)","9"" x 36""",Faux,Green,This branch adds a touch of nature to any room. Bunch together to create your favorite arrangement.,Wayfair,out_of_stock,assets\products\bohemian\board-4168521\product-bohemian-eucalyptus-branch-05-01.jpg,https://havenly.com/products/details/Eucalyptus-Branch-Wayfair-73770224,4168521
Nordic Style Plastic Faux Ceramics Striped Vase Desktop Decor For Home,Decor & Pillows,bohemian,Bohemian|Minimal|Scandinavian,"${'id': '47658671588', 'price': 18.99, '__typename': 'PriceModel'} (was $22.99)",5.91 H x 4.72 W x 4.72 D in,Ceramic,Grey,"Description:The vase with the striped shape and the design of the cotton rope is very beautiful, unique and fashionable.You could send this vase to your dear friend or family as a great gift.Made of high-quality plastic material, it is very durable and unfading.The length of the product is 12cm, and the height is 15cm.This is a great decoration for home, garden, wedding, party, cafe, performance stage.Item Name: VaseMaterial:PlasticSize:12cmx12cmx15cm/4.72inx4.72inx5.91inNotes:Due to the light a",Wayfair,out_of_stock,assets\products\bohemian\board-4168521\product-bohemian-nordic-style-plastic-faux-ceramics-striped-vase-desktop-deco-06-01.jpg,https://havenly.com/products/details/Nordic-Style-Plastic-Faux-Ceramics-Striped-Vase-Desktop-Decor-For-Home-Wayfair-90900159,4168521
Lykan White Vase Set Of 3,Decor & Pillows,bohemian,Bohemian|Minimal|Scandinavian,"${'id': '47491540723', 'price': 77.99, '__typename': 'PriceModel'} (was $110.39)",13'' H X 4.25'' W X 4.25'' D,ceramic,White,The Lykan set of textured white ceramic vases helps create amazing floral arrangements in your home. Add floral and greenery for a look your guests will want to imitate.,Wayfair,out_of_stock,assets\products\bohemian\board-4168521\product-bohemian-lykan-white-vase-set-of-3-07-01.jpg;assets\products\bohemian\board-4168521\product-bohemian-lykan-white-vase-set-of-3-07-02.jpg,https://havenly.com/products/details/Lykan-White-Vase-Set-Of-3-Wayfair-91071152,4168521
Rectangle Acacia Wood Cutting Board/Tray,Decor & Pillows,bohemian,Bohemian|Minimal|Scandinavian,$45.6,20.866x10.236,Acacia Wood,Brown,"Instead of taking up much needed space in the kitchen for storing your cutting board, use one that doubles as décor for your kitchen.  This amazing acacia wood cutting board can be displayed on a shelf or hung on a wall with the large opening in the center of the handle.  When needing it, there will be no reason to go searching through the cabinets because it will be out in the open and easily accessible on a shelf or hung on a wall.",Bloomingville,back_ordered,assets\products\bohemian\board-4168521\product-bohemian-rectangle-acacia-wood-cutting-board-tray-08-01.jpg,https://havenly.com/products/details/Rectangle-Acacia-Wood-Cutting-Board-Tray-Bloomingville-91145866,4168521
"Montezuma Beige Indoor 2'6"" x 8' Handmade Rug",Rugs,bohemian,Bohemian|Minimal|Scandinavian,$300,"2'6"" x 8'",100% Wool,"Ivory, Light Gray, Camel","This Montezuma area rug will add a global flair to any room. Hand woven in India, this wool rug has a high-low construction and no pile for a unique texture and pattern. Recommended for use with a rug pad, it is easy to clean with spot cleaning only. Add style and texture to your home with this one-of-a-kind handwoven wool Montezuma area rug from India.",Surya,out_of_stock,assets\products\bohemian\board-4168521\product-bohemian-montezuma-beige-indoor-2-6-x-8-handmade-rug-01-01.jpg;assets\products\bohemian\board-4168521\product-bohemian-montezuma-beige-indoor-2-6-x-8-handmade-rug-01-02.jpg;assets\products\bohemian\board-4168521\product-bohemian-montezuma-beige-indoor-2-6-x-8-handmade-rug-01-03.jpg;assets\products\bohemian\board-4168521\product-bohemian-montezuma-beige-indoor-2-6-x-8-handmade-rug-01-04.jpg;assets\products\bohemian\board-4168521\product-bohemian-montezuma-beige-indoor-2-6-x-8-handmade-rug-01-05.jpg,https://havenly.com/products/details/Montezuma-Beige-Indoor-2-6-x-8-Handmade-Rug-Surya-8163536,4168521
"Arlo Home Hand Woven Area Rug, NF356A, Natural,  6' X 6' Round",Rugs,bohemian,Bohemian|Minimal|Scandinavian,$191.97,6' X 6' Round,Jute,Natural,"The Natural Fiber Rug Collection features an extensive selection of jute rugs, sisal rugs and other eco-friendly rugs made from innately soft and durable natural fiber yarns. Subtle, organic patterns are created by a dense sisal weave and accentuated in engaging colors and craft-inspired textures. Many designs made with non-slip or cotton backing for cushioned support.Â",Safavieh,back_ordered,assets\products\bohemian\board-4168521\product-bohemian-arlo-home-hand-woven-area-rug-nf356a-natural-6-x-6-round-02-01.jpg;assets\products\bohemian\board-4168521\product-bohemian-arlo-home-hand-woven-area-rug-nf356a-natural-6-x-6-round-02-02.jpg;assets\products\bohemian\board-4168521\product-bohemian-arlo-home-hand-woven-area-rug-nf356a-natural-6-x-6-round-02-03.jpg,https://havenly.com/products/details/Arlo-Home-Hand-Woven-Area-Rug-NF356A-Natural-6-X-6-Round-Safavieh-72784654,4168521
"White Ruffle 11"" Small Bowl",Other,bohemian,Bohemian|Minimal|Scandinavian,$39.95,"11"" dia. x 4.5""H",EARTHENWARE,White,"Freeform waves of ruffles and folds in high-gloss white earthenware make a big impression at the table or buffet. Group several small bowls together to hold various types of chips or fruits, or combine with our other white ruffle serving pieces to present a selection of dips, dishes and delicacies.     55.79-oz. capacity  Earthenware  Dishwasher safe on low heat setting  Made in Portugal White Ruffle 11"" Small Bowl",Crate and Barrel,in_stock,assets\products\bohemian\board-4168521\product-bohemian-white-ruffle-11-small-bowl-01-01.jpg;assets\products\bohemian\board-4168521\product-bohemian-white-ruffle-11-small-bowl-01-02.jpg;assets\products\bohemian\board-4168521\product-bohemian-white-ruffle-11-small-bowl-01-03.jpg;assets\products\bohemian\board-4168521\product-bohemian-white-ruffle-11-small-bowl-01-04.jpg;assets\products\bohemian\board-4168521\product-bohemian-white-ruffle-11-small-bowl-01-05.jpg,https://havenly.com/products/details/White-Ruffle-11-Small-Bowl-Crate-and-Barrel-21859868,4168521
UPTON STRIPE HAND TOWEL,Other,bohemian,Bohemian|Minimal|Scandinavian,$36,"21"" W x 28"" L","100% Hand-Spun, Hand-Woven Ethiopian Cotton",Navy,The Upton Stripe Hand Towel represents modern design created through natural production.  Its contemporary black and white stripe pattern comes from locally sourced Ethiopian cotton and eco-friendly dye that’s been entirely handcrafted from native artisans under fair trade practices.,McGee & Co.,out_of_stock,assets\products\bohemian\board-4168521\product-bohemian-upton-stripe-hand-towel-02-01.jpg;assets\products\bohemian\board-4168521\product-bohemian-upton-stripe-hand-towel-02-02.jpg;assets\products\bohemian\board-4168521\product-bohemian-upton-stripe-hand-towel-02-03.jpg;assets\products\bohemian\board-4168521\product-bohemian-upton-stripe-hand-towel-02-04.jpg;assets\products\bohemian\board-4168521\product-bohemian-upton-stripe-hand-towel-02-05.jpg,https://havenly.com/products/details/UPTON-STRIPE-HAND-TOWEL-McGee-Co-47779742,4168521
Rectangle No Pattern Cotton Table Runner,Other,bohemian,Bohemian|Minimal|Scandinavian,"${'id': '47718975663', 'price': 14.99, '__typename': 'PriceModel'} (was $14.99)",13'' D X 72'' L,cotton,blue navy,,Wayfair,in_stock,assets\products\bohemian\board-4168521\product-bohemian-rectangle-no-pattern-cotton-table-runner-03-01.jpg;assets\products\bohemian\board-4168521\product-bohemian-rectangle-no-pattern-cotton-table-runner-03-02.jpg;assets\products\bohemian\board-4168521\product-bohemian-rectangle-no-pattern-cotton-table-runner-03-03.jpg,https://havenly.com/products/details/Rectangle-No-Pattern-Cotton-Table-Runner-Wayfair-89009873,4168521
Kutztown 42'' Kitchen Island,Other,bohemian,Bohemian|Minimal|Scandinavian,$499.99,36'' H x 42'' W x 23.5'' D,Wood/Faux Marble,Black,,Wayfair,out_of_stock,assets\products\bohemian\board-4168521\product-bohemian-kutztown-42-kitchen-island-04-01.jpg,https://havenly.com/products/details/Kutztown-42-Kitchen-Island-Wayfair-96389519,4168521
Schauer Glass,Other,bohemian,Bohemian|Minimal|Scandinavian,$16.99,3.75 H x 4.0 W x 4.0 D in,glass,gray,"<p></p><strong>Features:</strong><ul><li>Grey</li><li>GLASS</li><li>Schauer</li><li>round</li><li>Dining room</li><li>Kitchen</li><li>Suitable for living room, kitchen, dining room</li><li>Product Type: Crystal</li><li>Subject: No Subject</li><li>Color: Gray</li><li>Primary Material: Glass<ul><li>Material Details: </li></ul></li><li>Quantity: 1</li><li>Hand Painted: No</li><li>Age Group: Adult</li><li>Power Source: </li><li>Battery Required: </li><li>Plays Music: No</li><li>Season: No Season</li",Wayfair,in_stock,assets\products\bohemian\board-4168521\product-bohemian-schauer-glass-05-01.jpg,https://havenly.com/products/details/Schauer-Glass-Wayfair-117064219,4168521
Belmin Stone/Concrete Side Table,Furniture,bohemian,Modern|Bohemian,"${'id': '47484135447', 'price': 85.99, '__typename': 'PriceModel'} (was $99.99)",18.5'' H x 14.5'' L x 14.5'' W,stone lightweight concrete,concrete,,Wayfair,out_of_stock,assets\products\bohemian\board-4177683\product-bohemian-belmin-stone-concrete-side-table-01-01.jpg,https://havenly.com/products/details/Belmin-Stone-Concrete-Side-Table-Wayfair-95126744,4177683
Seabeck 58.5'' Wide 3 Drawer Sideboard,Furniture,bohemian,Modern|Bohemian,"${'id': '47701355181', 'price': 259.99, '__typename': 'PriceModel'} (was $329.99)",29.75'' H x 58.5'' W x 15.75'' D,wood,"""",,Wayfair,in_stock,assets\products\bohemian\board-4177683\product-bohemian-seabeck-58-5-wide-3-drawer-sideboard-02-01.jpg,https://havenly.com/products/details/Seabeck-58-5-Wide-3-Drawer-Sideboard-Wayfair-106261300,4177683
Brionna Faux Leather Flip Top Storage Bench,Furniture,bohemian,Modern|Bohemian,"${'id': '47498090280', 'price': 119.99, '__typename': 'PriceModel'} (was $259.2)",18.5 H x 42.0 W x 20.0 D in,Leather,black/brown,"Add style and storage to any room in your home with our 17 Stories Large Metal Storage Bench. Featuring a modern design and matte black metal legs, our multi-functional Carmel vegan leather storage bench can provide seating and double as a coffee table, serve as a bedroom bench or as an entryway bench with storage. This unique and functional faux leather bench easily blends with many different styles and colors in your home. If you’re looking for a premium addition to your home at a reasonable p",Wayfair,in_stock,assets\products\bohemian\board-4177683\product-bohemian-brionna-faux-leather-flip-top-storage-bench-03-01.jpg;assets\products\bohemian\board-4177683\product-bohemian-brionna-faux-leather-flip-top-storage-bench-03-02.jpg,https://havenly.com/products/details/Brionna-Faux-Leather-Flip-Top-Storage-Bench-Wayfair-119320528,4177683
"Lenora LNR-002 20""L x 20""W Pillow Cover",Decor & Pillows,bohemian,Modern|Bohemian,$115,"20"" x 20""","100% Jute, 100% Cotton","Khaki, Ivory, Dark Green, Beige","Accentuate your home with the bohemian charm of our Lenora accent pillow! Sourced directly from India, this piece boasts a globally-inspired style that adds a unique touch to any living space. Made of an earth-friendly mix of jute and cotton, it provides both comfort and durability, making it perfect for daily use. Despite its intricate design, maintaining its pristine condition is effortless; simply spot clean with cold water and lay flat to dry when needed. Please note that bleaching or dry cl",Surya,in_stock,assets\products\bohemian\board-4177683\product-bohemian-lenora-lnr-002-20-l-x-20-w-pillow-cover-01-01.jpg,https://havenly.com/products/groups/surya-21589-0-1902?vendorVariantId=50477255,4177683
"Harlow HRW-001 22""L x 22""W Pillow Cover",Decor & Pillows,bohemian,Modern|Bohemian,$90,"22"" x 22""","Wool, polyester, cotton","Beige, Cream, Black","Immerse your home in Scandinavian Modern charm with the Harlow accent pillow. Fabricated in India, this beautiful piece is designed from a comforting blend of wool, cotton, and polyester, ensuring a plush and cozy feel that complements its stunning aesthetic. The Harlow accent pillow not only brings an attractive element to your decor but also provides an extra layer of comfort to your living space or bedroom. Caring for this stylish accessory is as easy as spot cleaning with mild detergent, mai",Surya,back_ordered,assets\products\bohemian\board-4177683\product-bohemian-harlow-hrw-001-22-l-x-22-w-pillow-cover-02-01.jpg;assets\products\bohemian\board-4177683\product-bohemian-harlow-hrw-001-22-l-x-22-w-pillow-cover-02-02.jpg;assets\products\bohemian\board-4177683\product-bohemian-harlow-hrw-001-22-l-x-22-w-pillow-cover-02-03.jpg,https://havenly.com/products/groups/surya-24576-0-2702?vendorVariantId=65886269,4177683
"Decorative Object, Natural",Decor & Pillows,bohemian,Modern|Bohemian,$46.8,"13"" x 4"" x 2""",Marble,White,"Thick white marble is used to create this three link chain.  Lay it next to a boat figurine, decorative anchor or other nautical object.  It can also be used as wall décor displayed next to a nautical framed work of art.",Bloomingville,out_of_stock,assets\products\bohemian\board-4177683\product-bohemian-decorative-object-natural-03-01.jpg;assets\products\bohemian\board-4177683\product-bohemian-decorative-object-natural-03-02.jpg;assets\products\bohemian\board-4177683\product-bohemian-decorative-object-natural-03-03.jpg;assets\products\bohemian\board-4177683\product-bohemian-decorative-object-natural-03-04.jpg,https://havenly.com/products/details/Decorative-Object-Natural-Bloomingville-81117053,4177683
Vase,Decor & Pillows,bohemian,Modern|Bohemian,$44.4,"5-1/4"" Round x 12""H",Stoneware,White / Beige,"Vases are the decoration that bring a flower arrangement to a whole new level of artistic beauty.  This embossed basketweave vase is so beautiful that it can also be used as a piece of room décor without flowers on any shelf, table or mantel.  Bring a touch of personality to any living space by adding this beautiful vase.",Bloomingville,out_of_stock,assets\products\bohemian\board-4177683\product-bohemian-vase-04-01.jpg;assets\products\bohemian\board-4177683\product-bohemian-vase-04-02.jpg;assets\products\bohemian\board-4177683\product-bohemian-vase-04-03.jpg,https://havenly.com/products/details/Vase-Bloomingville-81117058,4177683
Hand-Blown Frosted Art Glass Vase with Multi Color Stripe,Decor & Pillows,bohemian,Modern|Bohemian,$41.12,5.75x5.75x5.25,Glass,Yellow,"Display this stylishly versatile vase as a sophisticated mantel accent or part of an inviting dining table centerpiece; Made from 100% glass; Vase measures 6"" L x 6"" W x 5"" H",Creative Co-Op,out_of_stock,assets\products\bohemian\board-4177683\product-bohemian-hand-blown-frosted-art-glass-vase-with-multi-color-stripe-05-01.jpg,https://havenly.com/products/details/Hand-Blown-Frosted-Art-Glass-Vase-with-Multi-Color-Stripe-Creative-Co-Op-116245357,4177683
Woven Cotton Striped Lumbar Pillow with Chambray Back and Tassels,Decor & Pillows,bohemian,Modern|Bohemian,$68.4,28x14x1,"Cover: Cotton, Filler: Conjugate Silicone",Multicolor,"Add depth and personal style to any bed, chaise,  or loveseat with a thoughtfully crafted throw pillow; Each plush accent features a variety of prints, embroideries, and textures, carefully curated to enhance any interior design scheme",Bloomingville,out_of_stock,assets\products\bohemian\board-4177683\product-bohemian-woven-cotton-striped-lumbar-pillow-with-chambray-back-and-ta-06-01.jpg,https://havenly.com/products/details/Woven-Cotton-Striped-Lumbar-Pillow-with-Chambray-Back-and-Tassels-Bloomingville-116245491,4177683
Bobby Vase - Small,Decor & Pillows,bohemian,Modern|Bohemian,$34,7.0 x 7.0 x 4.25,Earthenware,Green,"The Bobby earthenware vases have a playful stacking shape, each slightly different with a rounded shape. Finishes range from light green to deep emerald. These vases can be displayed as vases or sculpture.",Elk Home,in_stock,assets\products\bohemian\board-4177683\product-bohemian-bobby-vase-small-07-01.jpg;assets\products\bohemian\board-4177683\product-bohemian-bobby-vase-small-07-02.jpg;assets\products\bohemian\board-4177683\product-bohemian-bobby-vase-small-07-03.jpg;assets\products\bohemian\board-4177683\product-bohemian-bobby-vase-small-07-04.jpg,https://havenly.com/products/details/Bobby-Vase-Small-Elk-Home-130253904,4177683
"Vesper Brown and Tobacco Linen Lumbar Pillow with Down-Alternative Insert 48""x12""",Decor & Pillows,bohemian,Modern|Bohemian,"${'id': '47723769091', 'price': 119.95, '__typename': 'PriceModel'} (was $119.95)","48""x12""",Linen,Multi,"Linen throw pillow by Sarah Von Dreele wears a static pattern of rich brown tones and a bold ocher accent line, with a complementary solid self back. CB2 pillows include a pillow insert in your choice of feather down or down alternative. CB2 exclusive.  -Designed by Sarah Von Dreele -100% linen -Solid self back -Feather-down insert: 95% white duck feather, 5% white feather-down fill made in Thailand -Down-alternative insert: 100% polyester fill imported -Inset zipper -Dry-clean only -Low iron -D",CB2,in_stock,assets\products\bohemian\board-4177683\product-bohemian-vesper-brown-and-tobacco-linen-lumbar-pillow-with-down-alter-08-01.jpg;assets\products\bohemian\board-4177683\product-bohemian-vesper-brown-and-tobacco-linen-lumbar-pillow-with-down-alter-08-02.jpg;assets\products\bohemian\board-4177683\product-bohemian-vesper-brown-and-tobacco-linen-lumbar-pillow-with-down-alter-08-03.jpg,https://havenly.com/products/groups/cb2-33941-120387?vendorVariantId=139143504,4177683
FLOOR LAMP,Lighting,bohemian,Modern|Bohemian,$180,"34"" x 34"" x 60""",METAL,ANTIQUE BRASS,"This floor lamp will be perfect for any task where you may want to adjust the amount of light. In addition to the adjustable height mechanism, the arm can be raised and lowered and the metal shade pivots in four directions. The antique brass finish will g",Uttermost,out_of_stock,assets\products\bohemian\board-4177683\product-bohemian-floor-lamp-01-01.jpg;assets\products\bohemian\board-4177683\product-bohemian-floor-lamp-01-02.jpg;assets\products\bohemian\board-4177683\product-bohemian-floor-lamp-01-03.jpg;assets\products\bohemian\board-4177683\product-bohemian-floor-lamp-01-04.jpg;assets\products\bohemian\board-4177683\product-bohemian-floor-lamp-01-05.jpg,https://havenly.com/products/details/FLOOR-LAMP-Uttermost-136758819,4177683
Herringbone Throw,Bedding & Bath,bohemian,Modern|Bohemian,$47,"50"" x 60""",100% Cotton,Cream,Found: the perfect temper to your statement blue velvet Reading Room chair. Our Herringbone Throw boasts a beautiful neutral gray color and subtle herringbone weave for added visual appeal.,Reese's Book Club x Havenly,in_stock,assets\products\bohemian\board-4177683\product-bohemian-herringbone-throw-01-01.jpg;assets\products\bohemian\board-4177683\product-bohemian-herringbone-throw-01-02.jpg;assets\products\bohemian\board-4177683\product-bohemian-herringbone-throw-01-03.jpg,https://havenly.com/products/details/Herringbone-Throw-Reese-s-Book-Club-x-Havenly-115575873,4177683
Emberley Limited Edition Fine Art Print,Art & Mirrors,bohemian,Modern|Bohemian,$97,24x24,"print, walnut wood, standard plexi",golden yellow,"Art Print from Minted designed by Parima Studio. This painting is reminiscent of the autumn light in the early morning: slowly illuminating and engulfing the surrounding streets, trees, and its inhabitants in a warm glow. Created using digital painting techniques, I intentionally leave unintentional marks to create dynamic blends of color, add a sense of depth and realism to the piece. Overall, creating an inviting environment that allows the viewer to escape within the details and reflect on th",Minted,in_stock,assets\products\bohemian\board-4177683\product-bohemian-emberley-limited-edition-fine-art-print-01-01.jpg,https://havenly.com/products/details/Emberley-Limited-Edition-Fine-Art-Print-Minted-84487397,4177683
Indigo Ink Art Print,Art & Mirrors,bohemian,Modern|Bohemian,"${'id': '47715581743', 'price': 341, '__typename': 'PriceModel'} (was $341)","24""x30""","specialy, Frame Type: matte black","Purple, Pink, Red","Inspired by the sinuous shapes of clouds, I painted overlapping continuous ink brushstrokes to create beautiful transparency and loops. I love the depth of color and the sense of movement from my brushstrokes of indigo ink looping over and around each other. I'm offering this in two other ink colors: sumi ink and cochineal ink.",Minted,in_stock,assets\products\bohemian\board-4177683\product-bohemian-indigo-ink-art-print-02-01.jpg,https://havenly.com/products/details/Indigo-Ink-Art-Print-Minted-88496582,4177683
Stairs and Yellow Door Print by Jan Niezen,Other,bohemian,Modern|Bohemian,$299,"24.25"" H x 34.38"" W x 0.88"" D",x,Black frame,"Art Description: This photographic image shows a bright staircase against a corrugated metal wall. The flight of stairs cuts across the vertical pattern of the background, giving it a modern feel as it captures a minimalistic style of design. This framed art piece will be the perfect addition to any blank wall, be it in your living room, foyer, kitchen, bedroom bathroom, or other space. Our home decor products are made using traditional custom framing techniques that give you the quality you wou",AllModern,in_stock,assets\products\bohemian\board-4177683\product-bohemian-stairs-and-yellow-door-print-by-jan-niezen-01-01.jpg,https://havenly.com/products/details/Stairs-and-Yellow-Door-Print-by-Jan-Niezen-AllModern-87121241,4177683
"JULES 4-Jul TANGERINE / MIST 9'-6"" x 14'",Other,bohemian,Modern|Bohemian,$798,"9'-6"" x 14'","100% Polyester Pile, Backing: Canvas",TANGERINE / MIST,"Highly durable and smooth underfoot, the Jules Collection captures the classic spirit of the Chris Loves Julia x Loloi rug collaboration. Power-loomed of 100% polyester pile in China, each Jules piece is printed using advanced rug-making techniques, offering a beautiful vintage look. Plus, the low pile is easy to vacuum and will never shed¬óideal for your busiest rooms.",Loloi Rugs,out_of_stock,assets\products\bohemian\board-4177683\product-bohemian-jules-4-jul-tangerine-mist-9-6-x-14-02-01.jpg;assets\products\bohemian\board-4177683\product-bohemian-jules-4-jul-tangerine-mist-9-6-x-14-02-02.jpg;assets\products\bohemian\board-4177683\product-bohemian-jules-4-jul-tangerine-mist-9-6-x-14-02-03.jpg,https://havenly.com/products/details/JULES-4-Jul-TANGERINE-MIST-9-6-x-14-Loloi-Rugs-116015323,4177683
"5.75"" Desk Lamp, Bronze",Other,bohemian,Modern|Bohemian,"${'id': '47701355939', 'price': 75, '__typename': 'PriceModel'} (was $126)",5.75'' H x 6.13'' W x 6.13'' D,"Iron, Frosted Glass",Oil Rubbed Bronze,"Add mid-century flair to your bar, console, or vanity with our 7.9"" tall accent lamp. This cordless, rechargeable mini lamp is the perfect minimalist accent for your dining room, living room, bedroom, or entry. The frosted glass mushroom globe has single LED bulb, for soft accent lighting with clean lines and a high-quality finish. This cordless mushroom lamp has a minimalist look with its modern dome shade and vintage bronze finish. Cordless, portable lamp has a rechargeable battery for conveni",Wayfair,in_stock,assets\products\bohemian\board-4177683\product-bohemian-5-75-desk-lamp-bronze-03-01.jpg;assets\products\bohemian\board-4177683\product-bohemian-5-75-desk-lamp-bronze-03-02.jpg,https://havenly.com/products/details/5-75-Desk-Lamp-Bronze-Wayfair-118682886,4177683
"Venezia Amber Brown Glass Taper Candle Holders, Set of 3",Other,bohemian,Modern|Bohemian,"${'id': '47670786312', 'price': 25.91, '__typename': 'PriceModel'} (was $51.85)","3.5"" dia. x 8.86""H, 3.5"" dia. x 11.5""H, 3.5"" dia. x 13.78""H",Glass,Brown,"Inspired by mid-century modern glassware, our Venezia candle holders support elongated bubbles on slender stems for a sculptural yet playful silhouette. Crafted of translucent amber glass for a vintage look, these three candlesticks support tapers or double as bud vases. We love to layer botanicals with candlelight in a bountiful display. Mix and match our exclusive Venezia candle holders in various heights and hues to create an extravagant effect on your dining table or mantel.     Borosilicate",Crate and Barrel,out_of_stock,assets\products\bohemian\board-4177683\product-bohemian-venezia-amber-brown-glass-taper-candle-holders-set-of-3-04-01.jpg;assets\products\bohemian\board-4177683\product-bohemian-venezia-amber-brown-glass-taper-candle-holders-set-of-3-04-02.jpg;assets\products\bohemian\board-4177683\product-bohemian-venezia-amber-brown-glass-taper-candle-holders-set-of-3-04-03.jpg,https://havenly.com/products/details/Venezia-Amber-Brown-Glass-Taper-Candle-Holders-Set-of-3-Crate-and-Barrel-132097875,4177683
Miller Storage Bench,Furniture,bohemian,Modern|Eclectic|Bohemian|Organic Modern|California Cool,$745,"48"" W x 20"" D x 18.75"" H",Performanced Brushed Knit,Army,"<div data-content-type=""html"" data-appearance=""default"" data-element=""main"">&lt;p&gt;Miller's minimalist rail bench meets an oversized upholstered seat for a look that's sleek but sophisticated, looking especially stylish in a living room, as dining seating, or at the end of a bed.&lt;/p&gt;  &lt;p&gt;&lt;span style=""color:#151515""&gt;Designer tip: &lt;/span&gt;Pair Miller with lighter, airy pieces that complement its larger proportions.&lt;/p&gt;</div>   Color Performance Brushed Knit - 2 x Arm",Interior Define,in_stock,assets\products\bohemian\board-4189649\product-bohemian-miller-storage-bench-01-01.jpg;assets\products\bohemian\board-4189649\product-bohemian-miller-storage-bench-01-02.jpg;assets\products\bohemian\board-4189649\product-bohemian-miller-storage-bench-01-03.jpg;assets\products\bohemian\board-4189649\product-bohemian-miller-storage-bench-01-04.jpg;assets\products\bohemian\board-4189649\product-bohemian-miller-storage-bench-01-05.jpg,https://havenly.com/products/details/Miller-Storage-Bench-Interior-Define-131947470,4189649
"Oversized Tumbling Tower Yard Game 27""",Furniture,bohemian,Modern|Eclectic|Bohemian|Organic Modern|California Cool,$159.95,"16.63""Wx8.25""Dx17.75""H",WOOD,Black,"To play this fun game of suspense, stack the wooden blocks into a tower and then take turns pulling out blocks without tumbling the tower. Oversized blocks come in a zippered canvas carrying bag so you can take this fun-filled game to outdoor parties and picnics.   • New Zealand pine blocks  • Canvas carrying bag  • Protect from inclement weather  • 27&quot; tall when blocks are stacked  • Imported Oversized Tumbling Tower Yard Game 27""",Crate and Barrel,in_stock,assets\products\bohemian\board-4189649\product-bohemian-oversized-tumbling-tower-yard-game-27-02-01.jpg,https://havenly.com/products/details/Oversized-Tumbling-Tower-Yard-Game-27-Crate-and-Barrel-48110285,4189649
Scarlett Sleeper Sofa,Furniture,bohemian,Modern|Eclectic|Bohemian|Organic Modern|California Cool,$3715,79 x 36 x 29,Performance Anti Microbial Chenille,Bone,"Modern design meets transitional details in our Scarlett collection. Thoughtfully designed to complement all aesthetics, Scarlett pairs a modern silhouette with unmatched coziness. Each piece features a sleek bench cushion, slim track arm, and plush back cushions.",Interior Define,in_stock,assets\products\bohemian\board-4189649\product-bohemian-scarlett-sleeper-sofa-03-01.jpg;assets\products\bohemian\board-4189649\product-bohemian-scarlett-sleeper-sofa-03-02.jpg;assets\products\bohemian\board-4189649\product-bohemian-scarlett-sleeper-sofa-03-03.jpg;assets\products\bohemian\board-4189649\product-bohemian-scarlett-sleeper-sofa-03-04.jpg;assets\products\bohemian\board-4189649\product-bohemian-scarlett-sleeper-sofa-03-05.jpg,https://havenly.com/products/details/Scarlett-Sleeper-Sofa-Interior-Define-150541454,4189649
James Sleeper Sofa,Furniture,bohemian,Modern|Eclectic|Bohemian|Organic Modern|California Cool,$3750,"84 x 40 x 35 (Bench Cushion, Down Alternative Fill,Memory Foam Mattress)",Performance Antimicrobial Chenille,Bone,"James beautifully marries modern design with a transitional feel. Its to-the-floor platform and hidden legs are sleek, while subtle crowns in the seat and arms keep it soft. In keeping with its linear design, James' wide arms and back frame are finished with structural piping for a balanced look. Top it all off with cozy side cushions, and you have yourself the modern, lounge-ready sofa of your dreams.Sleeper queen mattress dimensions: 60""W x 72""L x 5.5""H",Interior Define,in_stock,assets\products\bohemian\board-4189649\product-bohemian-james-sleeper-sofa-04-01.jpg;assets\products\bohemian\board-4189649\product-bohemian-james-sleeper-sofa-04-02.jpg;assets\products\bohemian\board-4189649\product-bohemian-james-sleeper-sofa-04-03.jpg;assets\products\bohemian\board-4189649\product-bohemian-james-sleeper-sofa-04-04.jpg;assets\products\bohemian\board-4189649\product-bohemian-james-sleeper-sofa-04-05.jpg,https://havenly.com/products/details/James-Sleeper-Sofa-Interior-Define-155354332,4189649
Stria Sienna Brown Woven Silk Lumbar Pillow Cover 23''x11'' by Ackerman,Decor & Pillows,bohemian,Modern|Eclectic|Bohemian|Organic Modern|California Cool,"${'id': '47722432797', 'price': 64.97, '__typename': 'PriceModel'} (was $99.95)","23""Wx11""H",Silk,Dark Brown,"Redone in a modern sienna brown and white color palette, throw pillow reimagines a 1966 handwoven tapestry by California creative duo Evelyn and Jerome Ackerman. The silk/cotton blend on front makes for a delicate and visually compelling weave—a testament to the enduring legacy of the Ackermans' artistic contributions to California modernism. CB2 exclusive.  Detroit natives Evelyn and Jerome Ackerman founded ERA Industries in 1956. For 50 years, the Los Angeles-based couple played a central role",CB2,in_stock,assets\products\bohemian\board-4189649\product-bohemian-stria-sienna-brown-woven-silk-lumbar-pillow-cover-23-x11-by--01-01.jpg;assets\products\bohemian\board-4189649\product-bohemian-stria-sienna-brown-woven-silk-lumbar-pillow-cover-23-x11-by--01-02.jpg;assets\products\bohemian\board-4189649\product-bohemian-stria-sienna-brown-woven-silk-lumbar-pillow-cover-23-x11-by--01-03.jpg,https://havenly.com/products/details/Stria-Sienna-Brown-Woven-Silk-Lumbar-Pillow-Cover-23-x11-by-Ackerman-CB2-137013054,4189649
Ollara Green Marble Picture Frame 8''x10'',Decor & Pillows,bohemian,Modern|Eclectic|Bohemian|Organic Modern|California Cool,"${'id': '47723354098', 'price': 79.95, '__typename': 'PriceModel'} (was $79.95)","8""x10"" Width: 11""  Depth: 13""  Height: 1""",Marble,Green,"Handcrafted of Spider green marble, picture frame is full of rich white veining, making each naturally one of a kind. CB2 exclusive.  -Handmade -Spider green marble -Sawtooth hangers -Easel back for tabletop display -Variation in veining and activity of marble is to be expected; each will be unique -Ships in CB2 gift packaging -Wipe with a soft, dry cloth -Made in India Ollara Green Marble Picture Frame 8''x10''",CB2,in_stock,assets\products\bohemian\board-4189649\product-bohemian-ollara-green-marble-picture-frame-8-x10-02-01.jpg;assets\products\bohemian\board-4189649\product-bohemian-ollara-green-marble-picture-frame-8-x10-02-02.jpg,https://havenly.com/products/details/Ollara-Green-Marble-Picture-Frame-8-x10-CB2-132878186,4189649
"Wonderful Wicker Natural 11"" Storage Basket, Set of 4",Decor & Pillows,bohemian,Modern|Eclectic|Bohemian|Organic Modern|California Cool,"${'id': '47628840364', 'price': 140.4, '__typename': 'PriceModel'} (was $156)","11"" Storage Basket, Set of 4",Natural Plant Material,Brown,"Our Wonderful Wicker Cube provides the charm of natural materials with the durability growing families need. This unique kids storage essential was handwoven from real hyacinth, so no two pieces are exactly alike. Plus, it has a sturdy iron frame, convenient carrying handles and was designed to fit perfectly into our basic changing tables.     Woven water hyacinth over an iron frame  Handmade construction means pieces may vary slightly in size and color from what is listed or shown  Features 2 c",Crate & Kids,in_stock,assets\products\bohemian\board-4189649\product-bohemian-wonderful-wicker-natural-11-storage-basket-set-of-4-03-01.jpg;assets\products\bohemian\board-4189649\product-bohemian-wonderful-wicker-natural-11-storage-basket-set-of-4-03-02.jpg;assets\products\bohemian\board-4189649\product-bohemian-wonderful-wicker-natural-11-storage-basket-set-of-4-03-03.jpg;assets\products\bohemian\board-4189649\product-bohemian-wonderful-wicker-natural-11-storage-basket-set-of-4-03-04.jpg;assets\products\bohemian\board-4189649\product-bohemian-wonderful-wicker-natural-11-storage-basket-set-of-4-03-05.jpg,https://havenly.com/products/groups/crate-kids-97697-147108?vendorVariantId=144162418,4189649
Lilac Silk Faux Flower Arrangement,Decor & Pillows,bohemian,Modern|Eclectic|Bohemian|Organic Modern|California Cool,$85.99,"9"" x 9"" x 15""",Silk,"White, Green","Bring an element of the outdoors in with this collection of realistic-looking plants. From the quintessential fiddle leaf fig to a vase of ivory peonies, Fiddle + Bloom brings you our favorite potted accents. Bonus: no care necessary for these faux beauties. Do you like Lilacs (or just something beautiful)? If so, this superb arrangement is right in your wheelhouse. Several strong Lilac stems rest in a beautiful cylinder vase (complete w/ faux water), and rise forth, only to give way to an explo",Nearly Natural,out_of_stock,assets\products\bohemian\board-4189649\product-bohemian-lilac-silk-faux-flower-arrangement-04-01.jpg,https://havenly.com/products/details/Lilac-Silk-Faux-Flower-Arrangement-Nearly-Natural-80011987,4189649
In Stitches Stripe Wallpaper - black/cream,Decor & Pillows,bohemian,Modern|Eclectic|Bohemian|Organic Modern|California Cool,$130,20.5 in x 33 ft = 56 sq ft,Non-Woven,Black/Cream,,York Wallcoverings,in_stock,assets\products\bohemian\board-4189649\product-bohemian-in-stitches-stripe-wallpaper-black-cream-05-01.jpg,https://havenly.com/products/details/In-Stitches-Stripe-Wallpaper-black-cream-York-Wallcoverings-126383887,4189649
Leona Vase - Medium,Decor & Pillows,bohemian,Modern|Eclectic|Bohemian|Organic Modern|California Cool,$48,3.75 x 3.75 x 7.0,Glass,Ochre,The Leona rounded glass vases have a rich caramel color that transitions to dark green at the bottom. Each vase is cuffed at the opening with a brushed brass finish band.,Elk Home,out_of_stock,assets\products\bohemian\board-4189649\product-bohemian-leona-vase-medium-06-01.jpg;assets\products\bohemian\board-4189649\product-bohemian-leona-vase-medium-06-02.jpg;assets\products\bohemian\board-4189649\product-bohemian-leona-vase-medium-06-03.jpg;assets\products\bohemian\board-4189649\product-bohemian-leona-vase-medium-06-04.jpg;assets\products\bohemian\board-4189649\product-bohemian-leona-vase-medium-06-05.jpg,https://havenly.com/products/details/Leona-Vase-Medium-Elk-Home-130253877,4189649
Leona Vase - Small,Decor & Pillows,bohemian,Modern|Eclectic|Bohemian|Organic Modern|California Cool,$44,3.75 x 3.75 x 5.0,Glass,Ochre,The Leona rounded glass vases have a rich caramel color that transitions to dark green at the bottom. Each vase is cuffed at the opening with a brushed brass finish band.,Elk Home,in_stock,assets\products\bohemian\board-4189649\product-bohemian-leona-vase-small-07-01.jpg;assets\products\bohemian\board-4189649\product-bohemian-leona-vase-small-07-02.jpg;assets\products\bohemian\board-4189649\product-bohemian-leona-vase-small-07-03.jpg;assets\products\bohemian\board-4189649\product-bohemian-leona-vase-small-07-04.jpg;assets\products\bohemian\board-4189649\product-bohemian-leona-vase-small-07-05.jpg,https://havenly.com/products/details/Leona-Vase-Small-Elk-Home-130253878,4189649
Maria Vase - Small,Decor & Pillows,bohemian,Modern|Eclectic|Bohemian|Organic Modern|California Cool,$58,7.0 x 7.0 x 6.0,Earthenware,Black,"The Maria Vase is a beautiful rounded vase with two small handles. Made from matte black earthenware, the vases feature a delicate climbing leaf pattern in soft white, for an updated floral look.",Elk Home,in_stock,assets\products\bohemian\board-4189649\product-bohemian-maria-vase-small-08-01.jpg;assets\products\bohemian\board-4189649\product-bohemian-maria-vase-small-08-02.jpg;assets\products\bohemian\board-4189649\product-bohemian-maria-vase-small-08-03.jpg;assets\products\bohemian\board-4189649\product-bohemian-maria-vase-small-08-04.jpg;assets\products\bohemian\board-4189649\product-bohemian-maria-vase-small-08-05.jpg,https://havenly.com/products/details/Maria-Vase-Small-Elk-Home-130254098,4189649
Cy Vase - Medium White,Decor & Pillows,bohemian,Modern|Eclectic|Bohemian|Organic Modern|California Cool,$130,12.0 x 7.0 x 8.0,Earthenware,White,"The Cy Vase is a rounded ceramic vase with an organic, asymmetric shape and a narrow mouth opening. This vase adds a layer of softness to a tabletop, console, or shelf.",Elk Home,in_stock,assets\products\bohemian\board-4189649\product-bohemian-cy-vase-medium-white-09-01.jpg;assets\products\bohemian\board-4189649\product-bohemian-cy-vase-medium-white-09-02.jpg;assets\products\bohemian\board-4189649\product-bohemian-cy-vase-medium-white-09-03.jpg,https://havenly.com/products/details/Cy-Vase-Medium-White-Elk-Home-130254584,4189649
Brooklyn Cannelee Vase and Sage Green Leaf Branch Arrangement,Decor & Pillows,bohemian,Modern|Eclectic|Bohemian|Organic Modern|California Cool,$288.8,"12.59"" x 12.29""  x 16.92""",Glazed Terracota,Beige,"Grace a sideboard or entryway table with this elegant dried botanical arrangement. Our classically inspired Brooklyn Cannalee floor designed by Athena Calderone makes a stately receptacle for our faux branch adorned with lifelike, sage-green foliage. An easy way to refresh a console or entryway table, the ready-to-go arrangement is a Crate & Barrel exclusive.   • Glazed terracotta vase designed by Athena Calderon  • Faux branch made of polyester, plastic and iron  • To preserve appearance, keep ",Crate and Barrel,out_of_stock,assets\products\bohemian\board-4189649\product-bohemian-brooklyn-cannelee-vase-and-sage-green-leaf-branch-arrangemen-10-01.jpg;assets\products\bohemian\board-4189649\product-bohemian-brooklyn-cannelee-vase-and-sage-green-leaf-branch-arrangemen-10-02.jpg;assets\products\bohemian\board-4189649\product-bohemian-brooklyn-cannelee-vase-and-sage-green-leaf-branch-arrangemen-10-03.jpg;assets\products\bohemian\board-4189649\product-bohemian-brooklyn-cannelee-vase-and-sage-green-leaf-branch-arrangemen-10-04.jpg;assets\products\bohemian\board-4189649\product-bohemian-brooklyn-cannelee-vase-and-sage-green-leaf-branch-arrangemen-10-05.jpg,https://havenly.com/products/details/Brooklyn-Cannelee-Vase-and-Sage-Green-Leaf-Branch-Arrangement-Crate-and-Barrel-126843927,4189649
SAMSON BLACK INDOOR/OUTDOOR RUG - 8 x 10,Rugs,bohemian,Modern|Eclectic|Bohemian|Organic Modern|California Cool,$1208,8'x10',100% PET,black and white,"Part of our Bunny Williams collection, this delicately striped, black indoor/outdoor rug was inspired by an antique rug sample from the designer's own personal collection. Due to the handmade nature of this area rug, variations in color are expected.   FEATURES & BENEFITS: Eco-friendly polyester fiber made from recycled plastic bottles; durable construction, UV-treated for fade resistance; soft, wool-like texture; lightweight, low profile, reversible; washable, scrubbable.  WHERE TO USE: Just ri",Dash and Albert,in_stock,assets\products\bohemian\board-4189649\product-bohemian-samson-black-indoor-outdoor-rug-8-x-10-01-01.jpg,https://havenly.com/products/details/SAMSON-BLACK-INDOOR-OUTDOOR-RUG-8-x-10-Dash-and-Albert-55623239,4189649
ADMIR FLOOR LAMP,Lighting,bohemian,Modern|Eclectic|Bohemian|Organic Modern|California Cool,$256.5,"16"" X 32"" X 61""",Metal,Black,"Perfectly designed for small-space living areas, this Admir Floor Lamp is poetic and practical. Admir’s sleek black frame serves as both a light source and end table, making it ideal beside the sofa or favorite armchair.",Safavieh,out_of_stock,assets\products\bohemian\board-4189649\product-bohemian-admir-floor-lamp-01-01.jpg;assets\products\bohemian\board-4189649\product-bohemian-admir-floor-lamp-01-02.jpg;assets\products\bohemian\board-4189649\product-bohemian-admir-floor-lamp-01-03.jpg;assets\products\bohemian\board-4189649\product-bohemian-admir-floor-lamp-01-04.jpg,https://havenly.com/products/details/ADMIR-FLOOR-LAMP-Safavieh-135520320,4189649
The Citizenry Olmo Alpaca Throw | Charcoal,Bedding & Bath,bohemian,Modern|Eclectic|Bohemian|Organic Modern|California Cool,"${'id': '47719348715', 'price': 229, '__typename': 'PriceModel'} (was $305)","70"" L x 50"" W",100% Baby Alpaca,Charcoal,"A fresh take on traditional woven blankets, this effortlessly cool throw blends heritage designs with a chunky grid pattern. Loomed with shades of charcoal, mushroom, and gray, the result is an elevated, allover pattern that is right at home in any space. Handwoven by master artisans in a quiet mountain village in Peru, each throw takes about a week to complete. All made exclusively in a fair trade environment. Note: Alpaca wool is hypoallergenic, so this throw is ideal for those with allergies ",The Citizenry,in_stock,assets\products\bohemian\board-4189649\product-bohemian-the-citizenry-olmo-alpaca-throw-charcoal-01-01.jpg;assets\products\bohemian\board-4189649\product-bohemian-the-citizenry-olmo-alpaca-throw-charcoal-01-02.jpg;assets\products\bohemian\board-4189649\product-bohemian-the-citizenry-olmo-alpaca-throw-charcoal-01-03.jpg,https://havenly.com/products/details/The-Citizenry-Olmo-Alpaca-Throw-Charcoal-The-Citizenry-149768877,4189649
Beda Framed Seagrass Object,Art & Mirrors,bohemian,Modern|Eclectic|Bohemian|Organic Modern|California Cool,$999,48.0 x 1.0 x 38.0,Sea Grass Object,Sea Grass Object,"Dress the wall with texture. A palm leaf wall hanging is framed in thick maple for a Bohemian touch. Handmade in Austin, Texas.",Four Hands,in_stock,assets\products\bohemian\board-4189649\product-bohemian-beda-framed-seagrass-object-01-01.jpg;assets\products\bohemian\board-4189649\product-bohemian-beda-framed-seagrass-object-01-02.jpg;assets\products\bohemian\board-4189649\product-bohemian-beda-framed-seagrass-object-01-03.jpg;assets\products\bohemian\board-4189649\product-bohemian-beda-framed-seagrass-object-01-04.jpg;assets\products\bohemian\board-4189649\product-bohemian-beda-framed-seagrass-object-01-05.jpg,https://havenly.com/products/details/Beda-Framed-Seagrass-Object-Four-Hands-126620008,4189649
Configured Framed Painting,Art & Mirrors,bohemian,Modern|Eclectic|Bohemian|Organic Modern|California Cool,$189,40.0 X 40.0 X 1.5,"Print on Canvas, Pine Frame",Multicolor,"Modernist Collage: Floating geometric shapes appear turned and rearranged in a composition inspired by modernist artists, creating visual intrigue with a surprising sense of cohesion., Print on Canvas: A high-quality print on polyester canvas delivers soft tonal depth and a textured presence that feels deliberate and gallery-worthy., Pine Frame Included: A clean pine frame with hanging hardware keeps the focus on the art and makes installation effortless right out of the box., Configured’s squar",Moes Home Collection,out_of_stock,assets\products\bohemian\board-4189649\product-bohemian-configured-framed-painting-02-01.jpg;assets\products\bohemian\board-4189649\product-bohemian-configured-framed-painting-02-02.jpg;assets\products\bohemian\board-4189649\product-bohemian-configured-framed-painting-02-03.jpg;assets\products\bohemian\board-4189649\product-bohemian-configured-framed-painting-02-04.jpg;assets\products\bohemian\board-4189649\product-bohemian-configured-framed-painting-02-05.jpg,https://havenly.com/products/details/Configured-Framed-Painting-Moes-Home-Collection-131941788,4189649
"Hampshire 27"" Natural Brown Wood 2-Tier Kids Wall Shelf",Other,bohemian,Modern|Eclectic|Bohemian|Organic Modern|California Cool,$239,"26.6""Wx7.8""Dx19.6""H",Wood,Brown,"Bring clean, timeless design and extra storage space to your kid's bedroom or nursery with our Hampshire Storage Unit. Its natural brown finish blends effortlessly with any decor, and solid ash construction makes it as durable as it is beautiful. Hung on its own or grouped with other storage pieces from our Hampshire collection, the storage unit makes eye-catching wall art out of displayed books, collections or picture frames.   • FSCr-certified wood from responsibly managed forests  • Solid ash",Crate & Kids,in_stock,assets\products\bohemian\board-4189649\product-bohemian-hampshire-27-natural-brown-wood-2-tier-kids-wall-shelf-01-01.jpg;assets\products\bohemian\board-4189649\product-bohemian-hampshire-27-natural-brown-wood-2-tier-kids-wall-shelf-01-02.jpg;assets\products\bohemian\board-4189649\product-bohemian-hampshire-27-natural-brown-wood-2-tier-kids-wall-shelf-01-03.jpg;assets\products\bohemian\board-4189649\product-bohemian-hampshire-27-natural-brown-wood-2-tier-kids-wall-shelf-01-04.jpg,https://havenly.com/products/details/Hampshire-27-Natural-Brown-Wood-2-Tier-Kids-Wall-Shelf-Crate-Kids-132057279,4189649
"Barcelos Light Brown Throw Pillow with Down-Alternative Insert 23""x23""",Other,bohemian,Modern|Eclectic|Bohemian|Organic Modern|California Cool,"${'id': '47718724662', 'price': 67.97, '__typename': 'PriceModel'} (was $99.95)",23'' x 23'',Cotton,Multi,"Square throw pillow by Molly Fitzpatrick features an abstract design that's flock-printed to create dimension and texture. A solid white cotton jute back and exposed silver zipper add a little edge. CB2 pillows include a pillow insert in your choice of feather-down or down alternative. CB2 exclusive.  -Designed by Molly Fitzpatrick -Cotton jute -Solid white back -Feather-down insert: 95% white duck feather, 5% white feather-down fill; wrapped in organic cotton made in Portugal -Down-alternative ",CB2,in_stock,assets\products\bohemian\board-4189649\product-bohemian-barcelos-light-brown-throw-pillow-with-down-alternative-inse-02-01.jpg;assets\products\bohemian\board-4189649\product-bohemian-barcelos-light-brown-throw-pillow-with-down-alternative-inse-02-02.jpg;assets\products\bohemian\board-4189649\product-bohemian-barcelos-light-brown-throw-pillow-with-down-alternative-inse-02-03.jpg;assets\products\bohemian\board-4189649\product-bohemian-barcelos-light-brown-throw-pillow-with-down-alternative-inse-02-04.jpg,https://havenly.com/products/groups/cb2-31850-142580?vendorVariantId=132193289,4189649
Essential Percale White Sheet Set,Other,bohemian,Modern|Eclectic|Bohemian|Organic Modern|California Cool,$148,"Queen set includes: 1 flat sheet (98"" x 106""), 1 fitted sheet (60"" x 80"" + 15"" pocket), 2 std/queen pillowcases (20"" x 30"")<br>",100% Cotton,WHITE,"Crisp, airy, cool cotton sheets are the perfect base for the modern bed. Comfortable in all seasons, woven from long staple cotton in 300 thread count for serious snoozing, this breathable and crisp percale bedding will soften with use and every wash.",Dash and Albert,in_stock,assets\products\bohemian\board-4189649\product-bohemian-essential-percale-white-sheet-set-03-01.jpg,https://havenly.com/products/details/Essential-Percale-White-Sheet-Set-Dash-and-Albert-135760145,4189649
Cozy Cotton Ivory Quilt,Other,bohemian,Modern|Eclectic|Bohemian|Organic Modern|California Cool,$268,"Full/Queen: 92"" x 96""",100% Cotton,IVORY,"Luxe yet inviting, our 100% cotton quilt will keep you comfy all night long. Our buttery-soft Cozy Cotton sandwiches a thin layer of batting in between, while traditional vertical quilt-stitching keeps it all together for the perfect extra layer all year long.",Dash and Albert,in_stock,assets\products\bohemian\board-4189649\product-bohemian-cozy-cotton-ivory-quilt-04-01.jpg,https://havenly.com/products/details/Cozy-Cotton-Ivory-Quilt-Dash-and-Albert-135760905,4189649
Cozy Cotton Ivory Quilted Sham,Other,bohemian,Modern|Eclectic|Bohemian|Organic Modern|California Cool,$44,"Standard: 20 "" x 26""",100% Cotton,IVORY,This buttery-soft quilted cotton sham cover will lend a luxe touch to your bed. Cozy Cotton sandwiches a thin layer of batting in between. A traditional vertical quilting stitch keeps it all together.,Dash and Albert,in_stock,assets\products\bohemian\board-4189649\product-bohemian-cozy-cotton-ivory-quilted-sham-05-01.jpg,https://havenly.com/products/details/Cozy-Cotton-Ivory-Quilted-Sham-Dash-and-Albert-135760922,4189649
Charlie Stone Tan Velvet Corduroy Kids Lounge Chair,Other,bohemian,Modern|Eclectic|Bohemian|Organic Modern|California Cool,$299,"32""Wx27""Dx23""H",Organic Cotton,Natural,"Elevate lounge time with our Stone Tan Plush Chair, a just-for-them spot for reading, cartoon watching or just chilling. Upholstered in a rich, wide wale velvet corduroy, this soft seat promises comfy support for curling up with a good book. Light enough to easily move from room to room, it makes a great gift for toddlers to tweens.   • Cover: 100% organic cotton velvet  • Bean bag filling designed to provide firm, comfortable support that will relax and sink in with use  • Spot clean with a dam",Crate & Kids,in_stock,assets\products\bohemian\board-4189649\product-bohemian-charlie-stone-tan-velvet-corduroy-kids-lounge-chair-06-01.jpg;assets\products\bohemian\board-4189649\product-bohemian-charlie-stone-tan-velvet-corduroy-kids-lounge-chair-06-02.jpg;assets\products\bohemian\board-4189649\product-bohemian-charlie-stone-tan-velvet-corduroy-kids-lounge-chair-06-03.jpg;assets\products\bohemian\board-4189649\product-bohemian-charlie-stone-tan-velvet-corduroy-kids-lounge-chair-06-04.jpg,https://havenly.com/products/details/Charlie-Stone-Tan-Velvet-Corduroy-Kids-Lounge-Chair-Crate-Kids-132027963,4189649
All Across Africa Brown Pom Pom Garland,Other,bohemian,Modern|Eclectic|Bohemian|Organic Modern|California Cool,"${'id': '47665767202', 'price': 24.97, '__typename': 'PriceModel'} (was $59)","4""Wx27""Dx1""H",raffia,Brown,"Hang this earthy-hued pom pom garland on a wall or above a doorway for a playful finishing touch that's as unique as your little one. Handwoven of natural raffia, it's a fun, textural accent for a bedroom, nursery or playroom. The garlands are handcrafted by a women's cooperative in Uganda, which provides artisans with fair wages for their families.   • This is not a toy  • Not to be used within baby's reach or directly above crib  • Rafia and metal  • Spot clean only  • Made in Uganda All Acros",Crate & Kids,out_of_stock,assets\products\bohemian\board-4189649\product-bohemian-all-across-africa-brown-pom-pom-garland-07-01.jpg;assets\products\bohemian\board-4189649\product-bohemian-all-across-africa-brown-pom-pom-garland-07-02.jpg;assets\products\bohemian\board-4189649\product-bohemian-all-across-africa-brown-pom-pom-garland-07-03.jpg;assets\products\bohemian\board-4189649\product-bohemian-all-across-africa-brown-pom-pom-garland-07-04.jpg,https://havenly.com/products/details/All-Across-Africa-Brown-Pom-Pom-Garland-Crate-Kids-138288824,4189649
"Crosby Black and Ivory Alpaca Lumbar Pillow with Feather-Down Insert 23""x11"" by Blacksaw",Other,bohemian,Modern|Eclectic|Bohemian|Organic Modern|California Cool,"${'id': '47678259886', 'price': 99.97, '__typename': 'PriceModel'} (was $219)","23""Wx11""Dx1""H",Wool Blend,Multi,"Woven from 100% natural fibers of superfine alpaca wool and high-quality undyed Peruvian cotton, checkerboard-pattern throw pillow mixes black and ivory tones. Designed by Blacksaw with an eye toward sustainability, this heirloom-quality throw pillow is 100% naturally colored, hypoallergenic and completely free of dyes. CB2 pillows include a pillow insert in your choice of feather down or down alternative. CB2 exclusive.  -Designed by Blacksaw -84% alpaca wool, 16% cotton -Self back -Feather-dow",CB2,in_stock,assets\products\bohemian\board-4189649\product-bohemian-crosby-black-and-ivory-alpaca-lumbar-pillow-with-feather-dow-08-01.jpg;assets\products\bohemian\board-4189649\product-bohemian-crosby-black-and-ivory-alpaca-lumbar-pillow-with-feather-dow-08-02.jpg,https://havenly.com/products/groups/cb2-33822-6933?vendorVariantId=139143515,4189649
Caprice Black Natural Cane Narrow Cabinet,Other,bohemian,Modern|Eclectic|Bohemian|Organic Modern|California Cool,$2999,"38""Wx17""Dx84""H",Wood,Black,"Imposing in form but sized for a narrow footprint, black cabinet conceals five shelves behind its doors. Washed black mango wood frame highlights the intricacy of the wood grain, while woven natural cane door fronts add texture and eye-catching contrast.  -Solid mango wood and natural cane -Five fixed internal shelves -Made in USA of Imported Materials Caprice Black Natural Cane Narrow Cabinet",CB2,out_of_stock,assets\products\bohemian\board-4189649\product-bohemian-caprice-black-natural-cane-narrow-cabinet-09-01.jpg;assets\products\bohemian\board-4189649\product-bohemian-caprice-black-natural-cane-narrow-cabinet-09-02.jpg;assets\products\bohemian\board-4189649\product-bohemian-caprice-black-natural-cane-narrow-cabinet-09-03.jpg;assets\products\bohemian\board-4189649\product-bohemian-caprice-black-natural-cane-narrow-cabinet-09-04.jpg;assets\products\bohemian\board-4189649\product-bohemian-caprice-black-natural-cane-narrow-cabinet-09-05.jpg,https://havenly.com/products/details/Caprice-Black-Natural-Cane-Narrow-Cabinet-CB2-147682738,4189649
"Xbase pillow - 23x23, Feather Insert",Other,bohemian,Modern|Eclectic|Bohemian|Organic Modern|California Cool,$49.95,"23""Wx23""D","Cotton, feather",ivory and black,Handmade dhurrie pattern crisscrosses in contrasting ivory and black. 100% cotton flips to solid natural.,CB2,out_of_stock,assets\products\bohemian\board-4189649\product-bohemian-xbase-pillow-23x23-feather-insert-10-01.jpg,https://havenly.com/products/details/Xbase-pillow-23x23-Feather-Insert-CB2-6274591,4189649
Eastern Accents Charlie Throw Pillow,Other,bohemian,Modern|Eclectic|Bohemian|Organic Modern|California Cool,$168,22'' H x 22'' W x 0.6'' D,Velvet,green,"lassy and understated, this pillow serves gold-plated elegance through textured details, both physical and visual, and vibrant hues cooled off by gray undertones. Eastern Accents",Perigold,out_of_stock,assets\products\bohemian\board-4189649\product-bohemian-eastern-accents-charlie-throw-pillow-11-01.jpg,https://havenly.com/products/details/Eastern-Accents-Charlie-Throw-Pillow-Perigold-79383984,4189649
"Rue 52"" Natural Wood 12-Cube Bookcase",Other,bohemian,Modern|Eclectic|Bohemian|Organic Modern|California Cool,$799,"52.25""Wx15""Dx46.25""H",WOOD,Natural,"The ultimate decluttering solution for families, our Rue 12-cube bookcase helps you and the little ones get organized (and looks good doing it). The oak bookshelf features a dozen spacious compartments that are the perfect size for our cube storage containers (sold separately), providing dedicated spots for everything from toys and books to trinkets. The natural finish lightens the room and rounded corners add just the right amount of playfulness.     GREENGUARD Gold Certified  Solid oak and med",Crate & Kids,out_of_stock,assets\products\bohemian\board-4189649\product-bohemian-rue-52-natural-wood-12-cube-bookcase-12-01.jpg;assets\products\bohemian\board-4189649\product-bohemian-rue-52-natural-wood-12-cube-bookcase-12-02.jpg;assets\products\bohemian\board-4189649\product-bohemian-rue-52-natural-wood-12-cube-bookcase-12-03.jpg;assets\products\bohemian\board-4189649\product-bohemian-rue-52-natural-wood-12-cube-bookcase-12-04.jpg,https://havenly.com/products/details/Rue-52-Natural-Wood-12-Cube-Bookcase-Crate-Kids-118118897,4189649
"Mongolian Green Sheepskin Fur Throw Pillow with Feather-Down Insert 16""x16""",Other,bohemian,Modern|Eclectic|Bohemian|Organic Modern|California Cool,"${'id': '47683625099', 'price': 70.97, '__typename': 'PriceModel'} (was $99.95)","16""Wx16""H",LEATHER,green,"Made from 100% Mongolian natural sheepskin, this crazy-soft, super-chic green throw pillow has enviable natural curl. Since no two are exactly alike, pillows will vary in density and length. Sheepskin pillow flips to a solid green cotton back. CB2 pillows include a pillow insert in your choice of feather down or down alternative. CB2 exclusive.  -Front: 100% sheepskin -Back: 100% cotton -Feather-down insert: 95% white duck feather, 5% white down fill made in Thailand -Down-alternative insert: 10",CB2,out_of_stock,assets\products\bohemian\board-4189649\product-bohemian-mongolian-green-sheepskin-fur-throw-pillow-with-feather-down-13-01.jpg;assets\products\bohemian\board-4189649\product-bohemian-mongolian-green-sheepskin-fur-throw-pillow-with-feather-down-13-02.jpg;assets\products\bohemian\board-4189649\product-bohemian-mongolian-green-sheepskin-fur-throw-pillow-with-feather-down-13-03.jpg;assets\products\bohemian\board-4189649\product-bohemian-mongolian-green-sheepskin-fur-throw-pillow-with-feather-down-13-04.jpg,https://havenly.com/products/details/Mongolian-Green-Sheepskin-Fur-Throw-Pillow-with-Feather-Down-Insert-16-x16-CB2-118677964,4189649
"Bontang 72"" H x 24"" W Steel Ladder Bookcase",Furniture,bohemian,Bohemian|Transitional,"${'id': '47657133522', 'price': 69.99, '__typename': 'PriceModel'} (was $79)",72'' H x 24'' W x 12'' D,"Manufactured wood, Steel",Walnut/Black,"Are you worried about the mess in your home? This storage shelf might help you greatly to solve this problem. This ladder shelf rack is made of premium particleboard and sturdy steel frame, which can make the shelf more sturdy and stable. Because of the wall-mounted design, this storage shelf is space-saving and safe enough for you to use. With a classic vintage style, our bookshelf has a unique style. The shelf can be used as a storage shelf, bookshelf or display stand in the living room, bedro",Wayfair,out_of_stock,assets\products\bohemian\board-4192274\product-bohemian-bontang-72-h-x-24-w-steel-ladder-bookcase-01-01.jpg,https://havenly.com/products/details/Bontang-72-H-x-24-W-Steel-Ladder-Bookcase-Wayfair-83589073,4192274
Outdoor Rattan Side Table,Furniture,bohemian,Bohemian|Transitional,"${'id': '47483537702', 'price': 93.99, '__typename': 'PriceModel'} (was $93.99)","18""H X 19""W X 19""D",Wicker/Rattan,Brown,"Befitting for any sofa side or a plain corner of your home, the impressive side table takes a stunning open weave design and curved structure to offer a charming boho touch to your decor. Its flat shape brings a refined atmosphere to this piece while providing incredible stability. With an underlying frame, the sturdy structure of this table will allow you to easily enjoy a warm sunny day outdoors with a glass of lemonade and a bowl of your favorite snacks.",Wayfair,in_stock,assets\products\bohemian\board-4192274\product-bohemian-outdoor-rattan-side-table-02-01.jpg,https://havenly.com/products/details/Outdoor-Rattan-Side-Table-Wayfair-84446346,4192274
Annabel Round Mango Wood Coffee Table,Furniture,bohemian,Bohemian|Transitional,$177.99,"30"" x 30"" x 16""","Wood, Iron","Black, Brown","This coffee table is finely constructed from quality mango wood and supported by splayed metal legs. Round in shape, this brown coffee table features smooth top with elevated edges that secure objects from falling. Place it in your living room or in garden spaces for a causal sitting with your family and friends.",Wayfair,in_stock,assets\products\bohemian\board-4192274\product-bohemian-annabel-round-mango-wood-coffee-table-03-01.jpg;assets\products\bohemian\board-4192274\product-bohemian-annabel-round-mango-wood-coffee-table-03-02.jpg;assets\products\bohemian\board-4192274\product-bohemian-annabel-round-mango-wood-coffee-table-03-03.jpg;assets\products\bohemian\board-4192274\product-bohemian-annabel-round-mango-wood-coffee-table-03-04.jpg;assets\products\bohemian\board-4192274\product-bohemian-annabel-round-mango-wood-coffee-table-03-05.jpg,https://havenly.com/products/details/Annabel-Round-Mango-Wood-Coffee-Table-Wayfair-90779828,4192274
Patio Side Table Round End Table,Furniture,bohemian,Bohemian|Transitional,"${'id': '47494489526', 'price': 73.99, '__typename': 'PriceModel'} (was $74.99)",18.0 H x 17.75 W x 17.75 D in,metal,black,"This side table is built for both indoor and outdoor use. Ideal size to complement your patio conversation chairs, chaise lounges, and sofa. Stay bright and attractive in your outdoor space",Wayfair,out_of_stock,assets\products\bohemian\board-4192274\product-bohemian-patio-side-table-round-end-table-04-01.jpg,https://havenly.com/products/details/Patio-Side-Table-Round-End-Table-Wayfair-125120386,4192274
"Sasha 58"" Rattan Sideboard / TV Stand",Furniture,bohemian,Bohemian|Transitional,"${'id': '47619354683', 'price': 326.99, '__typename': 'PriceModel'} (was $349.2)","34"" H x 58"" L x 15.75"" W, 100 LBS",Wood,Black,"Add a bit of boho style to your home with this enviable two-door sideboard. The rattan panels make a statement and give your home that transitional, modern style you've seen all over Pinterest. Add this sideboard to your family room, dining room, or living room. No matter where it goes, it adds warmth, texture, and stress-free storage. Just close the doors to hide away dishes, books, toys, and games. Plus, the cutout back discreetly hides media cables, so you don't have to give those jumbled cor",Walker Edison,out_of_stock,assets\products\bohemian\board-4192274\product-bohemian-sasha-58-rattan-sideboard-tv-stand-05-01.jpg;assets\products\bohemian\board-4192274\product-bohemian-sasha-58-rattan-sideboard-tv-stand-05-02.jpg;assets\products\bohemian\board-4192274\product-bohemian-sasha-58-rattan-sideboard-tv-stand-05-03.jpg,https://havenly.com/products/details/Sasha-58-Rattan-Sideboard-TV-Stand-Walker-Edison-136169319,4192274
Modern Reeded 70” TV Stand with Open Storage - Mocha,Furniture,bohemian,Bohemian|Transitional,"${'id': '47635372234', 'price': 371, '__typename': 'PriceModel'} (was $376.2)","70 x 15.75 x 22""",warp-resistant MDF and laminate,Mocha,"Every movie night is made better with this modern reeded 70” TV stand made with style and versatility in mind. Reeded door fronts elevate the design, combining sleek looks and practical functionality. Luxurious touches like soft-close doors, durable MDF, and scratch-resistant laminate make your TV stand seem more expensive than it is (but your secret’s safe with us.) This design-inspired TV stand pairs well with any room, from clean, modern spaces to traditional-meets-modern aesthetics. In any c",Walker Edison,out_of_stock,assets\products\bohemian\board-4192274\product-bohemian-modern-reeded-70-tv-stand-with-open-storage-mocha-06-01.jpg;assets\products\bohemian\board-4192274\product-bohemian-modern-reeded-70-tv-stand-with-open-storage-mocha-06-02.jpg;assets\products\bohemian\board-4192274\product-bohemian-modern-reeded-70-tv-stand-with-open-storage-mocha-06-03.jpg;assets\products\bohemian\board-4192274\product-bohemian-modern-reeded-70-tv-stand-with-open-storage-mocha-06-04.jpg;assets\products\bohemian\board-4192274\product-bohemian-modern-reeded-70-tv-stand-with-open-storage-mocha-06-05.jpg,https://havenly.com/products/details/Modern-Reeded-70-TV-Stand-with-Open-Storage-Mocha-Walker-Edison-149194635,4192274
George Oliver Arm Chair Accent Chair,Furniture,bohemian,Bohemian|Transitional,"${'id': '47498222577', 'price': 184.99, '__typename': 'PriceModel'} (was $239.99)",35.0 H x 31.0 W x 25.0 D in,"wood, fabric",Beige,"ABOUT George Oliver Conveys easiness and happiness. Delivers romance and warmth. WIDE RANGE OF USABILITY This MULTIFUNCTIONAL ottoman can be used as a coffee table in front of a sofa, or as a bedroom seat, to match a variety of environments. It can also replace as an extra seat, especially for ENTERTAINMENT occasions, providing a place for those extra guests to take a nap. There is huge STORAGE SPACE inside, which helps to hide clutter that is not normally used and create a harmonious atmosphere",Wayfair,out_of_stock,assets\products\bohemian\board-4192274\product-bohemian-george-oliver-arm-chair-accent-chair-07-01.jpg,https://havenly.com/products/details/George-Oliver-Arm-Chair-Accent-Chair-Wayfair-90237739,4192274
Hand-Crafted Natural Jute Basket,Decor & Pillows,bohemian,Bohemian|Transitional,"${'id': '47488576301', 'price': 50.99, '__typename': 'PriceModel'} (was $199.99)","17 H x 17W x 17"" D",Jute,beige,Store your odds and ends in breezy beach house style with this stylish woven basket! Handcrafted of 100% jute for a natural casual feel this basket strikes a simple cylindrical silhouette. Two woven handles round out the design to make carrying the basket a breeze while fringed tassels add to the laid-back vibe. Timeless yet trendy the bottom of the basket is color-dipped for refreshing modern style. Perfect for laundry toys blankets  its up to you!,Wayfair,out_of_stock,assets\products\bohemian\board-4192274\product-bohemian-hand-crafted-natural-jute-basket-01-01.jpg,https://havenly.com/products/details/Hand-Crafted-Natural-Jute-Basket-Wayfair-46103384,4192274
Potted Faux Banana Tree,Decor & Pillows,bohemian,Bohemian|Transitional,"${'id': '47709242518', 'price': 99.97, '__typename': 'PriceModel'} (was $299)","71""H",PLASTIC,Green,"Refresh your great room or four-seasons room with the tropical elegance of the banana tree. With its dramatic height and lush large leaves, our potted faux banana plants fool the eye with lifelike detailing, including actual banana bark. Place the banana tree and its plastic pot into one of our handcrafted planters (sold separately) for a personal touch.     Cement, banana bark, moss and plastic  Plain plastic pot  Planters sold separately  For indoor use only  Dust with soft cloth  Basket sold ",Crate and Barrel,out_of_stock,assets\products\bohemian\board-4192274\product-bohemian-potted-faux-banana-tree-02-01.jpg,https://havenly.com/products/details/Potted-Faux-Banana-Tree-Crate-and-Barrel-47115442,4192274
"Safflower SAFF-7194 18""L x 18""W Pillow Cover",Decor & Pillows,bohemian,Bohemian|Transitional,$65,"18"" x 18""","100% Cotton, 100% Cotton",Grass Green,"Add a touch of minimalist modern style to your living space with the Safflower accent pillow. Manufactured in India, this elegant accessory is crafted from comfortable, durable cotton that's easy to maintain. Its sleek design makes it a perfect addition to any contemporary setting. Care for this stylish accent is simple - spot clean with mild detergent and cold water as needed, then lay flat to dry. With its chic aesthetic and user-friendly upkeep, the Safflower accent pillow offers an effortles",Surya,in_stock,assets\products\bohemian\board-4192274\product-bohemian-safflower-saff-7194-18-l-x-18-w-pillow-cover-03-01.jpg;assets\products\bohemian\board-4192274\product-bohemian-safflower-saff-7194-18-l-x-18-w-pillow-cover-03-02.jpg,https://havenly.com/products/groups/surya-17007-0-1521?vendorVariantId=50475003,4192274
"Migramah MGR-003 20""L x 20""W Polyester Filled Pillow",Decor & Pillows,bohemian,Bohemian|Transitional,$135,"20"" x 20""","100% Cotton, 100% Cotton",.,"Bring a touch of coastal style to your home with this Migramah Pillow Kit! This set of two cotton pillows feature a beautiful macrame construction and were handmade in India. The intricate details of the design make these pillows an eye-catching addition to any room. With its lightweight feel, it's perfect for lounging, and its spot clean only care makes it easy to maintain. Upgrade your space today with the Migramah Pillow Kit!",Surya,in_stock,assets\products\bohemian\board-4192274\product-bohemian-migramah-mgr-003-20-l-x-20-w-polyester-filled-pillow-04-01.jpg;assets\products\bohemian\board-4192274\product-bohemian-migramah-mgr-003-20-l-x-20-w-polyester-filled-pillow-04-02.jpg;assets\products\bohemian\board-4192274\product-bohemian-migramah-mgr-003-20-l-x-20-w-polyester-filled-pillow-04-03.jpg,https://havenly.com/products/details/Migramah-MGR-003-20-L-x-20-W-Polyester-Filled-Pillow-Surya-50477235,4192274
"Lush Velvet Pillow Cover, 20""x20"", Golden Oak",Decor & Pillows,bohemian,Bohemian|Transitional,"${'id': '47634451473', 'price': 27.2, '__typename': 'PriceModel'} (was $34)","20"" x 20""",Velvet,Gold,,West Elm,unavailable,assets\products\bohemian\board-4192274\product-bohemian-lush-velvet-pillow-cover-20-x20-golden-oak-05-01.jpg;assets\products\bohemian\board-4192274\product-bohemian-lush-velvet-pillow-cover-20-x20-golden-oak-05-02.jpg;assets\products\bohemian\board-4192274\product-bohemian-lush-velvet-pillow-cover-20-x20-golden-oak-05-03.jpg;assets\products\bohemian\board-4192274\product-bohemian-lush-velvet-pillow-cover-20-x20-golden-oak-05-04.jpg,https://havenly.com/products/details/Lush-Velvet-Pillow-Cover-20-x20-Golden-Oak-West-Elm-51497787,4192274
"Safflower SAFF-7196 22""L x 22""W Pillow Cover",Decor & Pillows,bohemian,Bohemian|Transitional,$80,"22"" x 22""","100% Cotton, 100% Cotton",Burnt Orange,"Add a touch of minimalist modern style to your living space with the Safflower accent pillow. Manufactured in India, this elegant accessory is crafted from comfortable, durable cotton that's easy to maintain. Its sleek design makes it a perfect addition to any contemporary setting. Care for this stylish accent is simple - spot clean with mild detergent and cold water as needed, then lay flat to dry. With its chic aesthetic and user-friendly upkeep, the Safflower accent pillow offers an effortles",Surya,in_stock,assets\products\bohemian\board-4192274\product-bohemian-safflower-saff-7196-22-l-x-22-w-pillow-cover-06-01.jpg;assets\products\bohemian\board-4192274\product-bohemian-safflower-saff-7196-22-l-x-22-w-pillow-cover-06-02.jpg;assets\products\bohemian\board-4192274\product-bohemian-safflower-saff-7196-22-l-x-22-w-pillow-cover-06-03.jpg;assets\products\bohemian\board-4192274\product-bohemian-safflower-saff-7196-22-l-x-22-w-pillow-cover-06-04.jpg,https://havenly.com/products/groups/surya-17007-0-1521?vendorVariantId=64103759,4192274
Snake Plant,Decor & Pillows,bohemian,Bohemian|Transitional,$39,"Small 8-12"" tall",Live Plant,white pot,"If you’re new to the indoor plant game or are simply looking for an easy-care houseplant, the Snake Plant is the plant for you. This hardy plant is renowned for its adaptability and its classic sword-like leaves. It can withstand full sun and handle low light—though it will do best in bright indirect sunlight. The Snake Plant is also drought tolerant, making it able to take a little neglect. Keep its sturdy leaves dust-free by wiping them regularly.",Bloomscape,out_of_stock,assets\products\bohemian\board-4192274\product-bohemian-snake-plant-07-01.jpg,https://havenly.com/products/details/Snake-Plant-Bloomscape-64107063,4192274
Monroe Velvet Round Pillow,Decor & Pillows,bohemian,Bohemian|Transitional,$58,"15"" Diameter",Velvet,Mustard,"Throw something a little unexpected into the mix with our round velvet throw pillows. Pleated textures and the prettiest velvet hues are easy to match back to just about any color palette. Add a few of these decorative throw pillows to your living room sofa, a kitchen dining bench, or put the finishing touch on your bedding style.",Lulu and Georgia,out_of_stock,assets\products\bohemian\board-4192274\product-bohemian-monroe-velvet-round-pillow-08-01.jpg;assets\products\bohemian\board-4192274\product-bohemian-monroe-velvet-round-pillow-08-02.jpg,https://havenly.com/products/details/Monroe-Velvet-Round-Pillow-Lulu-and-Georgia-68797227,4192274
"Parisa PAI-002 12""L x 30""W Down Filled Pillow",Decor & Pillows,bohemian,Bohemian|Transitional,$115,"12"" x 30""","100% Cotton, 100% Cotton","Cream, Camel","This stunning Parisa pillow adds a beautiful bohemian global touch to any room. Its unique cotton fabric is carefully crafted in India for an authentic look and feel that will bring a luxurious charm to your home. A perfect accent piece, this pillow is sure to make any space feel inviting and cozy. The care instructions are simple: just spot clean with mild detergent, lay flat to dry, and use low heat when necessary. Add the Parisa pillow to your living space today for a classic yet modern style",Surya,in_stock,assets\products\bohemian\board-4192274\product-bohemian-parisa-pai-002-12-l-x-30-w-down-filled-pillow-09-01.jpg;assets\products\bohemian\board-4192274\product-bohemian-parisa-pai-002-12-l-x-30-w-down-filled-pillow-09-02.jpg,https://havenly.com/products/details/Parisa-PAI-002-12-L-x-30-W-Down-Filled-Pillow-Surya-71523779,4192274
Faux Banana Leaf Tree in Pot Liner,Decor & Pillows,bohemian,Bohemian|Transitional,"${'id': '47487767644', 'price': 239.99, '__typename': 'PriceModel'} (was $458.99)","96"" H x 34"" W x 29"" D",Plastic; Silk; Polyester,green,"Incorporate year-round freshness throughout everyday interiors without the need for maintenance with the help of this artificial tree boasting a stunning array of realistic looking travelers palm foliage in bright vivid hues. Standing tall from an accompanying nursery planter, this tropical-inspired fake tree can handsomely breathe life into tight spaces throughout your home or office. Silk trees are manufactured using synthetic materials, such as polyester material or plastic, and are well desi",Wayfair,in_stock,assets\products\bohemian\board-4192274\product-bohemian-faux-banana-leaf-tree-in-pot-liner-10-01.jpg,https://havenly.com/products/details/Faux-Banana-Leaf-Tree-in-Pot-Liner-Wayfair-84022501,4192274
Minka Textured Pot,Decor & Pillows,bohemian,Bohemian|Transitional,"${'id': '47683551970', 'price': 39.95, '__typename': 'PriceModel'} (was $48)","8"" Diameter x 8.25""",Cement,Beige,"Textured baubles instantly elevate this handpainted cement vessel - it's the perfect pick for a verdant bouquet or an arrangement of your favorite dried stems. Minka Textured Pot by Anthropologie in Beige, Size: Smallmall",Anthropologie,out_of_stock,assets\products\bohemian\board-4192274\product-bohemian-minka-textured-pot-11-01.jpg;assets\products\bohemian\board-4192274\product-bohemian-minka-textured-pot-11-02.jpg,https://havenly.com/products/details/Minka-Textured-Pot-Anthropologie-86956680,4192274
"Narvik NRK-001 13""L x 20""W Polyester Filled Pillow",Decor & Pillows,bohemian,Bohemian|Transitional,$100,"13""H x 20""W","100% Wool, 100% Cotton","Beige, Medium Gray, Charcoal","Bring a unique and cozy feel to your home with the Narvik pillow. The perfect accent for any country cottage style, this decorative piece is crafted from a blend of cotton and wool for a luxurious feel. Featuring intricate detailing, this pillow adds an elegant touch to any room. With its spot clean only care instructions, you can easily keep it looking as good as new. Handmade in India and designed with beauty in mind, the Narvik pillow will be an eye-catching addition to your home decor.",Surya,in_stock,assets\products\bohemian\board-4192274\product-bohemian-narvik-nrk-001-13-l-x-20-w-polyester-filled-pillow-12-01.jpg,https://havenly.com/products/groups/surya-30021-0-4138?vendorVariantId=92161678,4192274
Picture Frame,Decor & Pillows,bohemian,Bohemian|Transitional,$28.99,Overall: 9'' W X 13'' H X 0.75'' D (5x7 matte),framed art print,Bronze,,Wayfair,in_stock,assets\products\bohemian\board-4192274\product-bohemian-picture-frame-13-01.jpg;assets\products\bohemian\board-4192274\product-bohemian-picture-frame-13-02.jpg,https://havenly.com/products/details/Picture-Frame-Wayfair-92801683,4192274
Tulip Floral Arrangement in Glass Vase,Decor & Pillows,bohemian,Bohemian|Transitional,$31.99,",",silk,red/yellow,,Wayfair,out_of_stock,assets\products\bohemian\board-4192274\product-bohemian-tulip-floral-arrangement-in-glass-vase-14-01.jpg,https://havenly.com/products/details/Tulip-Floral-Arrangement-in-Glass-Vase-Wayfair-106928256,4192274
"Decorative Handmade Paper Mache Vase, Brown",Decor & Pillows,bohemian,Bohemian|Transitional,$48.12,9.75x9.75x9.5,Paper,Brown,"This handmade vase showcases rustic paper mache construction; 100% paper mache; 9.75"" L x 9.75"" W x 9.5"" H",Creative Co-Op,out_of_stock,assets\products\bohemian\board-4192274\product-bohemian-decorative-handmade-paper-mache-vase-brown-15-01.jpg,https://havenly.com/products/details/Decorative-Handmade-Paper-Mache-Vase-Brown-Creative-Co-Op-118131685,4192274
"Decorative Paulownia Wood Tray, White",Decor & Pillows,bohemian,Bohemian|Transitional,$29.47,22.75x5.9x3.1,100% Paulownia Wood,White,"Add a touch of organic texture to an entryway or bedroom with this boho-inspired tray; Place atop a console table or dresser to display jewelry, keys, or small decorative accents for the ultimate combination of style and function. Made of natural paulownia wood, this product has a wood grain texture and each will vary from another and from imagery.",Creative Co-Op,back_ordered,assets\products\bohemian\board-4192274\product-bohemian-decorative-paulownia-wood-tray-white-16-01.jpg,https://havenly.com/products/details/Decorative-Paulownia-Wood-Tray-White-Creative-Co-Op-124317937,4192274
12.5” Handmade Natural Jute and Cotton Planter,Decor & Pillows,bohemian,Bohemian|Transitional,"${'id': '47388874657', 'price': 28.99, '__typename': 'PriceModel'} (was $57.99)",Width: 12.5 In.  Height: 12.5 In.  Depth: 12.5 In.,Jute,Natural,"Unique and rustic in nature, this hand stitched basket is an ideal planter for housing a faux tree of your choice. If you’re into boho, minimalist or clean lines, you’ll love this planter that brings neutral color and straight lines to any home that needs a soft, bare touch. Pair in a corner that needs a boho, sunny addition.",Nearly Natural,in_stock,assets\products\bohemian\board-4192274\product-bohemian-12-5-handmade-natural-jute-and-cotton-planter-17-01.jpg;assets\products\bohemian\board-4192274\product-bohemian-12-5-handmade-natural-jute-and-cotton-planter-17-02.jpg;assets\products\bohemian\board-4192274\product-bohemian-12-5-handmade-natural-jute-and-cotton-planter-17-03.jpg;assets\products\bohemian\board-4192274\product-bohemian-12-5-handmade-natural-jute-and-cotton-planter-17-04.jpg,https://havenly.com/products/details/12-5-Handmade-Natural-Jute-and-Cotton-Planter-Nearly-Natural-135294773,4192274
Gumbs Shag and Flokati Faux Sheepskin White Area Rug,Rugs,bohemian,Bohemian|Transitional,"${'id': '47493296990', 'price': 49.99, '__typename': 'PriceModel'} (was $90)",3' x 4.83',Faux fur,White,"Wanting the luxury of sheep hide but not liking animal products? This faux fur area rug is your perfect alternative. This product imitates the texture and look of sheepskin. With soft texture and suede-like backing, faux fur area rug is a budget option without compromising comfort and style. Sleek white color is versatile and would fit any décor. Irregular shape is also an imitation of real animal hide. This area rug is a stylish addition to your living room, family room or bedroom, and can also",Wayfair,in_stock,assets\products\bohemian\board-4192274\product-bohemian-gumbs-shag-and-flokati-faux-sheepskin-white-area-rug-01-01.jpg,https://havenly.com/products/details/Gumbs-Shag-and-Flokati-Faux-Sheepskin-White-Area-Rug-Wayfair-74129081,4192274
Zeid Floor Lamp - Brass - Safavieh,Lighting,bohemian,Bohemian|Transitional,$98.42,12in x 66.5in x 9.875in,"Iron, Metal, Iron","Brass Gold, Brass Gold","This luxurious contemporary floor lamp Infuses a radiant glow into any living room or home office. Designed so its shade directs light exactly where it&rsquo;s needed, its luminous brass gold finish illuminates its sleek minimalist lines and gentle curves.",Safavieh,out_of_stock,assets\products\bohemian\board-4192274\product-bohemian-zeid-floor-lamp-brass-safavieh-01-01.jpg;assets\products\bohemian\board-4192274\product-bohemian-zeid-floor-lamp-brass-safavieh-01-02.jpg;assets\products\bohemian\board-4192274\product-bohemian-zeid-floor-lamp-brass-safavieh-01-03.jpg;assets\products\bohemian\board-4192274\product-bohemian-zeid-floor-lamp-brass-safavieh-01-04.jpg,https://havenly.com/products/details/Zeid-Floor-Lamp-Brass-Safavieh-Safavieh-144407015,4192274
"Bayside Seed Stitch Throw Blanket, 44 x 56"", Ivory",Bedding & Bath,bohemian,Bohemian|Transitional,$129,"44"" x 56""",100% Cotton,Ivory,"Bayside,Chunky,Knit,Throw,44,x,56&quot;,Ivory,throw, throws,",Pottery Barn,unavailable,assets\products\bohemian\board-4192274\product-bohemian-bayside-seed-stitch-throw-blanket-44-x-56-ivory-01-01.jpg;assets\products\bohemian\board-4192274\product-bohemian-bayside-seed-stitch-throw-blanket-44-x-56-ivory-01-02.jpg,https://havenly.com/products/details/Bayside-Seed-Stitch-Throw-Blanket-44-x-56-Ivory-Pottery-Barn-88593684,4192274
"Ficus Tineke by Cassia Beck - Framed Wall Art Bamboo 11"" x 13""",Art & Mirrors,bohemian,Bohemian|Transitional,$55,11 x 13 x 2,Wood,green,"Frame it up. The Deny Designs framed art takes away all the hassle of finding the right frame for your art. The art is printed on a satin wood finish and comes exposed for a more artistic look. The frames are available in three different colors and a variety of sizes so no matter your design needs, we have just the option for you. Sprinkle in different sizes and maybe an art canvas or two to help create a picture perfect gallery wall. And the best part? Every purchase pays the artist who designe",Deny Designs,out_of_stock,assets\products\bohemian\board-4192274\product-bohemian-ficus-tineke-by-cassia-beck-framed-wall-art-bamboo-11-x-13-01-01.jpg,https://havenly.com/products/details/Ficus-Tineke-by-Cassia-Beck-Framed-Wall-Art-Bamboo-11-x-13-Deny-Designs-83867508,4192274
"Strange Landscape by Rose Beck - Framed Wall Art Basic White 11"" x 13""",Art & Mirrors,bohemian,Bohemian|Transitional,$55,11 x 13 x 2,Wood,pink,"Frame it up. The Deny Designs framed art takes away all the hassle of finding the right frame for your art. The art is printed on a satin wood finish and comes exposed for a more artistic look. The frames are available in three different colors and a variety of sizes so no matter your design needs, we have just the option for you. Sprinkle in different sizes and maybe an art canvas or two to help create a picture perfect gallery wall. And the best part? Every purchase pays the artist who designe",Deny Designs,out_of_stock,assets\products\bohemian\board-4192274\product-bohemian-strange-landscape-by-rose-beck-framed-wall-art-basic-white-1-02-01.jpg,https://havenly.com/products/details/Strange-Landscape-by-Rose-Beck-Framed-Wall-Art-Basic-White-11-x-13-Deny-Designs-83922384,4192274
"Sunrise Cactus by Sisi and Seb - Framed Wall Art Bamboo 20"" x 20""",Art & Mirrors,bohemian,Bohemian|Transitional,$149,20 x 20 x 2,Wood,multi-color,"Frame it up. The Deny Designs framed art takes away all the hassle of finding the right frame for your art. The art is printed on a satin wood finish and comes exposed for a more artistic look. The frames are available in three different colors and a variety of sizes so no matter your design needs, we have just the option for you. Sprinkle in different sizes and maybe an art canvas or two to help create a picture perfect gallery wall. And the best part? Every purchase pays the artist who designe",Deny Designs,in_stock,assets\products\bohemian\board-4192274\product-bohemian-sunrise-cactus-by-sisi-and-seb-framed-wall-art-bamboo-20-x-2-03-01.jpg;assets\products\bohemian\board-4192274\product-bohemian-sunrise-cactus-by-sisi-and-seb-framed-wall-art-bamboo-20-x-2-03-02.jpg,https://havenly.com/products/details/Sunrise-Cactus-by-Sisi-and-Seb-Framed-Wall-Art-Bamboo-20-x-20-Deny-Designs-85350527,4192274
"Square Boho Rattan Framed Wall Mirror, Natural",Art & Mirrors,bohemian,Bohemian|Transitional,$87.5,"23.5"" x 23.5""","Rattan, Wood, Mirror","Brown, Tan","Transform a bedroom, gathering space, or entryway of any style from boho to coastal with a well placed wall mirror; Strategically reflect light, add texture to a gallery wall, or utilize this piece in a small area to create the illusion of space",Creative Co-Op,out_of_stock,assets\products\bohemian\board-4192274\product-bohemian-square-boho-rattan-framed-wall-mirror-natural-04-01.jpg,https://havenly.com/products/details/Square-Boho-Rattan-Framed-Wall-Mirror-Natural-Creative-Co-Op-92947899,4192274
Solid Herringbone Throw Blanket,Other,bohemian,Bohemian|Transitional,$138,"67""L, 51""W",Lace,CARAMEL,"This versatile, super-soft throw is a charming accent that brings comfort and charm, wherever it's placed. Solid Herringbone Throw Blanket by Lands Downunder in Gold, Cotton/Acrylic at Anthropologie",Anthropologie,out_of_stock,assets\products\bohemian\board-4192274\product-bohemian-solid-herringbone-throw-blanket-01-01.jpg,https://havenly.com/products/details/Solid-Herringbone-Throw-Blanket-Anthropologie-69887945,4192274
"Amara AAA-1000 29""H x 14""W x 1""D Wall Hanging",Other,bohemian,Bohemian|Transitional,$75,"22"" x 14""","65% Jute, 25% Polyester, 10% Cotton","Aqua, Pale Pink, Mustard, White, Tan, Charcoal, Ice Blue, Lime","The Amara Collection features compelling global inspired designs brimming with elegance and grace! The perfect addition for any home, these pieces will add eclectic charm to any room! The meticulously woven construction of these pieces boasts durability and will provide natural charm into your decor space. Made in India. For optimal product care, wipe clean with a dry cloth. Manufacturers 30 Day Limited Warranty.",Surya,in_stock,assets\products\bohemian\board-4192274\product-bohemian-amara-aaa-1000-29-h-x-14-w-x-1-d-wall-hanging-02-01.jpg,https://havenly.com/products/details/Amara-AAA-1000-29-H-x-14-W-x-1-D-Wall-Hanging-Surya-70595397,4192274
Gia Pillow Cover,Other,bohemian,Bohemian|Transitional,$146,14x20,Linen/Cotton,Beige/Green,,McGee & Co.,in_stock,assets\products\bohemian\board-4192274\product-bohemian-gia-pillow-cover-03-01.jpg,https://havenly.com/products/details/Gia-Pillow-Cover-McGee-Co-107438565,4192274
"Textured Woven Knit Throw Blanket, 50 x 60"", Straw",Other,bohemian,Bohemian|Transitional,$99,"50 x 60"", S",Woven knit,neutral/straw,,Pottery Barn,unavailable,assets\products\bohemian\board-4192274\product-bohemian-textured-woven-knit-throw-blanket-50-x-60-straw-04-01.jpg,https://havenly.com/products/details/Textured-Woven-Knit-Throw-Blanket-50-x-60-Straw-Pottery-Barn-125178241,4192274
"Yellow 100% Organic Cotton Windowpane Plaid Curtain Panel 44""x63""",Other,bohemian,Bohemian|Transitional,"${'id': '47724111599', 'price': 54.95, '__typename': 'PriceModel'} (was $69.95)","44""Wx63""D",ORGANIC COTTON,Yellow,"Supersoft organic cotton curtains in a modern, small-scale take on the classic windowpane pattern are an easy style refresh for any nursery or kid's room. Yellow ties add a pop of playfulness. And the semi-sheer, kid-friendly fabric is conveniently machine washable.   • 100% organic cotton  • Semi-sheer fabric filters light beautifully  • Tie tabs for hanging  • Sold as single panel  • Machine wash cold; tumble dry  • Non-chlorine bleach when needed  • Made in India Yellow 100% Organic Cotton Wi",Crate & Kids,in_stock,assets\products\bohemian\board-4192274\product-bohemian-yellow-100-organic-cotton-windowpane-plaid-curtain-panel-44--05-01.jpg;assets\products\bohemian\board-4192274\product-bohemian-yellow-100-organic-cotton-windowpane-plaid-curtain-panel-44--05-02.jpg;assets\products\bohemian\board-4192274\product-bohemian-yellow-100-organic-cotton-windowpane-plaid-curtain-panel-44--05-03.jpg,https://havenly.com/products/groups/crate-kids-1017180-6333?vendorVariantId=126421791,4192274
Pothos Plant,Other,bohemian,Bohemian|Transitional,$38,"12-32""H, 7-14"" diameter",Live Plant,green,"This cascading beauty prefers to sit on a ledge or hang from the ceiling so its long, leafy tendrils can be fully appreciated. The pothos are low maintenance plants and can grow to be about six to ten feet long over time. They're also easily propagated when pruning; simply place a cut stem (with a node) in water and wait for it to root. Pothos Plant by Terrain, Size: 6"", Plastic at Anthropologie",Anthropologie,out_of_stock,assets\products\bohemian\board-4192274\product-bohemian-pothos-plant-06-01.jpg,https://havenly.com/products/details/Pothos-Plant-Anthropologie-135473566,4192274
Ines Bench,Furniture,bohemian,Modern|Bohemian|Coastal,$715,"60"" x 22"" x 18.25""","Wood, Fabric",Pebble,"Minimalist style meets mixed materials. Ines' simple wood frame is matched with a soft, upholstered cushion detailed with straps in Leather Palomino. Finding lightness in its elongated legs and streamlined design, Ines is a chic addition to any space.Designer tip: Ines looks beautiful and neutral fabrics, especially textured weaves.",Interior Define,in_stock,assets\products\bohemian\board-4206259\product-bohemian-ines-bench-01-01.jpg;assets\products\bohemian\board-4206259\product-bohemian-ines-bench-01-02.jpg;assets\products\bohemian\board-4206259\product-bohemian-ines-bench-01-03.jpg;assets\products\bohemian\board-4206259\product-bohemian-ines-bench-01-04.jpg;assets\products\bohemian\board-4206259\product-bohemian-ines-bench-01-05.jpg,https://havenly.com/products/details/Ines-Bench-Interior-Define-141180506,4206259
Modern 3 Shelf Open Arched Bookcase Cabinet - Black,Furniture,bohemian,Modern|Bohemian|Coastal,$486,"76"" H x 30"" L x 15"" W",Durable warp-resistant MDF and laminate,Black,"You’ve seen arched bookcases all over social media, and now you can bring home the trend without breaking the bank. This modern arched bookcase and cabinet offers practical storage and statement-making style, all in one beautiful piece. Three roomy shelves give you a place to showcase your favorite books and decor, while the lower closed storage allows you to conceal your less polished belongings. The oversized, curved door handles make a subtle statement that elevates the design, perfectly comp",Walker Edison,in_stock,assets\products\bohemian\board-4206259\product-bohemian-modern-3-shelf-open-arched-bookcase-cabinet-black-02-01.jpg,https://havenly.com/products/details/Modern-3-Shelf-Open-Arched-Bookcase-Cabinet-Black-Walker-Edison-141334309,4206259
"Warm White Linen Sheer Window Curtain Panel 48""x96""",Decor & Pillows,bohemian,Modern|Bohemian|Coastal,$59.95,48 x 96,LINEN,Ivory/Warm White,"Sheer ivory linen instantly lightens up any space. Airy curtain panel drapes beautifully alone or layers in lovely contrast with heavier panels. CB2 exclusive.  -100% linen -Curtain style: Rod pocket only -Do no dry clean -Includes 1 curtain panel -Made in India Warm White Linen Sheer Window Curtain Panel 48""x96""",CB2,in_stock,assets\products\bohemian\board-4206259\product-bohemian-warm-white-linen-sheer-window-curtain-panel-48-x96-01-01.jpg;assets\products\bohemian\board-4206259\product-bohemian-warm-white-linen-sheer-window-curtain-panel-48-x96-01-02.jpg;assets\products\bohemian\board-4206259\product-bohemian-warm-white-linen-sheer-window-curtain-panel-48-x96-01-03.jpg,https://havenly.com/products/details/Warm-White-Linen-Sheer-Window-Curtain-Panel-48-x96-CB2-90932334,4206259
Decorative Paulownia Wood Tray with Handles,Decor & Pillows,bohemian,Modern|Bohemian|Coastal,$48,"16.5"" W x 8"" D x 2.75"" H",Paulownia Wood,Natural,"Add a touch of natural beauty to any gathering space with this beautiful organic tray; Made from 100% paulownia wood; Tray measures 28"" L x 8"" W x 2"" H",Bloomingville,out_of_stock,assets\products\bohemian\board-4206259\product-bohemian-decorative-paulownia-wood-tray-with-handles-02-01.jpg;assets\products\bohemian\board-4206259\product-bohemian-decorative-paulownia-wood-tray-with-handles-02-02.jpg,https://havenly.com/products/details/Decorative-Paulownia-Wood-Tray-with-Handles-Bloomingville-116245604,4206259
"Found Decorative Clay Jar, Distressed Espresso Color (Each One Will Vary)",Decor & Pillows,bohemian,Modern|Bohemian|Coastal,$105,9.5x9.5x11.75,Clay,Black,This found clay jar features an organic silhouette in a distressed finish that may vary from brown to black; glaze may be matte or shiny,Creative Co-Op,out_of_stock,assets\products\bohemian\board-4206259\product-bohemian-found-decorative-clay-jar-distressed-espresso-color-each-one-03-01.jpg,https://havenly.com/products/details/Found-Decorative-Clay-Jar-Distressed-Espresso-Color-Each-One-Will-Vary-Creative-Co-Op-118131680,4206259
"The Citizenry Kasni Pillow | 22"" x 22"" | Stone",Decor & Pillows,bohemian,Modern|Bohemian|Coastal,"${'id': '47720693133', 'price': 95, '__typename': 'PriceModel'} (was $119)","22"" x 22""",100% Cotton,Stone,"Classics are rarely as cozy as this beautiful accent pillow, woven with alternating single or double stripes. Able to complement warm or cool tones with ease, this versatile pillow features a beautiful stone color that belongs in any space. Handcrafted by a group of master weavers in Kannur, India, each pillow is made in a fair trade environment. From start to finish, it takes about half a day to complete one pillow. This pillow comes ready to style. Cruelty-free down alternative insert included",The Citizenry,out_of_stock,assets\products\bohemian\board-4206259\product-bohemian-the-citizenry-kasni-pillow-22-x-22-stone-04-01.jpg;assets\products\bohemian\board-4206259\product-bohemian-the-citizenry-kasni-pillow-22-x-22-stone-04-02.jpg;assets\products\bohemian\board-4206259\product-bohemian-the-citizenry-kasni-pillow-22-x-22-stone-04-03.jpg,https://havenly.com/products/details/The-Citizenry-Kasni-Pillow-22-x-22-Stone-The-Citizenry-141878900,4206259
"Linen Curtain, Antique White Linen, 50"" x 96"", Blackout",Decor & Pillows,bohemian,Modern|Bohemian|Coastal,$189,"50"" x 96""","Fabric - 55% Linen, 45% Viscose.",Antique White,"All panels sold individually -- Our two-in-one construction with duo hanging options gives you the best of both worlds. Use the rod pocket for a soft, bunched look, and the back tabs for a tailored, pleated look Antique White Linen:  Composition: 55% Linen, 45% Viscose",The Inside,in_stock,assets\products\bohemian\board-4206259\product-bohemian-linen-curtain-antique-white-linen-50-x-96-blackout-05-01.jpg;assets\products\bohemian\board-4206259\product-bohemian-linen-curtain-antique-white-linen-50-x-96-blackout-05-02.jpg;assets\products\bohemian\board-4206259\product-bohemian-linen-curtain-antique-white-linen-50-x-96-blackout-05-03.jpg,https://havenly.com/products/details/Linen-Curtain-Antique-White-Linen-50-x-96-Blackout-The-Inside-143328679,4206259
The Citizenry Dhara Leather Lumbar Pillow | Small | Ivory,Decor & Pillows,bohemian,Modern|Bohemian|Coastal,"${'id': '47722086908', 'price': 119, '__typename': 'PriceModel'} (was $159)","12""H x 20""W",Front: Ethically-sourced Leather from Kolkata. Back: 100% Linen,Ivory,"Woven from vegetable-tanned leather from Kolkata, this small lumbar pillow instantly elevates the look of any pillow combination with its warm tan hue and luxe texture. With its dimension and detail, it makes for a special accent on any couch or corner nook. Made from ethically-sourced leather from Kolkata, each pillow is handcrafted in a leather workshop in Gurgaon. From start-to-finish, each pillow takes 1 day to complete, all made in a fair trade environment. Note: Since this is a natural pro",The Citizenry,out_of_stock,assets\products\bohemian\board-4206259\product-bohemian-the-citizenry-dhara-leather-lumbar-pillow-small-ivory-06-01.jpg;assets\products\bohemian\board-4206259\product-bohemian-the-citizenry-dhara-leather-lumbar-pillow-small-ivory-06-02.jpg;assets\products\bohemian\board-4206259\product-bohemian-the-citizenry-dhara-leather-lumbar-pillow-small-ivory-06-03.jpg;assets\products\bohemian\board-4206259\product-bohemian-the-citizenry-dhara-leather-lumbar-pillow-small-ivory-06-04.jpg;assets\products\bohemian\board-4206259\product-bohemian-the-citizenry-dhara-leather-lumbar-pillow-small-ivory-06-05.jpg,https://havenly.com/products/details/The-Citizenry-Dhara-Leather-Lumbar-Pillow-Small-Ivory-The-Citizenry-151105965,4206259
"Matte Black 1"" Double Curtain Rod and End Cap Finials Set 88""-120""",Decor & Pillows,bohemian,Modern|Bohemian|Coastal,$169,88''-120'',Metal,Black,"Our two-tier curtain rod set hangs both panels and sheers for a layered look, adjusting easily to your preferred levels of light and privacy. This exclusive set includes two telescoping rods finished with sleek cylindrical end caps, elegantly angular double brackets and mounting hardware, all in striking matte black. Complete your modern window with any of our matte black curtain rings and tiebacks.     Iron and zinc alloy with matte black finish  20-lb. weight limit for 48""–88"" set; 40-lb. weig",Crate and Barrel,out_of_stock,assets\products\bohemian\board-4206259\product-bohemian-matte-black-1-double-curtain-rod-and-end-cap-finials-set-88--07-01.jpg;assets\products\bohemian\board-4206259\product-bohemian-matte-black-1-double-curtain-rod-and-end-cap-finials-set-88--07-02.jpg;assets\products\bohemian\board-4206259\product-bohemian-matte-black-1-double-curtain-rod-and-end-cap-finials-set-88--07-03.jpg;assets\products\bohemian\board-4206259\product-bohemian-matte-black-1-double-curtain-rod-and-end-cap-finials-set-88--07-04.jpg,https://havenly.com/products/details/Matte-Black-1-Double-Curtain-Rod-and-End-Cap-Finials-Set-88-120-Crate-and-Barrel-62006385,4206259
"Matte Black 1"" Curtain Rod and End Cap Finials Set 48""-88""",Decor & Pillows,bohemian,Modern|Bohemian|Coastal,$109,"48""-88""",Iron and zinc alloy,Black,"Show your curtains off to their best effect with this modern, understated set in on-trend matte black. A slender telescoping rod is held in elegantly angular brackets and finished at each end with sleek cylindrical end caps. This set includes a telescoping rod, two brackets and mounting hardware. Add our matte black curtain rings and tiebacks for a modern, finished look.     Iron and zinc alloy with matte black finish  20-lb. weight limit for 28""–48"" and 48""–88"" sets; 40-lb. weight limit for 88""",Crate and Barrel,out_of_stock,assets\products\bohemian\board-4206259\product-bohemian-matte-black-1-curtain-rod-and-end-cap-finials-set-48-88-08-01.jpg;assets\products\bohemian\board-4206259\product-bohemian-matte-black-1-curtain-rod-and-end-cap-finials-set-48-88-08-02.jpg;assets\products\bohemian\board-4206259\product-bohemian-matte-black-1-curtain-rod-and-end-cap-finials-set-48-88-08-03.jpg,https://havenly.com/products/details/Matte-Black-1-Curtain-Rod-and-End-Cap-Finials-Set-48-88-Crate-and-Barrel-62006257,4206259
Grass Plume Feather Arrangement in Poe Volcanic Glaze Vase,Decor & Pillows,bohemian,Modern|Bohemian|Coastal,"${'id': '47665744116', 'price': 123.85, '__typename': 'PriceModel'} (was $266.8)","Vase Width: 13.78""  Height: 16.73"" Botanical Width: 16""  Depth: 2""  Height: 48""","stone, pampas grass",White,"This simple combination of a vase filled with dried grass yields major impact thanks to fascinating texture and perfect proportions. The subtle color variations and feathery texture of dried pampas grass stalks find perfect expression in our Poe vase, broad-shouldered and finished with a reactive white glaze for a profusion of speckles unique to each piece. An easy way to refresh a console or entryway table, the ready-to-go arrangement is a Crate & Barrel exclusive.     Hand-glazed stoneware vas",Crate and Barrel,out_of_stock,assets\products\bohemian\board-4206259\product-bohemian-grass-plume-feather-arrangement-in-poe-volcanic-glaze-vase-09-01.jpg;assets\products\bohemian\board-4206259\product-bohemian-grass-plume-feather-arrangement-in-poe-volcanic-glaze-vase-09-02.jpg;assets\products\bohemian\board-4206259\product-bohemian-grass-plume-feather-arrangement-in-poe-volcanic-glaze-vase-09-03.jpg;assets\products\bohemian\board-4206259\product-bohemian-grass-plume-feather-arrangement-in-poe-volcanic-glaze-vase-09-04.jpg;assets\products\bohemian\board-4206259\product-bohemian-grass-plume-feather-arrangement-in-poe-volcanic-glaze-vase-09-05.jpg,https://havenly.com/products/details/Grass-Plume-Feather-Arrangement-in-Poe-Volcanic-Glaze-Vase-Crate-and-Barrel-126843935,4206259
Koi Wall Hanging,Decor & Pillows,bohemian,Modern|Bohemian|Coastal,"${'id': '47689934762', 'price': 229.95, '__typename': 'PriceModel'} (was $298)","42"" diameter",.,Yellow,"Handcrafted from rattan, this wall hanging adds a burst of artistry to your walls. Koi Wall Hanging by Anthropologie in Beige",Anthropologie,out_of_stock,assets\products\bohemian\board-4206259\product-bohemian-koi-wall-hanging-10-01.jpg,https://havenly.com/products/details/Koi-Wall-Hanging-Anthropologie-85992257,4206259
"Hathaway HTH-03 Java / Multi 9'-0"" x 12'-0""",Rugs,bohemian,Modern|Bohemian|Coastal,$578,"9'-0"" x 12'-0""","100% Polyester Pile, Backing: Cotton Canvas",Java / Multi,"Featuring soft motifs in a carefully curated color pallette, the Hathaway Collection captures the essence of one-of-a-kind rugs at an attractive price. Power-loomed of polyester in Turkey, each design is the perfect blend of vintage and modern for today's home.",Loloi Rugs,out_of_stock,assets\products\bohemian\board-4206259\product-bohemian-hathaway-hth-03-java-multi-9-0-x-12-0-01-01.jpg;assets\products\bohemian\board-4206259\product-bohemian-hathaway-hth-03-java-multi-9-0-x-12-0-01-02.jpg;assets\products\bohemian\board-4206259\product-bohemian-hathaway-hth-03-java-multi-9-0-x-12-0-01-03.jpg;assets\products\bohemian\board-4206259\product-bohemian-hathaway-hth-03-java-multi-9-0-x-12-0-01-04.jpg,https://havenly.com/products/details/Hathaway-HTH-03-Java-Multi-9-0-x-12-0-Loloi-Rugs-83581713,4206259
The Citizenry Stonewashed Linen Duvet Cover | King/Cal King | Duvet Only | Seaglass,Bedding & Bath,bohemian,Modern|Bohemian|Coastal,$379,King | Duvet Cover,Linen,Solid Sand,"Set the stage for an effortlessly cool bedroom. Breathable yet warm, this duvet cover is the perfect layer from summer to winter. Garment washed to give you an airy, soft, most perfectly worn feel ever (no, really). Available in luxe, earthy hues, this duvet cover is designed to mix and match with our bedding collection to create a look that’s inherently your own. Made using only the finest French flax and woven in the oldest, family-run linen mill in Portugal, each piece is Oeko-Tex® certified ",The Citizenry,in_stock,assets\products\bohemian\board-4206259\product-bohemian-the-citizenry-stonewashed-linen-duvet-cover-king-cal-king-du-01-01.jpg;assets\products\bohemian\board-4206259\product-bohemian-the-citizenry-stonewashed-linen-duvet-cover-king-cal-king-du-01-02.jpg;assets\products\bohemian\board-4206259\product-bohemian-the-citizenry-stonewashed-linen-duvet-cover-king-cal-king-du-01-03.jpg;assets\products\bohemian\board-4206259\product-bohemian-the-citizenry-stonewashed-linen-duvet-cover-king-cal-king-du-01-04.jpg;assets\products\bohemian\board-4206259\product-bohemian-the-citizenry-stonewashed-linen-duvet-cover-king-cal-king-du-01-05.jpg,https://havenly.com/products/details/The-Citizenry-Stonewashed-Linen-Duvet-Cover-King-Cal-King-Duvet-Only-Seaglass-The-Citizenry-141878919,4206259
The Pacific Art Print,Art & Mirrors,bohemian,Modern|Bohemian|Coastal,$850,50x44,floating canvas; Frame:walnut,Pacific Blue,"Edition Count: 350 Per Size, Per Colorway Canvas Size: 54"" X 40"" Depth: 1.625"" Frame Size: 55.125"" X 41.125"" Framed Weight: 13.2 Lbs Printing: Deluxe Pigment Ink on Canvas Color: Pacific Blue Frame: Walnut Finish",Minted,in_stock,assets\products\bohemian\board-4206259\product-bohemian-the-pacific-art-print-01-01.jpg;assets\products\bohemian\board-4206259\product-bohemian-the-pacific-art-print-01-02.jpg;assets\products\bohemian\board-4206259\product-bohemian-the-pacific-art-print-01-03.jpg;assets\products\bohemian\board-4206259\product-bohemian-the-pacific-art-print-01-04.jpg,https://havenly.com/products/details/The-Pacific-Art-Print-Minted-118983879,4206259
Above by Kelly Ventura for Artfully Walls,Art & Mirrors,bohemian,Modern|Bohemian|Coastal,$550,"49.5x37.5x1.25""","Fine Art Paper, Natural Smooth Veneer",,"320 GSM fine art paper, Archival inks, Museum quality Giclee prints",Artfully Walls,in_stock,assets\products\bohemian\board-4206259\product-bohemian-above-by-kelly-ventura-for-artfully-walls-02-01.jpg,https://havenly.com/products/details/Above-by-Kelly-Ventura-for-Artfully-Walls-Artfully-Walls-71670388,4206259
The Pacific Wall Art,Art & Mirrors,bohemian,Modern|Bohemian|Coastal,$629,30 x 40,Canvas / Natural Raw Wood Canvas Frame,Pacific Blue,"While traveling around Central America, I met someone who would refer to the ocean as ""the doctor"". After some time I came to understand what he meant. In this image I wanted to capture the feelings of deep peace and contentment that would wash over me after a day in the water.",Minted,in_stock,assets\products\bohemian\board-4206259\product-bohemian-the-pacific-wall-art-03-01.jpg,https://havenly.com/products/details/The-Pacific-Wall-Art-Minted-153213512,4206259
Above By Kelly Ventura,Art & Mirrors,bohemian,Modern|Bohemian|Coastal,$440,36x28,Standard UV plexiglass,"Fram: Natural Smooth Veneer, No Matte",An abstract view from above. Above twisting and plunging canyons and streams,Artfully Walls,in_stock,assets\products\bohemian\board-4206259\product-bohemian-above-by-kelly-ventura-04-01.jpg,https://havenly.com/products/details/Above-By-Kelly-Ventura-Artfully-Walls-153213513,4206259
"Found Decorative Clay Jar, Distressed Espresso Color (Each One Will Vary)",Other,bohemian,Modern|Bohemian|Coastal,$70.14,7.5x7.5x6.75,Clay,Black,This found clay jar features an organic silhouette in a distressed finish that may vary from brown to black; glaze may be matte or shiny,Creative Co-Op,out_of_stock,assets\products\bohemian\board-4206259\product-bohemian-found-decorative-clay-jar-distressed-espresso-color-each-one-01-01.jpg,https://havenly.com/products/details/Found-Decorative-Clay-Jar-Distressed-Espresso-Color-Each-One-Will-Vary-Creative-Co-Op-118131682,4206259
"Decorative Marble Chain, Variegated Blush Tones",Other,bohemian,Modern|Bohemian|Coastal,$30.71,13x4x2,100% Marble,Variegated Blush Tones,"Add a sculptural element to a mantel piece, console table, or bookshelf with this masterfully carved decorative accent; Genuine solid marble and seamlessly interlocking pieces make each chain one of a kind",Creative Co-Op,back_ordered,assets\products\bohemian\board-4206259\product-bohemian-decorative-marble-chain-variegated-blush-tones-02-01.jpg,https://havenly.com/products/details/Decorative-Marble-Chain-Variegated-Blush-Tones-Creative-Co-Op-124317997,4206259
"Lock Grip Rug Pad, 9' x 12', Rectangle",Other,bohemian,Modern|Bohemian|Coastal,$100,9' x 12',100% PVC,Cream,"Introducing our ""Lock Grip"" Rug Pad, a game changer for hard surface floor owners. This exceptional product is composed of PVC material, known for its durability and resilience. It's designed to keep your rugs securely in place while providing an extra layer of cushioning underfoot.  Not only does it protect your floors from wear and tear, but it also enhances the overall comfort and appearance of any room. So why wait? Secure your rugs in style with our Lock Grip Rug Pad today!",Surya,in_stock,assets\products\bohemian\board-4206259\product-bohemian-lock-grip-rug-pad-9-x-12-rectangle-03-01.jpg;assets\products\bohemian\board-4206259\product-bohemian-lock-grip-rug-pad-9-x-12-rectangle-03-02.jpg,https://havenly.com/products/groups/surya-13726-0-1029?vendorVariantId=8170694,4206259
"Drum Ottoman, Rust Classic Velvet",Furniture,bohemian,Modern|Bohemian|Transitional|Organic Modern,$354,"18""H x 18""W x 18""D","Construction - Solid pinewood, polyurethane, and polyester fill. Fabric - 100% Polyester.",Brown,"The Drum Ottoman--perfect in every way and even better as a pair. Fully upholstered and extra comfortable as an additional seat Rust Classic Velvet: A sublimely soft velvet that holds up to everyday life, our Classic Velvets are made of durable polyester designed to resist fading, crushing, and stains. Composition: 100% Polyester",The Inside,out_of_stock,assets\products\bohemian\board-4211866\product-bohemian-drum-ottoman-rust-classic-velvet-01-01.jpg;assets\products\bohemian\board-4211866\product-bohemian-drum-ottoman-rust-classic-velvet-01-02.jpg,https://havenly.com/products/details/Drum-Ottoman-Rust-Classic-Velvet-The-Inside-120824322,4211866
Patrizia Concrete Round Coffee Table,Furniture,bohemian,Modern|Bohemian|Transitional|Organic Modern,$799,"35.8""W x 35.8""D x 15.4""H",Concrete,Travertine,"The perfect piece for your indoor - or outdoor space! The Patrizia Concrete Round Coffee Table features a sturdy construction of concrete in a neutral travertine color. The high-quality materials and craftsmanship ensures this coffee table will be a cherished piece in your home for years to come. The large round table top allows plenty of space for your decor pieces, books, or drinks and stands beautiful on three unique legs.Product Dimensions: 35.8""W x 35.8""D x 15.4""HMade of concrete in a neutr",TOV FURNITURE,in_stock,assets\products\bohemian\board-4211866\product-bohemian-patrizia-concrete-round-coffee-table-02-01.jpg;assets\products\bohemian\board-4211866\product-bohemian-patrizia-concrete-round-coffee-table-02-02.jpg;assets\products\bohemian\board-4211866\product-bohemian-patrizia-concrete-round-coffee-table-02-03.jpg;assets\products\bohemian\board-4211866\product-bohemian-patrizia-concrete-round-coffee-table-02-04.jpg;assets\products\bohemian\board-4211866\product-bohemian-patrizia-concrete-round-coffee-table-02-05.jpg,https://havenly.com/products/details/Patrizia-Concrete-Round-Coffee-Table-TOV-FURNITURE-131736833,4211866
Sloan 4-Piece Corner Sectional Sofa with  Chaise,Furniture,bohemian,Modern|Bohemian|Transitional|Organic Modern,$6445,"146""W x 117""D x 35""H","Performance Plush Velvet, Down Alternative Fill, Metal","French, Blue, Gold","<p>Sloan strikes an ideal balance between sleek and soft. Take, for instance, the crisp lines of its track arm, which are offset by a subtle taper near the back. The Sloan corner custom sectional sofa's design reflects a modern influence, yet is approachable and livable. It's no wonder it feels right in a variety of decors, whether modern or more traditional.</p>   <p>Sloan's sit profile only adds to the universal appeal. With a medium height and depth, it's a sectional sofa that suits a range",Interior Define,in_stock,assets\products\bohemian\board-4211866\product-bohemian-sloan-4-piece-corner-sectional-sofa-with-chaise-03-01.jpg;assets\products\bohemian\board-4211866\product-bohemian-sloan-4-piece-corner-sectional-sofa-with-chaise-03-02.jpg;assets\products\bohemian\board-4211866\product-bohemian-sloan-4-piece-corner-sectional-sofa-with-chaise-03-03.jpg;assets\products\bohemian\board-4211866\product-bohemian-sloan-4-piece-corner-sectional-sofa-with-chaise-03-04.jpg;assets\products\bohemian\board-4211866\product-bohemian-sloan-4-piece-corner-sectional-sofa-with-chaise-03-05.jpg,https://havenly.com/products/details/Sloan-4-Piece-Corner-Sectional-Sofa-with-Chaise-Interior-Define-151445739,4211866
Tatum Modular 5-Seat Wedge Corner Sectional,Furniture,bohemian,Modern|Bohemian|Transitional|Organic Modern,$7860,"122.75""W x 122.75""D x 34""H, 37"" Regular Depth","Performance Vintage Velvet, Down Alternative Fill","Lagoon, blue, green","Thanks to its versatile, modular design, Tatum is customized to adapt to how you live - today and tomorrow. That means you can easily arrange (and rearrange) Tatum in as many configurations as you'd like with corner, armless, ottoman, and storage ottoman pieces. Tatum's soft-but-structured design comes in the form of slimmed-down arms and added cushion softness in the back and seat, so you can sit comfortably no matter the configuration. With just four pieces and endless configuration possibilit",Interior Define,in_stock,assets\products\bohemian\board-4211866\product-bohemian-tatum-modular-5-seat-wedge-corner-sectional-04-01.jpg;assets\products\bohemian\board-4211866\product-bohemian-tatum-modular-5-seat-wedge-corner-sectional-04-02.jpg;assets\products\bohemian\board-4211866\product-bohemian-tatum-modular-5-seat-wedge-corner-sectional-04-03.jpg;assets\products\bohemian\board-4211866\product-bohemian-tatum-modular-5-seat-wedge-corner-sectional-04-04.jpg;assets\products\bohemian\board-4211866\product-bohemian-tatum-modular-5-seat-wedge-corner-sectional-04-05.jpg,https://havenly.com/products/details/Tatum-Modular-5-Seat-Wedge-Corner-Sectional-Interior-Define-153178233,4211866
Tatum Modular Left Arm Sofa,Furniture,bohemian,Modern|Bohemian|Transitional|Organic Modern,$2690,"69""W x 37""D x 34""H","Performance Vintage Velvet, Down Alternative Fill","Lagoon,","Thanks to its versatile, modular design, Tatum is customized to adapt to how you live - today and tomorrow. That means you can easily arrange (and rearrange) Tatum in as many configurations as you'd like with corner, armless, ottoman, and storage ottoman pieces. Tatum's soft-but-structured design comes in the form of slimmed-down arms and added cushion softness in the back and seat, so you can sit comfortably no matter the configuration. With just four pieces and endless configuration possibilit",Interior Define,in_stock,assets\products\bohemian\board-4211866\product-bohemian-tatum-modular-left-arm-sofa-05-01.jpg;assets\products\bohemian\board-4211866\product-bohemian-tatum-modular-left-arm-sofa-05-02.jpg;assets\products\bohemian\board-4211866\product-bohemian-tatum-modular-left-arm-sofa-05-03.jpg;assets\products\bohemian\board-4211866\product-bohemian-tatum-modular-left-arm-sofa-05-04.jpg;assets\products\bohemian\board-4211866\product-bohemian-tatum-modular-left-arm-sofa-05-05.jpg,https://havenly.com/products/details/Tatum-Modular-Left-Arm-Sofa-Interior-Define-153178234,4211866
Tatum Modular Right Arm Sofa,Furniture,bohemian,Modern|Bohemian|Transitional|Organic Modern,$2790,"69""W x 37""D x 34""H","Performance Vintage Velvet, Down Alternative Fill","Lagoon, blue, green","Thanks to its versatile, modular design, Tatum is customized to adapt to how you live - today and tomorrow. That means you can easily arrange (and rearrange) Tatum in as many configurations as you'd like with corner, armless, ottoman, and storage ottoman pieces. Tatum's soft-but-structured design comes in the form of slimmed-down arms and added cushion softness in the back and seat, so you can sit comfortably no matter the configuration. With just four pieces and endless configuration possibilit",Interior Define,in_stock,assets\products\bohemian\board-4211866\product-bohemian-tatum-modular-right-arm-sofa-06-01.jpg;assets\products\bohemian\board-4211866\product-bohemian-tatum-modular-right-arm-sofa-06-02.jpg;assets\products\bohemian\board-4211866\product-bohemian-tatum-modular-right-arm-sofa-06-03.jpg;assets\products\bohemian\board-4211866\product-bohemian-tatum-modular-right-arm-sofa-06-04.jpg;assets\products\bohemian\board-4211866\product-bohemian-tatum-modular-right-arm-sofa-06-05.jpg,https://havenly.com/products/details/Tatum-Modular-Right-Arm-Sofa-Interior-Define-153178235,4211866
Tatum Modular Wedge Corner,Furniture,bohemian,Modern|Bohemian|Transitional|Organic Modern,$1745,"53.75""W x 53.75""D x 34""H","Performance Vintage Velvet, Down Alternative Fill",Lagoon,"Thanks to its versatile, modular design, Tatum is customized to adapt to how you live - today and tomorrow. That means you can easily arrange (and rearrange) Tatum in as many configurations as you'd like with corner, armless, ottoman, and storage ottoman pieces. Tatum's soft-but-structured design comes in the form of slimmed-down arms and added cushion softness in the back and seat, so you can sit comfortably no matter the configuration. With just four pieces and endless configuration possibilit",Interior Define,out_of_stock,assets\products\bohemian\board-4211866\product-bohemian-tatum-modular-wedge-corner-07-01.jpg;assets\products\bohemian\board-4211866\product-bohemian-tatum-modular-wedge-corner-07-02.jpg;assets\products\bohemian\board-4211866\product-bohemian-tatum-modular-wedge-corner-07-03.jpg;assets\products\bohemian\board-4211866\product-bohemian-tatum-modular-wedge-corner-07-04.jpg;assets\products\bohemian\board-4211866\product-bohemian-tatum-modular-wedge-corner-07-05.jpg,https://havenly.com/products/details/Tatum-Modular-Wedge-Corner-Interior-Define-153178236,4211866
Velvet Tanya Petite Accent Chair,Furniture,bohemian,Modern|Bohemian|Transitional|Organic Modern,"${'id': '47635016853', 'price': 399.95, '__typename': 'PriceModel'} (was $598)","26 x 30 x 30""","Cotton, Foam, Fiber, Wood",Orange,"Upholstered in plush velvet boasting vibrant designs, this chair is not just an accent piece but a statement in any room. For ordering assistance and more, please contact us For aesthetic advice and tips to help decorate your space, enjoy our complimentary home styling services Velvet Tanya Petite Accent Chair by Anthropologie in Orange, Cotton",Anthropologie,out_of_stock,assets\products\bohemian\board-4211866\product-bohemian-velvet-tanya-petite-accent-chair-08-01.jpg;assets\products\bohemian\board-4211866\product-bohemian-velvet-tanya-petite-accent-chair-08-02.jpg;assets\products\bohemian\board-4211866\product-bohemian-velvet-tanya-petite-accent-chair-08-03.jpg;assets\products\bohemian\board-4211866\product-bohemian-velvet-tanya-petite-accent-chair-08-04.jpg;assets\products\bohemian\board-4211866\product-bohemian-velvet-tanya-petite-accent-chair-08-05.jpg,https://havenly.com/products/details/Velvet-Tanya-Petite-Accent-Chair-Anthropologie-72839406,4211866
Clench Brass Side Table,Furniture,bohemian,Modern|Bohemian|Transitional|Organic Modern,$859.2,21 W X 23 H X 21 D,metal,gold,"The Warm Tones Of The Clench Side Table Are The Perfect Accent To Any Modern Space. With A Rich Antique Brass Cast Aluminum Framework Accented By Beige Travertine Shelves. Due To The Nature Of Natural Stone, Every Piece Will Vary Slightly Ensuring Yours Is Unique.",Uttermost,in_stock,assets\products\bohemian\board-4211866\product-bohemian-clench-brass-side-table-09-01.jpg;assets\products\bohemian\board-4211866\product-bohemian-clench-brass-side-table-09-02.jpg;assets\products\bohemian\board-4211866\product-bohemian-clench-brass-side-table-09-03.jpg;assets\products\bohemian\board-4211866\product-bohemian-clench-brass-side-table-09-04.jpg,https://havenly.com/products/details/Clench-Brass-Side-Table-Uttermost-81232021,4211866
Quantum Marble & Metal Side Table,Furniture,bohemian,Modern|Bohemian|Transitional|Organic Modern,$459,"20-1/2""Diam. x 20-1/2""H","Iron, MDF, Marble",Multi-Color,"This imitable bunching table is a sleek modern addition in the living room or bedroom. Featuring a cool white marble top, it is beautifully supported by antique brass finished iron in an interlocked hairpin leg base.",Butler Specialty Co.,in_stock,assets\products\bohemian\board-4211866\product-bohemian-quantum-marble-metal-side-table-10-01.jpg,https://havenly.com/products/details/Quantum-Marble-Metal-Side-Table-Butler-Specialty-Co-118125998,4211866
Tatum Modular Right Arm Sofa,Furniture,bohemian,Modern|Bohemian|Transitional|Organic Modern,$2890,"69""W x 37""D x 34""H","Performance Velvet, Down Alternative Fill","Royal, blue","Thanks to its versatile, modular design, Tatum is customized to adapt to how you live - today and tomorrow. That means you can easily arrange (and rearrange) Tatum in as many configurations as you'd like with corner, armless, ottoman, and storage ottoman pieces. Tatum's soft-but-structured design comes in the form of slimmed-down arms and added cushion softness in the back and seat, so you can sit comfortably no matter the configuration. With just four pieces and endless configuration possibilit",Interior Define,in_stock,assets\products\bohemian\board-4211866\product-bohemian-tatum-modular-right-arm-sofa-11-01.jpg;assets\products\bohemian\board-4211866\product-bohemian-tatum-modular-right-arm-sofa-11-02.jpg;assets\products\bohemian\board-4211866\product-bohemian-tatum-modular-right-arm-sofa-11-03.jpg;assets\products\bohemian\board-4211866\product-bohemian-tatum-modular-right-arm-sofa-11-04.jpg;assets\products\bohemian\board-4211866\product-bohemian-tatum-modular-right-arm-sofa-11-05.jpg,https://havenly.com/products/details/Tatum-Modular-Right-Arm-Sofa-Interior-Define-153178248,4211866
Tatum Modular Left Arm Sofa,Furniture,bohemian,Modern|Bohemian|Transitional|Organic Modern,$2890,"69""W x 37""D x 34""H","Performance Velvet, Down Alternative Fill","Royal, blue","Thanks to its versatile, modular design, Tatum is customized to adapt to how you live - today and tomorrow. That means you can easily arrange (and rearrange) Tatum in as many configurations as you'd like with corner, armless, ottoman, and storage ottoman pieces. Tatum's soft-but-structured design comes in the form of slimmed-down arms and added cushion softness in the back and seat, so you can sit comfortably no matter the configuration. With just four pieces and endless configuration possibilit",Interior Define,in_stock,assets\products\bohemian\board-4211866\product-bohemian-tatum-modular-left-arm-sofa-12-01.jpg;assets\products\bohemian\board-4211866\product-bohemian-tatum-modular-left-arm-sofa-12-02.jpg;assets\products\bohemian\board-4211866\product-bohemian-tatum-modular-left-arm-sofa-12-03.jpg;assets\products\bohemian\board-4211866\product-bohemian-tatum-modular-left-arm-sofa-12-04.jpg;assets\products\bohemian\board-4211866\product-bohemian-tatum-modular-left-arm-sofa-12-05.jpg,https://havenly.com/products/details/Tatum-Modular-Left-Arm-Sofa-Interior-Define-153178250,4211866
Tatum Modular Wedge Corner,Furniture,bohemian,Modern|Bohemian|Transitional|Organic Modern,$1950,"53.75""W x 53.75""D x 34""H","Performance Velvet, Down Alternative Fill","Royal, blue","Thanks to its versatile, modular design, Tatum is customized to adapt to how you live - today and tomorrow. That means you can easily arrange (and rearrange) Tatum in as many configurations as you'd like with corner, armless, ottoman, and storage ottoman pieces. Tatum's soft-but-structured design comes in the form of slimmed-down arms and added cushion softness in the back and seat, so you can sit comfortably no matter the configuration. With just four pieces and endless configuration possibilit",Interior Define,in_stock,assets\products\bohemian\board-4211866\product-bohemian-tatum-modular-wedge-corner-13-01.jpg;assets\products\bohemian\board-4211866\product-bohemian-tatum-modular-wedge-corner-13-02.jpg;assets\products\bohemian\board-4211866\product-bohemian-tatum-modular-wedge-corner-13-03.jpg;assets\products\bohemian\board-4211866\product-bohemian-tatum-modular-wedge-corner-13-04.jpg;assets\products\bohemian\board-4211866\product-bohemian-tatum-modular-wedge-corner-13-05.jpg,https://havenly.com/products/details/Tatum-Modular-Wedge-Corner-Interior-Define-153178251,4211866
"Cappa Adjustable 1"" Steel Single Curtain Rod Set in Gold 36""-66""",Decor & Pillows,bohemian,Modern|Bohemian|Transitional|Organic Modern,"${'id': '47701355961', 'price': 28.99, '__typename': 'PriceModel'} (was $28)","36"" - 66""",Steel,Gold,"Each Cappa curtain rod from Umbra is made of high-quality metal and individually checked for quality assurance. Sturdy and with a versatile design, Cappa supports a variety of window fashions including light to medium weight curtains with a max weight of 22lbs. (10kg). Plus, everything you need to get it set up fast comes in the box including matching metal finials, adjustable wall-mounted curtain rod brackets, screws, drywall anchors and easy-to-follow installation instructions. This adjustable",Wayfair,out_of_stock,assets\products\bohemian\board-4211866\product-bohemian-cappa-adjustable-1-steel-single-curtain-rod-set-in-gold-36-6-01-01.jpg;assets\products\bohemian\board-4211866\product-bohemian-cappa-adjustable-1-steel-single-curtain-rod-set-in-gold-36-6-01-02.jpg;assets\products\bohemian\board-4211866\product-bohemian-cappa-adjustable-1-steel-single-curtain-rod-set-in-gold-36-6-01-03.jpg,https://havenly.com/products/details/Cappa-Adjustable-1-Steel-Single-Curtain-Rod-Set-in-Gold-36-66-Wayfair-14513724,4211866
CAPPA 1 Rod 66-120,Decor & Pillows,bohemian,Modern|Bohemian|Transitional|Organic Modern,"${'id': '47701355576', 'price': 33, '__typename': 'PriceModel'} (was $33)",3'' H X 66-120'' W X 3'' D,Steel,Gold,"Each Cappa curtain rod from Umbra is made of high-quality metal and individually checked for quality assurance. Sturdy and with a versatile design, Cappa supports a variety of window fashions including light to medium weight curtains with a max weight of 22lbs. (10kg). Plus, everything you need to get it set up fast comes in the box including matching metal finials, adjustable wall-mounted curtain rod brackets, screws, drywall anchors and easy-to-follow installation instructions. This adjustable",Wayfair,out_of_stock,assets\products\bohemian\board-4211866\product-bohemian-cappa-1-rod-66-120-02-01.jpg;assets\products\bohemian\board-4211866\product-bohemian-cappa-1-rod-66-120-02-02.jpg;assets\products\bohemian\board-4211866\product-bohemian-cappa-1-rod-66-120-02-03.jpg;assets\products\bohemian\board-4211866\product-bohemian-cappa-1-rod-66-120-02-04.jpg;assets\products\bohemian\board-4211866\product-bohemian-cappa-1-rod-66-120-02-05.jpg,https://havenly.com/products/details/CAPPA-1-Rod-66-120-Wayfair-15861133,4211866
"Artificial Potted Fiddle Tree in Pot, 84""",Decor & Pillows,bohemian,Modern|Bohemian|Transitional|Organic Modern,"${'id': '47659654234', 'price': 269, '__typename': 'PriceModel'} (was $416.68)","84"" h x 40"" w x 40"" d",Silk /plastic base,"green, gray",Fill an empty space and make a statement with this potted green fiddle without worrying about keeping it fresh.,Wayfair,in_stock,assets\products\bohemian\board-4211866\product-bohemian-artificial-potted-fiddle-tree-in-pot-84-03-01.jpg,https://havenly.com/products/details/Artificial-Potted-Fiddle-Tree-in-Pot-84-Wayfair-17896944,4211866
"FAUX SILK VELVET // ALABASTER - 20"" X 20""",Decor & Pillows,bohemian,Modern|Bohemian|Transitional|Organic Modern,$133,"20"" X 20""",faux silk,alabaster,"Custom-made Faux Silk Velvet pillow cover in Alabaster. Same sided, invisible zipper, knife edge finish. Serged interior seams. All items are made to order, therefore we highly suggest purchasing samples first to ensure the fabric works in your space as colors may vary from how they appear on your screen. PLEASE NOTE : Due to their length, an exposed brass zipper will be used on the following sizes : 14"" X 30"", 14"" X 36"", 14"" X 48"", 20” X 26”, 20” X 30” AND 20” X 36”. Pillow insert not included.",Little Design Company,in_stock,assets\products\bohemian\board-4211866\product-bohemian-faux-silk-velvet-alabaster-20-x-20-04-01.jpg;assets\products\bohemian\board-4211866\product-bohemian-faux-silk-velvet-alabaster-20-x-20-04-02.jpg;assets\products\bohemian\board-4211866\product-bohemian-faux-silk-velvet-alabaster-20-x-20-04-03.jpg;assets\products\bohemian\board-4211866\product-bohemian-faux-silk-velvet-alabaster-20-x-20-04-04.jpg;assets\products\bohemian\board-4211866\product-bohemian-faux-silk-velvet-alabaster-20-x-20-04-05.jpg,https://havenly.com/products/details/FAUX-SILK-VELVET-ALABASTER-20-X-20-Little-Design-Company-19448870,4211866
"Organic Metal Floor Planter, 16""D x 17""H, Dark Brass",Decor & Pillows,bohemian,Modern|Bohemian|Transitional|Organic Modern,"${'id': '47634451296', 'price': 127.2, '__typename': 'PriceModel'} (was $159)","16""D x 17""H",aluminum,brass,,West Elm,unavailable,assets\products\bohemian\board-4211866\product-bohemian-organic-metal-floor-planter-16-d-x-17-h-dark-brass-05-01.jpg,https://havenly.com/products/details/Organic-Metal-Floor-Planter-16-D-x-17-H-Dark-Brass-West-Elm-131917323,4211866
"Worn Velvet Curtain with Blackout Lining, Frost Gray, 48""x96"", Set of 2",Decor & Pillows,bohemian,Modern|Bohemian|Transitional|Organic Modern,$338,"48""x96"",",velvet,gray/frost-gray,,West Elm,unavailable,assets\products\bohemian\board-4211866\product-bohemian-worn-velvet-curtain-with-blackout-lining-frost-gray-48-x96-s-06-01.jpg,https://havenly.com/products/details/Worn-Velvet-Curtain-with-Blackout-Lining-Frost-Gray-48-x96-Set-of-2-West-Elm-135808659,4211866
"BLOSSOM CUT VELVET // CHARTREUSE - 20"" X 20""",Decor & Pillows,bohemian,Modern|Bohemian|Transitional|Organic Modern,$123,"20"" X 20""",Velvet,Chartreuse,"Custom-made Blossom Cut Velvet pillow cover in Chartreuse. Same sided, invisible zipper, knife edge finish. Serged interior seams. All items are made to order, therefore we highly suggest purchasing samples first to ensure the fabric works in your space as colors may vary from how they appear on your screen. PLEASE NOTE : Due to their length, an exposed brass zipper will be used on the 14"" X 30"", 14"" X 36"" AND 14"" X 48"" lumbar sizes. Pillow insert not included. Pictured :: 22"" X 22"" cover with a",Little Design Company,out_of_stock,assets\products\bohemian\board-4211866\product-bohemian-blossom-cut-velvet-chartreuse-20-x-20-07-01.jpg;assets\products\bohemian\board-4211866\product-bohemian-blossom-cut-velvet-chartreuse-20-x-20-07-02.jpg;assets\products\bohemian\board-4211866\product-bohemian-blossom-cut-velvet-chartreuse-20-x-20-07-03.jpg;assets\products\bohemian\board-4211866\product-bohemian-blossom-cut-velvet-chartreuse-20-x-20-07-04.jpg,https://havenly.com/products/details/BLOSSOM-CUT-VELVET-CHARTREUSE-20-X-20-Little-Design-Company-132029400,4211866
The Citizenry Nehal Handwoven Area Rug | 10' x 14' | Tan,Rugs,bohemian,Modern|Bohemian|Transitional|Organic Modern,"${'id': '47714317930', 'price': 1447, '__typename': 'PriceModel'} (was $1929)",10' x 14',"100% Wool with a slightly rougher handfeel, similar to Jute",Tan,"Elegant meets understated. A seamless match for a neutral, traditional home, this area rug features a stunning medallion pattern at its heart. Accented with a larger border, each piece blends shades of sand, taupe, and ecru for a natural charm that will last for years to come. Handwoven by a collective of weavers in Panipat, one of India's historic hubs for rug making, each one takes days to complete. Every rug is Oeko-Tex® certified and made sustainably in a fair trade environment. We recommend",The Citizenry,out_of_stock,assets\products\bohemian\board-4211866\product-bohemian-the-citizenry-nehal-handwoven-area-rug-10-x-14-tan-01-01.jpg;assets\products\bohemian\board-4211866\product-bohemian-the-citizenry-nehal-handwoven-area-rug-10-x-14-tan-01-02.jpg;assets\products\bohemian\board-4211866\product-bohemian-the-citizenry-nehal-handwoven-area-rug-10-x-14-tan-01-03.jpg;assets\products\bohemian\board-4211866\product-bohemian-the-citizenry-nehal-handwoven-area-rug-10-x-14-tan-01-04.jpg;assets\products\bohemian\board-4211866\product-bohemian-the-citizenry-nehal-handwoven-area-rug-10-x-14-tan-01-05.jpg,https://havenly.com/products/details/The-Citizenry-Nehal-Handwoven-Area-Rug-10-x-14-Tan-The-Citizenry-126903431,4211866
"Ronda  Plated 64""H x 20""W x 20""D Accent Floor Lamp",Lighting,bohemian,Modern|Bohemian|Transitional|Organic Modern,$275,"64""H x 20""W x 20""D",Rattan; Rattan; Iron,brass,"Introducing the Ronda Accent Floor Lamp, a delightful blend of Arts & Crafts Traditional style. This tall, 64 inches, statement piece is made entirely from metal, offering a sturdy and reliable addition to your interior d?cor. The highlight of this lamp is its captivating rattan shade which diffuses light beautifully to create an inviting atmosphere in any room. Caring for this elegant floor lamp is simple - just wipe clean with a dry cloth to keep it looking new and avoid using harsh cleaners w",Surya,in_stock,assets\products\bohemian\board-4211866\product-bohemian-ronda-plated-64-h-x-20-w-x-20-d-accent-floor-lamp-01-01.jpg;assets\products\bohemian\board-4211866\product-bohemian-ronda-plated-64-h-x-20-w-x-20-d-accent-floor-lamp-01-02.jpg,https://havenly.com/products/details/Ronda-Plated-64-H-x-20-W-x-20-D-Accent-Floor-Lamp-Surya-144470937,4211866
"Floating Frame Wall Mirror, Gold, 22""Wx34""H",Art & Mirrors,bohemian,Modern|Bohemian|Transitional|Organic Modern,$349,"22""w x 1""d x 34""h.","glass, metal",gold,,West Elm,unavailable,assets\products\bohemian\board-4211866\product-bohemian-floating-frame-wall-mirror-gold-22-wx34-h-01-01.jpg;assets\products\bohemian\board-4211866\product-bohemian-floating-frame-wall-mirror-gold-22-wx34-h-01-02.jpg;assets\products\bohemian\board-4211866\product-bohemian-floating-frame-wall-mirror-gold-22-wx34-h-01-03.jpg;assets\products\bohemian\board-4211866\product-bohemian-floating-frame-wall-mirror-gold-22-wx34-h-01-04.jpg,https://havenly.com/products/details/Floating-Frame-Wall-Mirror-Gold-22-Wx34-H-West-Elm-72848539,4211866
Our Hands Are Open No. 18 By Tyler Guinn,Art & Mirrors,bohemian,Modern|Bohemian|Transitional|Organic Modern,$2299,60.0 x 2.0 x 48.0,"Vertical Oak Floater, Matte Canvas","Vertical Grain Floater White Oak, Canvas","Based in Austin, Texas, abstract-expressionist painter Tyler Guinn looks to texture and organic sensibility to shape his wide variety of works, from geometric pieces and flowing landscapes to mark making and automatic writing. If not currently in stock, this texture-enhanced piece ships within three weeks. Handmade in Austin, Texas.",Four Hands,in_stock,assets\products\bohemian\board-4211866\product-bohemian-our-hands-are-open-no-18-by-tyler-guinn-02-01.jpg;assets\products\bohemian\board-4211866\product-bohemian-our-hands-are-open-no-18-by-tyler-guinn-02-02.jpg;assets\products\bohemian\board-4211866\product-bohemian-our-hands-are-open-no-18-by-tyler-guinn-02-03.jpg;assets\products\bohemian\board-4211866\product-bohemian-our-hands-are-open-no-18-by-tyler-guinn-02-04.jpg;assets\products\bohemian\board-4211866\product-bohemian-our-hands-are-open-no-18-by-tyler-guinn-02-05.jpg,https://havenly.com/products/groups/four-hands-242551-129649?vendorVariantId=132426961,4211866
"""Neutral Modern Moment"" Framed Hand-Painted Raw Canvas Wall Art 49""x81""",Art & Mirrors,bohemian,Modern|Bohemian|Transitional|Organic Modern,"${'id': '47703782439', 'price': 699.97, '__typename': 'PriceModel'} (was $1299)","49""Wx2.25""Dx81""H",canvas,Grey,"Color fields go neutral and tranquil in this serene work of art. Handpainted on raw canvas, Neutral Modern Moment 5 layers relaxed, painterly blocks of tonal taupe over white leaving a slightly slanted stripe visible. The bare border of the canvas shows off the fabric's fibers. Framed in a natural wood floater frame, the artwork hangs vertically or horizontally to suit your space. Made exclusively for Crate and Barrel, each modern, monochromatic painting is unique and subtle variations are expec",Crate and Barrel,out_of_stock,assets\products\bohemian\board-4211866\product-bohemian-neutral-modern-moment-framed-hand-painted-raw-canvas-wall-ar-03-01.jpg;assets\products\bohemian\board-4211866\product-bohemian-neutral-modern-moment-framed-hand-painted-raw-canvas-wall-ar-03-02.jpg;assets\products\bohemian\board-4211866\product-bohemian-neutral-modern-moment-framed-hand-painted-raw-canvas-wall-ar-03-03.jpg,https://havenly.com/products/details/Neutral-Modern-Moment-Framed-Hand-Painted-Raw-Canvas-Wall-Art-49-x81-Crate-and-Barrel-87262448,4211866
Palma Reclaimed Wood Sculptural Coffee Table,Other,bohemian,Modern|Bohemian|Transitional|Organic Modern,"${'id': '47707537818', 'price': 999.95, '__typename': 'PriceModel'} (was $1598)","17""H, 48""W, 30""D",wood,Neutral,"Invite artistic appeal with this U-shaped coffee table by Taracea. Crafted of natural reclaimed oak, it holds books, lamps, and other treasures from your home with sculptural flair. For ordering assistance and more, please contact us For aesthetic advice and tips to help decorate your space, enjoy our complimentary home styling services For more information on the materials and techniques of this piece, click here Palma Reclaimed Wood Sculptural Coffee Table by Anthropologie in Beige, Size: 48""",Anthropologie,out_of_stock,assets\products\bohemian\board-4211866\product-bohemian-palma-reclaimed-wood-sculptural-coffee-table-01-01.jpg;assets\products\bohemian\board-4211866\product-bohemian-palma-reclaimed-wood-sculptural-coffee-table-01-02.jpg;assets\products\bohemian\board-4211866\product-bohemian-palma-reclaimed-wood-sculptural-coffee-table-01-03.jpg,https://havenly.com/products/details/Palma-Reclaimed-Wood-Sculptural-Coffee-Table-Anthropologie-125948483,4211866
"Calda Chantilly 70""x55"" Warm Sand Beige Throw Blanket",Other,bohemian,Modern|Bohemian|Transitional|Organic Modern,"${'id': '47723782409', 'price': 69.96, '__typename': 'PriceModel'} (was $99.95)","55""x70""",RECYCLED POLYESTER,Natural,"Subtly heathered and ultra soft, our Calda throw drapes you—or your sofa, armchair or bed—in luxury. The blanket offers supreme coziness with an elevated look. Finely knit with recycled fibers in creamy brown, this throw blanket has the sumptuous weight and drape that we love.     70% recycled polyester, 27% rayon, 1% spandex and 2% other fiber  Machine wash cold, dry flat; cool iron as needed  Do not bleach, tumble dry or dry clean  Imported Calda Chantilly 70""x55"" Warm Sand Beige Throw Blanket",Crate and Barrel,in_stock,assets\products\bohemian\board-4211866\product-bohemian-calda-chantilly-70-x55-warm-sand-beige-throw-blanket-02-01.jpg,https://havenly.com/products/details/Calda-Chantilly-70-x55-Warm-Sand-Beige-Throw-Blanket-Crate-and-Barrel-126750523,4211866
The Citizenry Prini Leather Log Holder | Natural,Other,bohemian,Modern|Bohemian|Transitional|Organic Modern,"${'id': '47722087154', 'price': 240, '__typename': 'PriceModel'} (was $369)","16"" W x 18"" D x 18"" H",Ethically-sourced leather from Kolkata with ash wood handles,Natural,"Smooth, ethically-sourced leather is wrapped around a wooden dowel to create the sculptural form of this elegant log holder. A must-have for any modern fireplace, each piece is able to support up to 50 pounds of wood, so you’re never running low on mood lighting. Made from ethically-sourced leather from Kolkata, each piece is handcrafted in a leather workshop in Gurgaon. As a natural product, every piece will have unique variations or markings that make it one of a kind. Made start-to-finish in ",The Citizenry,out_of_stock,assets\products\bohemian\board-4211866\product-bohemian-the-citizenry-prini-leather-log-holder-natural-03-01.jpg;assets\products\bohemian\board-4211866\product-bohemian-the-citizenry-prini-leather-log-holder-natural-03-02.jpg;assets\products\bohemian\board-4211866\product-bohemian-the-citizenry-prini-leather-log-holder-natural-03-03.jpg;assets\products\bohemian\board-4211866\product-bohemian-the-citizenry-prini-leather-log-holder-natural-03-04.jpg;assets\products\bohemian\board-4211866\product-bohemian-the-citizenry-prini-leather-log-holder-natural-03-05.jpg,https://havenly.com/products/details/The-Citizenry-Prini-Leather-Log-Holder-Natural-The-Citizenry-149769586,4211866
"Terrill 27"" Brass Table Lamp",Other,bohemian,Modern|Bohemian|Transitional|Organic Modern,"${'id': '47701355975', 'price': 81.99, '__typename': 'PriceModel'} (was $81.99)",27'' H x 15'' W x 15'' D,Metal,Gold,,Wayfair,in_stock,assets\products\bohemian\board-4211866\product-bohemian-terrill-27-brass-table-lamp-04-01.jpg,https://havenly.com/products/details/Terrill-27-Brass-Table-Lamp-Wayfair-108355091,4211866
"THE LITTLE LUMBAR :: CLASSIC LINEN // CHARTREUSE + NAVY GREEK TRIM - LITTLE LUMBAR 12"" X 18""",Other,bohemian,Modern|Bohemian|Transitional|Organic Modern,$88,"LITTLE LUMBAR 12"" X 18""",Linen,Chartreuse,"Custom-made 12"" X 18"" lumbar pillow cover in Classic Linen // Chartreuse with a wide center panel in a beautiful Navy greek cut velvet trim. Meticulously handcrafted with serged interior seams, invisible zipper, and knife edge finish. Can be styled with or without a pillow chop. All items are made to order, therefore we highly suggest purchasing samples first to ensure the fabric works in your space as colors may vary from how they appear on your screen. Pillow insert not included.  Pictured :: ",Little Design Company,in_stock,assets\products\bohemian\board-4211866\product-bohemian-the-little-lumbar-classic-linen-chartreuse-navy-greek-trim-l-05-01.jpg;assets\products\bohemian\board-4211866\product-bohemian-the-little-lumbar-classic-linen-chartreuse-navy-greek-trim-l-05-02.jpg;assets\products\bohemian\board-4211866\product-bohemian-the-little-lumbar-classic-linen-chartreuse-navy-greek-trim-l-05-03.jpg,https://havenly.com/products/details/THE-LITTLE-LUMBAR-CLASSIC-LINEN-CHARTREUSE-NAVY-GREEK-TRIM-LITTLE-LUMBAR-12-X-18-Little-Design-Company-134093436,4211866
Baize End Table - Black - Safavieh,Furniture,bohemian,Modern|Bohemian|Midcentury Modern,$99.36,"18.9"" x 18.9"" x 17.7""","Metal, Resin",Black,"The newly opened boutique hotel on Greece's most popular island inspired this contemporary end table. Its smooth black faux marble top brings classic style to its modern geometric frame. Ideal in any living room, designers love to use them in pairs.",Safavieh,in_stock,assets\products\bohemian\board-4236536\product-bohemian-baize-end-table-black-safavieh-01-01.jpg;assets\products\bohemian\board-4236536\product-bohemian-baize-end-table-black-safavieh-01-02.jpg;assets\products\bohemian\board-4236536\product-bohemian-baize-end-table-black-safavieh-01-03.jpg;assets\products\bohemian\board-4236536\product-bohemian-baize-end-table-black-safavieh-01-04.jpg,https://havenly.com/products/details/Baize-End-Table-Black-Safavieh-Safavieh-69779686,4236536
Gemina Rectangle Cocktail Table - no longer available,Furniture,bohemian,Modern|Bohemian|Midcentury Modern,$650,"52""w x 30""d x 17""h","Quartered Figured Primavera Veneer In Sunburst Pattern, Base: Poplar Solids","Palomino, Base: Pewter Wood Finish",,Rowe Furniture,out_of_stock,assets\products\bohemian\board-4236536\product-bohemian-gemina-rectangle-cocktail-table-no-longer-available-02-01.jpg;assets\products\bohemian\board-4236536\product-bohemian-gemina-rectangle-cocktail-table-no-longer-available-02-02.jpg;assets\products\bohemian\board-4236536\product-bohemian-gemina-rectangle-cocktail-table-no-longer-available-02-03.jpg;assets\products\bohemian\board-4236536\product-bohemian-gemina-rectangle-cocktail-table-no-longer-available-02-04.jpg,https://havenly.com/products/details/Gemina-Rectangle-Cocktail-Table-no-longer-available-Rowe-Furniture-104538173,4236536
Zora Gold Powder Side Table,Furniture,bohemian,Modern|Bohemian|Midcentury Modern,$269,"12""Diam. x 19.25""H",Aluminium,Bronze,"Smooth rounded curves seemingly emanate from the base of this round side Table. Coupled with a matte gold finish, it is graceful in appearance with a subtle artistic flair.",Butler Specialty Co.,in_stock,assets\products\bohemian\board-4236536\product-bohemian-zora-gold-powder-side-table-03-01.jpg;assets\products\bohemian\board-4236536\product-bohemian-zora-gold-powder-side-table-03-02.jpg;assets\products\bohemian\board-4236536\product-bohemian-zora-gold-powder-side-table-03-03.jpg;assets\products\bohemian\board-4236536\product-bohemian-zora-gold-powder-side-table-03-04.jpg,https://havenly.com/products/details/Zora-Gold-Powder-Side-Table-Butler-Specialty-Co-118126687,4236536
Lukas 3-Seat Sofa,Furniture,bohemian,Modern|Bohemian|Midcentury Modern,$2795,"104""",Mod Velvet,Moss,"Our take on the to-the-floor sofa, Lukas balances clean lines with softer details. Case in point, sleek shelter arms wrap around loose, exaggerated cushions to create structure and softness. An ultra-thin platform and hidden legs keep Lukas looking streamlined and cool, while an extra-deep seat and plush cushions invite you to (really) sink in.",Interior Define,in_stock,assets\products\bohemian\board-4236536\product-bohemian-lukas-3-seat-sofa-04-01.jpg;assets\products\bohemian\board-4236536\product-bohemian-lukas-3-seat-sofa-04-02.jpg;assets\products\bohemian\board-4236536\product-bohemian-lukas-3-seat-sofa-04-03.jpg;assets\products\bohemian\board-4236536\product-bohemian-lukas-3-seat-sofa-04-04.jpg;assets\products\bohemian\board-4236536\product-bohemian-lukas-3-seat-sofa-04-05.jpg,https://havenly.com/products/details/Lukas-3-Seat-Sofa-Interior-Define-145491350,4236536
Blake Accent Chair,Furniture,bohemian,Modern|Bohemian|Midcentury Modern,$1355,"32.75""W x 34""D x 29""H",Performance Velvet,Ebony,"Soft modernity meets classic mid-century details in the Blake accent chair. Featuring a curved walnut wood frame, brass-capped legs, and a sloped arm, the Blake makes for an eye-catching statement piece in any space.Contract&nbsp;grade.",Interior Define,in_stock,assets\products\bohemian\board-4236536\product-bohemian-blake-accent-chair-05-01.jpg;assets\products\bohemian\board-4236536\product-bohemian-blake-accent-chair-05-02.jpg;assets\products\bohemian\board-4236536\product-bohemian-blake-accent-chair-05-03.jpg;assets\products\bohemian\board-4236536\product-bohemian-blake-accent-chair-05-04.jpg;assets\products\bohemian\board-4236536\product-bohemian-blake-accent-chair-05-05.jpg,https://havenly.com/products/details/Blake-Accent-Chair-Interior-Define-150764248,4236536
Asta Ottoman Beige,Furniture,bohemian,Modern|Bohemian|Midcentury Modern,$449,20.5 X 17.0 X 17.75,"Upholstery: 100% Polyester, Solid Walnut Legs",Brown,"100% polyester upholstery with solid walnut legs, Removable foam-filled cushion, No assembly required, Luxuriously laid-back, Asta rests on solid walnut legs with a spacious seat padded with removable, foam-filled cushions upholstered in soft fabric.",Moes Home Collection,out_of_stock,assets\products\bohemian\board-4236536\product-bohemian-asta-ottoman-beige-06-01.jpg;assets\products\bohemian\board-4236536\product-bohemian-asta-ottoman-beige-06-02.jpg;assets\products\bohemian\board-4236536\product-bohemian-asta-ottoman-beige-06-03.jpg;assets\products\bohemian\board-4236536\product-bohemian-asta-ottoman-beige-06-04.jpg;assets\products\bohemian\board-4236536\product-bohemian-asta-ottoman-beige-06-05.jpg,https://havenly.com/products/details/Asta-Ottoman-Beige-Moes-Home-Collection-131941596,4236536
PJS0008 Natural 13'' x 21'' Cover w/Poly,Decor & Pillows,bohemian,Modern|Bohemian|Midcentury Modern,$44,13'' x 21'' Cover w/Poly,100% Cotton,Natural,The Thomas throw pillow features intricate geometric embroidery that draws the eye toward this plush lumbar cushion. Designed by Jean Stoffer x Loloi.,Loloi Rugs,out_of_stock,assets\products\bohemian\board-4236536\product-bohemian-pjs0008-natural-13-x-21-cover-w-poly-01-01.jpg,https://havenly.com/products/details/PJS0008-Natural-13-x-21-Cover-w-Poly-Loloi-Rugs-130729225,4236536
"Layla Rug - Red / Navy 9'-0"" x 12'-0""",Rugs,bohemian,Modern|Bohemian|Midcentury Modern,$570,"9'-0"" x 12'-0""","100% Polyester Pile, Backing: Canvas",Red / Navy,"The Layla Collection is traditional and timeless, with a beautiful lived-in design that captures the spirit of an old-world rug. This traditional power-loomed rug is crafted in China of 100% polyester with a classic and sophisticated color palette and subtle patina.",Loloi Rugs,out_of_stock,assets\products\bohemian\board-4236536\product-bohemian-layla-rug-red-navy-9-0-x-12-0-01-01.jpg;assets\products\bohemian\board-4236536\product-bohemian-layla-rug-red-navy-9-0-x-12-0-01-02.jpg;assets\products\bohemian\board-4236536\product-bohemian-layla-rug-red-navy-9-0-x-12-0-01-03.jpg;assets\products\bohemian\board-4236536\product-bohemian-layla-rug-red-navy-9-0-x-12-0-01-04.jpg;assets\products\bohemian\board-4236536\product-bohemian-layla-rug-red-navy-9-0-x-12-0-01-05.jpg,https://havenly.com/products/details/Layla-Rug-Red-Navy-9-0-x-12-0-Loloi-Rugs-83580744,4236536
Henning Wood and Leather Accent Chair,Other,bohemian,Modern|Bohemian|Midcentury Modern,$1899,"26""Wx36.25""Dx33.25""H",Leather,"Chester, Sandstone","Understated Danish style meets expressive Brazilian design in our Henning accent chair. Expert woodworking of the solid oak frame is on full display in the tapered legs, intersecting details and upholstery slots. Masterful tailoring complements the handcrafted appeal with sling supports and semi-attached cushions rich with cross-hatch pintucks that enhance the elegant rusticity of the leather. Pillowy cushioning that drapes across the frame and a reclined pitch make Henning a delightful place to",Crate and Barrel,in_stock,assets\products\bohemian\board-4236536\product-bohemian-henning-wood-and-leather-accent-chair-01-01.jpg;assets\products\bohemian\board-4236536\product-bohemian-henning-wood-and-leather-accent-chair-01-02.jpg;assets\products\bohemian\board-4236536\product-bohemian-henning-wood-and-leather-accent-chair-01-03.jpg;assets\products\bohemian\board-4236536\product-bohemian-henning-wood-and-leather-accent-chair-01-04.jpg;assets\products\bohemian\board-4236536\product-bohemian-henning-wood-and-leather-accent-chair-01-05.jpg,https://havenly.com/products/details/Henning-Wood-and-Leather-Accent-Chair-Crate-and-Barrel-132117996,4236536
Egon Chandelier - Antique Brass Iron,Other,bohemian,Modern|Bohemian|Midcentury Modern,$1349,42.0 x 42.0 x 12.0,"Iron, Thermoplastic","Antique Brass Iron, Black Cord",Antique brass iron domes are polished and finished with a perforated edge all around to bring a dose of industrial styling to this midcentury-inspired chandelier.,Four Hands,out_of_stock,assets\products\bohemian\board-4236536\product-bohemian-egon-chandelier-antique-brass-iron-02-01.jpg;assets\products\bohemian\board-4236536\product-bohemian-egon-chandelier-antique-brass-iron-02-02.jpg;assets\products\bohemian\board-4236536\product-bohemian-egon-chandelier-antique-brass-iron-02-03.jpg;assets\products\bohemian\board-4236536\product-bohemian-egon-chandelier-antique-brass-iron-02-04.jpg;assets\products\bohemian\board-4236536\product-bohemian-egon-chandelier-antique-brass-iron-02-05.jpg,https://havenly.com/products/details/Egon-Chandelier-Antique-Brass-Iron-Four-Hands-139390245,4236536
