Tên SP,Danh mục,Phong cách,Sub-styles,Giá,Kích thước,Chất liệu,Màu sắc,Mô tả,Thương hiệu,Tình trạng,Hình ảnh,URL sản phẩm,Board ID
Modern 5 Shelf Arched Tall Bookcase with Glass Doors - Coastal Oak,Furniture,farmhouse,Contemporary|Modern|Farmhouse|Transitional,"${'id': '47720086763', 'price': 349.99, '__typename': 'PriceModel'} (was $646.2)","30 x 15 x 76""",Durable warp-resistant MDF and laminate - wood,Coastal Oak,"Elevate your space and add practical storage with this modern arched bookshelf. There’s a reason you’ve seen this show-stopper all over your favorite influencer’s stories. It’s a modern, unique piece that completes any space from the dining room to the home office. With five spacious shelves made from durable MDF, you’ll have plenty of room for storage and display. Place it in your dining room as a chic china cabinet, or display it in the living room for the world’s most beautiful book or toy st",Walker Edison,out_of_stock,assets\products\farmhouse\board-4181982\product-farmhouse-modern-5-shelf-arched-tall-bookcase-with-glass-doors-coastal-01-01.jpg;assets\products\farmhouse\board-4181982\product-farmhouse-modern-5-shelf-arched-tall-bookcase-with-glass-doors-coastal-01-02.jpg;assets\products\farmhouse\board-4181982\product-farmhouse-modern-5-shelf-arched-tall-bookcase-with-glass-doors-coastal-01-03.jpg;assets\products\farmhouse\board-4181982\product-farmhouse-modern-5-shelf-arched-tall-bookcase-with-glass-doors-coastal-01-04.jpg;assets\products\farmhouse\board-4181982\product-farmhouse-modern-5-shelf-arched-tall-bookcase-with-glass-doors-coastal-01-05.jpg,https://havenly.com/products/details/Modern-5-Shelf-Arched-Tall-Bookcase-with-Glass-Doors-Coastal-Oak-Walker-Edison-143311619,4181982
November Roses Floral Wall Art,Decor & Pillows,farmhouse,Contemporary|Modern|Farmhouse|Transitional,$158,"10.5""H, 12.5""W",Paper,Black,"About Lynne Millar California-based artist Lynne Millar uses contrast to create a striking, yet feminine piece worthy of mantels and gallery walls alike. About Artfully Walls A well-designed gallery wall is a masterpiece in itself. Artfully Walls is an art and curating service that carefully selects work from artists around the world and then matches the pieces to the size, color scheme or inspiration of a space. Our collection features some of the most intriguing prints Artfully Walls has to of",Anthropologie,in_stock,assets\products\farmhouse\board-4181982\product-farmhouse-november-roses-floral-wall-art-01-01.jpg,https://havenly.com/products/details/November-Roses-Floral-Wall-Art-Anthropologie-72839573,4181982
Milos Handwoven Storage Basket Large,Decor & Pillows,farmhouse,Contemporary|Modern|Farmhouse|Transitional,$89.95,"15.74"" Diameter x 17.12""",Banana Leaves,Brown,"Handwoven banana leaves from Indonesia stripe this large storage basket in natural hi/lo tones. Perfect for stashing throws and books or housing faux plants. Two large handles make moving easy. CB2 exclusive.     Handmade of natural materials  Dust with a soft, dry cloth; no abrasive cleaners  Made in Indonesia Milos Handwoven Storage Basket Large",CB2,out_of_stock,assets\products\farmhouse\board-4181982\product-farmhouse-milos-handwoven-storage-basket-large-02-01.jpg;assets\products\farmhouse\board-4181982\product-farmhouse-milos-handwoven-storage-basket-large-02-02.jpg;assets\products\farmhouse\board-4181982\product-farmhouse-milos-handwoven-storage-basket-large-02-03.jpg,https://havenly.com/products/details/Milos-Handwoven-Storage-Basket-Large-CB2-86857455,4181982
"Emmett Bronze Taper Candle Holders, Set of 3",Decor & Pillows,farmhouse,Contemporary|Modern|Farmhouse|Transitional,"${'id': '47634400410', 'price': 92.89, '__typename': 'PriceModel'} (was $104.85)","H: 9.25"", 12"" and 14.5""",Aluminum with antique bronze finish,Bronze,"Rustic texture and a warm antique bronze finish give these classically shaped candle holders their vintage vibe. The set of three candle holders includes small, medium and tall sizes. Fill with standard taper candles (sold separately) and cluster for striking, multi-level display.     Aluminum with antique bronze finish  9.25"", 12"" and 14.5"" candle holders  Accommodate standard taper candles (sold separately); 12"" for medium and large, 8"" for small recommended  Wipe clean with soft, dry cloth  M",Crate and Barrel,out_of_stock,assets\products\farmhouse\board-4181982\product-farmhouse-emmett-bronze-taper-candle-holders-set-of-3-03-01.jpg;assets\products\farmhouse\board-4181982\product-farmhouse-emmett-bronze-taper-candle-holders-set-of-3-03-02.jpg;assets\products\farmhouse\board-4181982\product-farmhouse-emmett-bronze-taper-candle-holders-set-of-3-03-03.jpg;assets\products\farmhouse\board-4181982\product-farmhouse-emmett-bronze-taper-candle-holders-set-of-3-03-04.jpg;assets\products\farmhouse\board-4181982\product-farmhouse-emmett-bronze-taper-candle-holders-set-of-3-03-05.jpg,https://havenly.com/products/details/Emmett-Bronze-Taper-Candle-Holders-Set-of-3-Crate-and-Barrel-118109742,4181982
84'' Faux Eucalyptus Tree in Pot,Decor & Pillows,farmhouse,Contemporary|Modern|Farmhouse|Transitional,"${'id': '47655272522', 'price': 136.99, '__typename': 'PriceModel'} (was $184.99)","84""",wood,green,"Everyone loves eucalyptus for its calming and medicinal properties, and now you can bring its lifelike beauty into your home with our new faux tree. Inspired by nature, this tree features light and airy leaves that add a refreshing touch to any space. Expertly crafted from high-quality materials by horticulturists, you can even bend the branches to create a custom look. Standing at 7' and potted in a nursery planter, it's the perfect addition to any area in need of a delicate and natural feel. C",Wayfair,in_stock,assets\products\farmhouse\board-4181982\product-farmhouse-84-faux-eucalyptus-tree-in-pot-04-01.jpg,https://havenly.com/products/details/84-Faux-Eucalyptus-Tree-in-Pot-Wayfair-132454968,4181982
"Decorative Round Terra-cotta Vase with Floral Pattern with Distressed Finish, Blue",Decor & Pillows,farmhouse,Contemporary|Modern|Farmhouse|Transitional,$22.75,4.75x 4.75x 6.5,Terracotta,Blue,"The Distressed Blue Terra-cotta Vase with Floral Pattern is a beautiful piece of terra-cotta that features a round shape and a distressed blue color. The vase also has a floral pattern that creates a lovely and charming effect. The vase has a smooth and glossy finish that enhances its color and design. The vase measures 4.75inches in diameter and 6.5 inches in height. It does not have any holes, so it can be used as a decorative item or as a vase for dried flowers. This is more than just a vase;",Creative Co-Op,out_of_stock,assets\products\farmhouse\board-4181982\product-farmhouse-decorative-round-terra-cotta-vase-with-floral-pattern-with-d-05-01.jpg,https://havenly.com/products/details/Decorative-Round-Terra-cotta-Vase-with-Floral-Pattern-with-Distressed-Finish-Blue-Creative-Co-Op-116244722,4181982
Andra Vase - Set of 3,Decor & Pillows,farmhouse,Contemporary|Modern|Farmhouse|Transitional,$58,5.0 x 5.0 x 7.25,Earthenware,Light Blue,"The Andra vases, sold as a set of three, are small bud vases in shades of blue and beige. Each has a slightly different rounded shape and features a crackle look with a smooth glazed finish.",Elk Home,out_of_stock,assets\products\farmhouse\board-4181982\product-farmhouse-andra-vase-set-of-3-06-01.jpg;assets\products\farmhouse\board-4181982\product-farmhouse-andra-vase-set-of-3-06-02.jpg;assets\products\farmhouse\board-4181982\product-farmhouse-andra-vase-set-of-3-06-03.jpg;assets\products\farmhouse\board-4181982\product-farmhouse-andra-vase-set-of-3-06-04.jpg;assets\products\farmhouse\board-4181982\product-farmhouse-andra-vase-set-of-3-06-05.jpg,https://havenly.com/products/details/Andra-Vase-Set-of-3-Elk-Home-130253898,4181982
Harlan Black Nickel Objects Set/2,Decor & Pillows,farmhouse,Contemporary|Modern|Farmhouse|Transitional,$163.2,"7"" x 7"" x 6""",Aluminum,Black,"Set Of Two, Cast Aluminum Decorative Objects Feature A Black Nickel Finish.",Uttermost,in_stock,assets\products\farmhouse\board-4181982\product-farmhouse-harlan-black-nickel-objects-set-2-07-01.jpg;assets\products\farmhouse\board-4181982\product-farmhouse-harlan-black-nickel-objects-set-2-07-02.jpg;assets\products\farmhouse\board-4181982\product-farmhouse-harlan-black-nickel-objects-set-2-07-03.jpg;assets\products\farmhouse\board-4181982\product-farmhouse-harlan-black-nickel-objects-set-2-07-04.jpg;assets\products\farmhouse\board-4181982\product-farmhouse-harlan-black-nickel-objects-set-2-07-05.jpg,https://havenly.com/products/details/Harlan-Black-Nickel-Objects-Set-2-Uttermost-75836789,4181982
Reflection Collection,Rugs,farmhouse,Contemporary|Modern|Farmhouse|Transitional,$445,9' X 12',"60% Polyester, 40% Polypropylene",Beige / Cream,"Color:	Beige / Cream Content:	60% Polyester, 40% Polypropylene Construction:	Power Loomed Pile Height:	3/8"" Origin:	Turkey",Safavieh,in_stock,assets\products\farmhouse\board-4181982\product-farmhouse-reflection-collection-01-01.jpg;assets\products\farmhouse\board-4181982\product-farmhouse-reflection-collection-01-02.jpg;assets\products\farmhouse\board-4181982\product-farmhouse-reflection-collection-01-03.jpg,https://havenly.com/products/details/Reflection-Collection-Safavieh-138432745,4181982
Zaiga 6 - Light Steel Dimmable Classic / Traditional Chandelier,Lighting,farmhouse,Contemporary|Modern|Farmhouse|Transitional,"${'id': '47489340341', 'price': 924.99, '__typename': 'PriceModel'} (was $1084.99)","31.258""-67.25'' H X 38.75'' W X 38.75'' D",Metal,Gold,"This chandelier combines classic lines and subtle details for a truly updated look. From its clean shades to its elegantly stepped canopy, it is continuous style. It's timeless, elegant, and versatile.",Wayfair,in_stock,assets\products\farmhouse\board-4181982\product-farmhouse-zaiga-6-light-steel-dimmable-classic-traditional-chandelier-01-01.jpg,https://havenly.com/products/details/Zaiga-6-Light-Steel-Dimmable-Classic-Traditional-Chandelier-Wayfair-119530053,4181982
Battery Operated LED Wall Mounted Picture Light,Other,farmhouse,Contemporary|Modern|Farmhouse|Transitional,"${'id': '47635338166', 'price': 92.99, '__typename': 'PriceModel'} (was $113.99)",1.75'' H x 18'' W x 7.5'' D,metal,matte black,,Wayfair,in_stock,assets\products\farmhouse\board-4181982\product-farmhouse-battery-operated-led-wall-mounted-picture-light-01-01.jpg,https://havenly.com/products/details/Battery-Operated-LED-Wall-Mounted-Picture-Light-Wayfair-90559819,4181982
Muted Landscape I by Ethan Harper - Painting Print,Other,farmhouse,Contemporary|Modern|Farmhouse|Transitional,"${'id': '47484325491', 'price': 405.99, '__typename': 'PriceModel'} (was $1199.99)",40.0 H x 60.0 W x 1.5 D in,"canvas, ink, wood",brown/green,"Unlike thin posters and paper prints, this artwork offers the texture, look, and feel of fine-art paintings. This artwork is crafted with high-quality material, professionally hand-stretched and stapled over pine-wood bars in gallery wrap style; a method utilized by artists to present artwork in galleries. This artwork comes mounted to a 2 inch thick, elegant hardwood frame. The art is inset, leaving a 3/8"" space between the art and frame, creating a ""floating"" illusion. Fade-resistant archival ",Wayfair,out_of_stock,assets\products\farmhouse\board-4181982\product-farmhouse-muted-landscape-i-by-ethan-harper-painting-print-02-01.jpg,https://havenly.com/products/details/Muted-Landscape-I-by-Ethan-Harper-Painting-Print-Wayfair-105919243,4181982
"Warm Beige Cotton Velvet Window Curtain Panel with Lining 48""x84""",Other,farmhouse,Contemporary|Modern|Farmhouse|Transitional,"${'id': '47723782954', 'price': 118.96, '__typename': 'PriceModel'} (was $169.95)","48""Wx84""H",Cotton,Natural,"Lush and full-bodied, our cotton velvet curtain dresses up your window in pure luxury. Draping gracefully, the opaque curtain panel in a warm, natural hue brings elegance to the dining room and a soothing softness to the bedroom. Hang our exclusive warm beige velvet curtain panel from the back tabs for an elegant pleated style, use the rod pocket to create a more laid-back gathered look or add a set of our curtain clips (sold separately).   Curtain hardware  also available.   Learn how to hang c",Crate and Barrel,in_stock,assets\products\farmhouse\board-4181982\product-farmhouse-warm-beige-cotton-velvet-window-curtain-panel-with-lining-48-03-01.jpg;assets\products\farmhouse\board-4181982\product-farmhouse-warm-beige-cotton-velvet-window-curtain-panel-with-lining-48-03-02.jpg;assets\products\farmhouse\board-4181982\product-farmhouse-warm-beige-cotton-velvet-window-curtain-panel-with-lining-48-03-03.jpg;assets\products\farmhouse\board-4181982\product-farmhouse-warm-beige-cotton-velvet-window-curtain-panel-with-lining-48-03-04.jpg;assets\products\farmhouse\board-4181982\product-farmhouse-warm-beige-cotton-velvet-window-curtain-panel-with-lining-48-03-05.jpg,https://havenly.com/products/groups/crate-and-barrel-1014354-147396?vendorVariantId=118967878,4181982
Nigel 2 Door 1 Drawer Chest - White - Safavieh,Furniture,farmhouse,Farmhouse|Transitional|Midcentury Modern|Modern Cottage|Traditional Charm,$503.55,"W 31.9"" X D 15.9"" X H 29""","MDF, Veneer",White,"Designed for maximum versatility, this 2- door chest is ideal for living room storage or perfect as a nightstand in the bedroom. Its neutral white and brass finishes blend beautifully with any decor. Designers love how it hides clutter and unsightly accessories.",Safavieh,in_stock,assets\products\farmhouse\board-4182339\product-farmhouse-nigel-2-door-1-drawer-chest-white-safavieh-01-01.jpg;assets\products\farmhouse\board-4182339\product-farmhouse-nigel-2-door-1-drawer-chest-white-safavieh-01-02.jpg;assets\products\farmhouse\board-4182339\product-farmhouse-nigel-2-door-1-drawer-chest-white-safavieh-01-03.jpg;assets\products\farmhouse\board-4182339\product-farmhouse-nigel-2-door-1-drawer-chest-white-safavieh-01-04.jpg;assets\products\farmhouse\board-4182339\product-farmhouse-nigel-2-door-1-drawer-chest-white-safavieh-01-05.jpg,https://havenly.com/products/details/Nigel-2-Door-1-Drawer-Chest-White-Safavieh-Safavieh-72789218,4182339
"Abigail 58"" Farmhouse 4 Door TV Stand - Grey Wash",Furniture,farmhouse,Farmhouse|Transitional|Midcentury Modern|Modern Cottage|Traditional Charm,$428.4,"28"" H x 58"" L x 16"" W 95 LBS",warp-resistant MDF,Grey Wash,"Country flair for the current age, this farmhouse TV stand has a historic presence mixed with all the modern modifications necessary to make this a dream entertainment stand. It has adjustable shelves and cord management options so you can organize electronics to your preference. Four tempered glass doors with a classic fretwork design feature metal corner accents that incorporate a rustic element to into this traditional console. The doors also have soft-close hinges. A beveled top and bottom a",Walker Edison,out_of_stock,assets\products\farmhouse\board-4182339\product-farmhouse-abigail-58-farmhouse-4-door-tv-stand-grey-wash-02-01.jpg,https://havenly.com/products/details/Abigail-58-Farmhouse-4-Door-TV-Stand-Grey-Wash-Walker-Edison-115667401,4182339
"Bun Foot Accent Chair, Charcoal Fritz",Furniture,farmhouse,Farmhouse|Transitional|Midcentury Modern|Modern Cottage|Traditional Charm,"${'id': '47723915270', 'price': 919.2, '__typename': 'PriceModel'} (was $1149)","Overall: 30""W x 33""D x 32""H
Seat: 20""H x 20""D x 18""H","Construction - Pine Lumber and Engineered Wood , Polyester Fiber,  Polyurethane Foam. Fabric - 71% Cotton, 29% Linen.",Charcoal Fritz,"Sculptural legs and a shapely silhouette meet in our Bun Foot Accent Chair — a classically cool piece that you'll have for years Charcoal Fritz: A classic woven market stripe that's both rustic and refined, our Fritz fabric is as classic as it gets. Composition: 71% Cotton, 29% Linen",The Inside,out_of_stock,assets\products\farmhouse\board-4182339\product-farmhouse-bun-foot-accent-chair-charcoal-fritz-03-01.jpg;assets\products\farmhouse\board-4182339\product-farmhouse-bun-foot-accent-chair-charcoal-fritz-03-02.jpg;assets\products\farmhouse\board-4182339\product-farmhouse-bun-foot-accent-chair-charcoal-fritz-03-03.jpg;assets\products\farmhouse\board-4182339\product-farmhouse-bun-foot-accent-chair-charcoal-fritz-03-04.jpg,https://havenly.com/products/details/Bun-Foot-Accent-Chair-Charcoal-Fritz-The-Inside-120852719,4182339
DISCONTINUED,Furniture,farmhouse,Farmhouse|Transitional|Midcentury Modern|Modern Cottage|Traditional Charm,$567.2,52 w x 28 d x 17 h,Wood,Cider,,Rowe Furniture,out_of_stock,assets\products\farmhouse\board-4182339\product-farmhouse-discontinued-04-01.jpg;assets\products\farmhouse\board-4182339\product-farmhouse-discontinued-04-02.jpg;assets\products\farmhouse\board-4182339\product-farmhouse-discontinued-04-03.jpg;assets\products\farmhouse\board-4182339\product-farmhouse-discontinued-04-04.jpg;assets\products\farmhouse\board-4182339\product-farmhouse-discontinued-04-05.jpg,https://havenly.com/products/details/DISCONTINUED-Rowe-Furniture-140107154,4182339
Maxwell Fabric 3-Seat Sofa by Apartment Therapy,Furniture,farmhouse,Farmhouse|Transitional|Midcentury Modern|Modern Cottage|Traditional Charm,$2545,"102""W x 37""D x 31'H","Performance Plush Velvet, Down Alternative Fill","Mink, Brown, Gray","<p>The inspiration for Maxwell ""was to take a traditional shape and make it fresh,"" says Apartment Therapy founder Maxwell Ryan, who co-created the design with us. That means you'll enjoy a custom sectional sofa that's ""comfy, cozy, and approachable,"" with thick, contoured arms and piping details. At the same time, the sectional remains light and airy thanks to a thinner frame rail and turned leg.</p>   <p>Maxwell's low profile and luxuriously deep seat invite you to sit back and relax, with l",Interior Define,in_stock,assets\products\farmhouse\board-4182339\product-farmhouse-maxwell-fabric-3-seat-sofa-by-apartment-therapy-05-01.jpg;assets\products\farmhouse\board-4182339\product-farmhouse-maxwell-fabric-3-seat-sofa-by-apartment-therapy-05-02.jpg;assets\products\farmhouse\board-4182339\product-farmhouse-maxwell-fabric-3-seat-sofa-by-apartment-therapy-05-03.jpg;assets\products\farmhouse\board-4182339\product-farmhouse-maxwell-fabric-3-seat-sofa-by-apartment-therapy-05-04.jpg;assets\products\farmhouse\board-4182339\product-farmhouse-maxwell-fabric-3-seat-sofa-by-apartment-therapy-05-05.jpg,https://havenly.com/products/details/Maxwell-Fabric-3-Seat-Sofa-by-Apartment-Therapy-Interior-Define-152032675,4182339
"Abigail 58"" Farmhouse 4 Door TV Stand - Rustic Oak",Furniture,farmhouse,Farmhouse|Transitional|Midcentury Modern|Modern Cottage|Traditional Charm,$428.4,"28"" H x 58"" L x 16"" W 95 LBS",warp-resistant MDF,Rustic Oak,"Country flair for the current age, this farmhouse TV stand has a historic presence mixed with all the modern modifications necessary to make this a dream entertainment stand. It has adjustable shelves and cord management options so you can organize electronics to your preference. Four tempered glass doors with a classic fretwork design feature metal corner accents that incorporate a rustic element to into this traditional console. The doors also have soft-close hinges. A beveled top and bottom a",Walker Edison,out_of_stock,assets\products\farmhouse\board-4182339\product-farmhouse-abigail-58-farmhouse-4-door-tv-stand-rustic-oak-06-01.jpg;assets\products\farmhouse\board-4182339\product-farmhouse-abigail-58-farmhouse-4-door-tv-stand-rustic-oak-06-02.jpg;assets\products\farmhouse\board-4182339\product-farmhouse-abigail-58-farmhouse-4-door-tv-stand-rustic-oak-06-03.jpg;assets\products\farmhouse\board-4182339\product-farmhouse-abigail-58-farmhouse-4-door-tv-stand-rustic-oak-06-04.jpg,https://havenly.com/products/details/Abigail-58-Farmhouse-4-Door-TV-Stand-Rustic-Oak-Walker-Edison-123062028,4182339
EDELMAN PRODUCE BOWL,Decor & Pillows,farmhouse,Farmhouse|Transitional|Midcentury Modern|Modern Cottage|Traditional Charm,$54,"9"" L x 9"" W x 3"" H",ceramic,green grey,,McGee & Co.,out_of_stock,assets\products\farmhouse\board-4182339\product-farmhouse-edelman-produce-bowl-01-01.jpg,https://havenly.com/products/details/EDELMAN-PRODUCE-BOWL-McGee-Co-81659830,4182339
"Stoneware Footed Bowl, Matte Green Reactive Glaze",Decor & Pillows,farmhouse,Farmhouse|Transitional|Midcentury Modern|Modern Cottage|Traditional Charm,$79.15,"12.5"" Diam. x 7""H",100% Stoneware,Green,"This contemporary stoneware footed bowl showcases a naturally variating reactive glaze; 100% Stoneware; 12.75"" L x 12.75"" W x 7.25"" H",Creative Co-Op,out_of_stock,assets\products\farmhouse\board-4182339\product-farmhouse-stoneware-footed-bowl-matte-green-reactive-glaze-02-01.jpg,https://havenly.com/products/details/Stoneware-Footed-Bowl-Matte-Green-Reactive-Glaze-Creative-Co-Op-124318014,4182339
"Faux Potted Iron Leaf Plant 35""",Decor & Pillows,farmhouse,Farmhouse|Transitional|Midcentury Modern|Modern Cottage|Traditional Charm,"${'id': '47684958226', 'price': 59.97, '__typename': 'PriceModel'} (was $99.95)","19""Wx19""Dx37""H",PLASTIC,GREEN,"Native to the forests of Japan, lush iron leaf plant provides a touch of green to low-light spaces. Elegantly shaped leaves spread gently from a ceramic pot, bringing a natural sensibility to the kitchen or home office with zero maintenance. CB2 exclusive.     Plastic and iron  White ceramic pot with faux soil  Imported Faux Potted Iron Leaf Plant 35""",CB2,out_of_stock,assets\products\farmhouse\board-4182339\product-farmhouse-faux-potted-iron-leaf-plant-35-03-01.jpg;assets\products\farmhouse\board-4182339\product-farmhouse-faux-potted-iron-leaf-plant-35-03-02.jpg,https://havenly.com/products/details/Faux-Potted-Iron-Leaf-Plant-35-CB2-130350079,4182339
Brushed Black Metal Picture Frame with Vertical White Mat 4x6,Decor & Pillows,farmhouse,Farmhouse|Transitional|Midcentury Modern|Modern Cottage|Traditional Charm,"${'id': '47699127853', 'price': 39.97, '__typename': 'PriceModel'} (was $79.95)","14.96""Wx14.96""Dx1.5""H",Metal,Black,"Our brushed black frame adds dark drama to photo and print displays with shadow-box styling and generous off-white mat. This square frame centers a vertical 4""x6"" photos in a wide-margin mat for an elevated, gallery-like look. A Crate & Barrel exclusive, our aluminum frame with brushed black finish can be displayed on the wall, mantel or bookshelf.      Aluminum with brushed black finish  Glass  Off-white mat accommodates vertical 4""x6"" photograph  Sawtooth hangers and easel back  Keep out of di",Crate and Barrel,out_of_stock,assets\products\farmhouse\board-4182339\product-farmhouse-brushed-black-metal-picture-frame-with-vertical-white-mat-4x-04-01.jpg;assets\products\farmhouse\board-4182339\product-farmhouse-brushed-black-metal-picture-frame-with-vertical-white-mat-4x-04-02.jpg;assets\products\farmhouse\board-4182339\product-farmhouse-brushed-black-metal-picture-frame-with-vertical-white-mat-4x-04-03.jpg;assets\products\farmhouse\board-4182339\product-farmhouse-brushed-black-metal-picture-frame-with-vertical-white-mat-4x-04-04.jpg;assets\products\farmhouse\board-4182339\product-farmhouse-brushed-black-metal-picture-frame-with-vertical-white-mat-4x-04-05.jpg,https://havenly.com/products/details/Brushed-Black-Metal-Picture-Frame-with-Vertical-White-Mat-4x6-Crate-and-Barrel-133313901,4182339
"Metal Framed Photo Frames, Set of 3",Decor & Pillows,farmhouse,Farmhouse|Transitional|Midcentury Modern|Modern Cottage|Traditional Charm,$44.26,8x10x0.25,"80% Glass, 20%  Brass",Black,"It doesn’t get much simpler (or better) than this. With two pieces of clear glass held firmly together by a simple dark oxidize finish frame and clasp closure, these effortless frames help bring the focus on what’s inside. Perfect for displaying a special photo, an inspiring quote, or a favorite print.",Creative Co-Op,out_of_stock,assets\products\farmhouse\board-4182339\product-farmhouse-metal-framed-photo-frames-set-of-3-05-01.jpg,https://havenly.com/products/details/Metal-Framed-Photo-Frames-Set-of-3-Creative-Co-Op-121839639,4182339
Frida Vase,Decor & Pillows,farmhouse,Farmhouse|Transitional|Midcentury Modern|Modern Cottage|Traditional Charm,$96,"Overall: 6.5"" Dia. x 10"" H",Earthenware with Green Hand-Painted Finish,Green Hand-Painted Finish,"With a cool green tone, the Frida Vase is made from ceramic and beautifully hand-glazed. Its subtle taper brings a modern feel to this classic vase, complementing built-in or console vignettes with ease.",McGee & Co.,in_stock,assets\products\farmhouse\board-4182339\product-farmhouse-frida-vase-06-01.jpg;assets\products\farmhouse\board-4182339\product-farmhouse-frida-vase-06-02.jpg,https://havenly.com/products/details/Frida-Vase-McGee-Co-133314471,4182339
Brushed Black Triple 4x6 Picture Frame,Decor & Pillows,farmhouse,Farmhouse|Transitional|Midcentury Modern|Modern Cottage|Traditional Charm,$49.95,"24""Wx1.5""Dx8""H",METAL,Black,"Our brushed black frames add dark drama to photo and print displays with their shadow-box styling and oversized off-white mats. A Crate & Barrel exclusive, our aluminum frames with a brushed black finish can be displayed on a mantel, bookshelf or table.   • Aluminum with brushed black finish  • Glass  • Off-white mats  • Present horizontally or vertically  • Keep out of direct sunlight  • Dust with soft cloth  • Made in Taiwan Brushed Black Triple 4x6 Picture Frame",Crate and Barrel,in_stock,assets\products\farmhouse\board-4182339\product-farmhouse-brushed-black-triple-4x6-picture-frame-07-01.jpg;assets\products\farmhouse\board-4182339\product-farmhouse-brushed-black-triple-4x6-picture-frame-07-02.jpg;assets\products\farmhouse\board-4182339\product-farmhouse-brushed-black-triple-4x6-picture-frame-07-03.jpg,https://havenly.com/products/details/Brushed-Black-Triple-4x6-Picture-Frame-Crate-and-Barrel-123116952,4182339
"Linen Curtain, Antique White Linen, 50"" x 96"", Privacy",Decor & Pillows,farmhouse,Farmhouse|Transitional|Midcentury Modern|Modern Cottage|Traditional Charm,$169,"50"" x 96""","Fabric - 55% Linen, 45% Viscose.",Antique White Linen,"All panels sold individually -- Our two-in-one construction with duo hanging options gives you the best of both worlds. Use the rod pocket for a soft, bunched look, and the back tabs for a tailored, pleated look Antique White Linen:  Composition: 55% Linen, 45% Viscose",The Inside,in_stock,assets\products\farmhouse\board-4182339\product-farmhouse-linen-curtain-antique-white-linen-50-x-96-privacy-08-01.jpg;assets\products\farmhouse\board-4182339\product-farmhouse-linen-curtain-antique-white-linen-50-x-96-privacy-08-02.jpg;assets\products\farmhouse\board-4182339\product-farmhouse-linen-curtain-antique-white-linen-50-x-96-privacy-08-03.jpg,https://havenly.com/products/details/Linen-Curtain-Antique-White-Linen-50-x-96-Privacy-The-Inside-143328664,4182339
Isabella Collection Area Rug 8x10,Rugs,farmhouse,Farmhouse|Transitional|Midcentury Modern|Modern Cottage|Traditional Charm,$201.6,8x10,Polypropylene Pile,"Beige, Cream, Blue, Gray, Orange",,Safavieh,in_stock,assets\products\farmhouse\board-4182339\product-farmhouse-isabella-collection-area-rug-8x10-01-01.jpg;assets\products\farmhouse\board-4182339\product-farmhouse-isabella-collection-area-rug-8x10-01-02.jpg;assets\products\farmhouse\board-4182339\product-farmhouse-isabella-collection-area-rug-8x10-01-03.jpg,https://havenly.com/products/details/Isabella-Collection-Area-Rug-8x10-Safavieh-70251317,4182339
"Paulson 65"" Floor Lamp",Lighting,farmhouse,Farmhouse|Transitional|Midcentury Modern|Modern Cottage|Traditional Charm,"${'id': '47701356391', 'price': 162.99, '__typename': 'PriceModel'} (was $154.99)",Cord Length (in.) 62'' Other Dimensions Overall Dimensions 65'' H x 14'' W x 14'' D Shade 14.6'' H x 14'' W x 14'' D Base 50.4'' H x 8.9'' W x 8.9'' D Overall Weight 15.2 lb.,Wood,Natural,"Wood adds warmth and feels to any space, no matter what the existing décor style is. Simply put, it's the most neutral finish since it's complimentary to any interior design. The Paulson Floor Lamp is no exception. With a two-tone wood finish base and a tall slim teardrop body, this lamp stands out in any space and adds a refined rustic element to your home. Decorate with the Paulsonx and made easy.  Features Refined rustic design: Teardrop shape of the lamp is accented by a rustic wood finish, ",Wayfair,in_stock,assets\products\farmhouse\board-4182339\product-farmhouse-paulson-65-floor-lamp-01-01.jpg;assets\products\farmhouse\board-4182339\product-farmhouse-paulson-65-floor-lamp-01-02.jpg,https://havenly.com/products/details/Paulson-65-Floor-Lamp-Wayfair-107548908,4182339
"Veneto  Painted 24""H x 15""W x 15""D Accent Table Lamp",Lighting,farmhouse,Farmhouse|Transitional|Midcentury Modern|Modern Cottage|Traditional Charm,$200,"24""H x 15""W x 15""D","Linen, Resin, Metal",Green,"This Veneto accent lamp is a perfect addition to any Country Cottage style home. With its body made of durable resin and linen lamp shade, this piece will bring an elegant and timeless look to your living space. The soft light it provides creates a cozy atmosphere that will make you feel right at home. For best results, avoid harsh cleaners as they may damage the finish of the lamp. Enjoy years of use with this classic piece!",Surya,in_stock,assets\products\farmhouse\board-4182339\product-farmhouse-veneto-painted-24-h-x-15-w-x-15-d-accent-table-lamp-02-01.jpg;assets\products\farmhouse\board-4182339\product-farmhouse-veneto-painted-24-h-x-15-w-x-15-d-accent-table-lamp-02-02.jpg;assets\products\farmhouse\board-4182339\product-farmhouse-veneto-painted-24-h-x-15-w-x-15-d-accent-table-lamp-02-03.jpg;assets\products\farmhouse\board-4182339\product-farmhouse-veneto-painted-24-h-x-15-w-x-15-d-accent-table-lamp-02-04.jpg;assets\products\farmhouse\board-4182339\product-farmhouse-veneto-painted-24-h-x-15-w-x-15-d-accent-table-lamp-02-05.jpg,https://havenly.com/products/details/Veneto-Painted-24-H-x-15-W-x-15-D-Accent-Table-Lamp-Surya-135813991,4182339
"Vivaan VIA-001 48""H x 16""W x 1""D, 48""H x 16""W x 1""D, 48""H x 16""W x 1""D Dimensional Wall Accent",Art & Mirrors,farmhouse,Farmhouse|Transitional|Midcentury Modern|Modern Cottage|Traditional Charm,$355,"48""H x 16""W, 48""H x 16""W, 48""H x 16""W",wood,white,"This Vivaan Wall Art is a perfect addition to any room. With its global style, this piece will bring a unique and exotic look to your home. Made in India, it features intricate patterns and designs that are sure to be eye-catching. Plus, the wipe clean material makes it easy to care for and maintain. Add this stunning wall art to your home today for an instantly elevated look!",Surya,out_of_stock,assets\products\farmhouse\board-4182339\product-farmhouse-vivaan-via-001-48-h-x-16-w-x-1-d-48-h-x-16-w-x-1-d-48-h-x-16-01-01.jpg,https://havenly.com/products/details/Vivaan-VIA-001-48-H-x-16-W-x-1-D-48-H-x-16-W-x-1-D-48-H-x-16-W-x-1-D-Dimensional-Wall-Accent-Surya-75833926,4182339
Brayden Arch Metal Mirror,Art & Mirrors,farmhouse,Farmhouse|Transitional|Midcentury Modern|Modern Cottage|Traditional Charm,$465.6,"24"" x 41""","Metal, MDF, Mirror",bronze,"This Shaped Mirror Features A Hand Forged Metal Frame Finished In Lightly Textured, Dark Brown With Burnished Edges And Gold Highlights.",Uttermost,in_stock,assets\products\farmhouse\board-4182339\product-farmhouse-brayden-arch-metal-mirror-02-01.jpg;assets\products\farmhouse\board-4182339\product-farmhouse-brayden-arch-metal-mirror-02-02.jpg;assets\products\farmhouse\board-4182339\product-farmhouse-brayden-arch-metal-mirror-02-03.jpg;assets\products\farmhouse\board-4182339\product-farmhouse-brayden-arch-metal-mirror-02-04.jpg;assets\products\farmhouse\board-4182339\product-farmhouse-brayden-arch-metal-mirror-02-05.jpg,https://havenly.com/products/details/Brayden-Arch-Metal-Mirror-Uttermost-75835924,4182339
Sophie Scalloped Lamp Shade,Other,farmhouse,Farmhouse|Transitional|Midcentury Modern|Modern Cottage|Traditional Charm,"${'id': '47686265691', 'price': 69.95, '__typename': 'PriceModel'} (was $98)","10""H Bottom Diameter: 12"" Top Diameter: 8""",.,White,"Lamp base sold separately Cotton twill Plastic and metal frame with spider fitting Imported Sophie Scalloped Lamp Shade by Anthropologie in White, Cotton/Plastic",Anthropologie,out_of_stock,assets\products\farmhouse\board-4182339\product-farmhouse-sophie-scalloped-lamp-shade-01-01.jpg,https://havenly.com/products/details/Sophie-Scalloped-Lamp-Shade-Anthropologie-125309031,4182339
"Wayfair Basics® Bouffard Dual Surface 0.25"" Rug Pad Rectangle 10' x 14'",Other,farmhouse,Farmhouse|Transitional|Midcentury Modern|Modern Cottage|Traditional Charm,"${'id': '47656013695', 'price': 116, '__typename': 'PriceModel'} (was $232)",Rectangle 10' x 14',.,gray,"You’ve found the perfect area rug to tie your ensemble together, but before you roll it out, be sure to set down this premium dual-surface non-slip rug pad first! Crafted from felt, and latex materials, this rug pad is built to last and features plush cushioning to give your rug a softer feel underfoot with sound and shock-absorbing properties. Essential for all floor types, simply place the latex side of the pad against the floor for hard surfaces and place the felt side of the pad against the ",Wayfair,in_stock,assets\products\farmhouse\board-4182339\product-farmhouse-wayfair-basics-bouffard-dual-surface-0-25-rug-pad-rectangle--02-01.jpg,https://havenly.com/products/details/Wayfair-Basics-Bouffard-Dual-Surface-0-25-Rug-Pad-Rectangle-10-x-14-Wayfair-130336594,4182339
"BROOKLYN CUT VELVET // SPA BLUE | LDC - 20"" X 20"" / CORDING / Spa Blue",Other,farmhouse,Farmhouse|Transitional|Midcentury Modern|Modern Cottage|Traditional Charm,$163,"20"" X 20""","40% Polyester, 60% Rayon","Spa Blue, Sage, Green, Blue","Custom-made, Brooklyn Cut Velvet pillow cover  in the Spa Blue colorway with a Classic Linen // Spa Blue edge finish/reverse color. Serged interior seams; invisible zipper closure. All items are made to order, therefore we highly suggest purchasing samples first to ensure the fabric works in your space as colors may vary from how they appear on your screen. Pillow insert not included. PLEASE NOTE : Due to their length, an exposed brass zipper will be used on the following sizes : 14"" X 30"", 14"" ",Little Design Company,out_of_stock,assets\products\farmhouse\board-4182339\product-farmhouse-brooklyn-cut-velvet-spa-blue-ldc-20-x-20-cording-spa-blue-03-01.jpg;assets\products\farmhouse\board-4182339\product-farmhouse-brooklyn-cut-velvet-spa-blue-ldc-20-x-20-cording-spa-blue-03-02.jpg;assets\products\farmhouse\board-4182339\product-farmhouse-brooklyn-cut-velvet-spa-blue-ldc-20-x-20-cording-spa-blue-03-03.jpg,https://havenly.com/products/details/BROOKLYN-CUT-VELVET-SPA-BLUE-LDC-20-X-20-CORDING-Spa-Blue-Little-Design-Company-137488116,4182339
"Indigo Blue European Flax ™-Certified Linen Window Curtain Panel 52""x84""",Other,farmhouse,Farmhouse|Transitional|Midcentury Modern|Modern Cottage|Traditional Charm,"${'id': '47723782350', 'price': 111.96, '__typename': 'PriceModel'} (was $159.95)","52""Wx84""H","Cotton Lining, Linen",Dark Blue,"Sustainably sourced linen weaves a luxurious blackout curtain in deep blue. Washed for enhanced softness, the opaque curtain panel drapes beautifully. Hang our exclusive indigo curtain from the back tabs for an elegant pleated style, use the rod pocket to create a more laid-back gathered look, or add a set of our curtain clips sold separately.Try it on first. Since color representation may vary by screen, using a swatch is an easy way to see exactly how your favorite curtain panels will look in ",Crate and Barrel,in_stock,assets\products\farmhouse\board-4182339\product-farmhouse-indigo-blue-european-flax-certified-linen-window-curtain-pan-04-01.jpg;assets\products\farmhouse\board-4182339\product-farmhouse-indigo-blue-european-flax-certified-linen-window-curtain-pan-04-02.jpg;assets\products\farmhouse\board-4182339\product-farmhouse-indigo-blue-european-flax-certified-linen-window-curtain-pan-04-03.jpg;assets\products\farmhouse\board-4182339\product-farmhouse-indigo-blue-european-flax-certified-linen-window-curtain-pan-04-04.jpg;assets\products\farmhouse\board-4182339\product-farmhouse-indigo-blue-european-flax-certified-linen-window-curtain-pan-04-05.jpg,https://havenly.com/products/groups/crate-and-barrel-1029122-147620?vendorVariantId=145610636,4182339
"CHINESE PEONY // GOLD | LEE JOFA - 12"" X 16"" / BUTTERFLY FLANGE / BACKORDER Powder Blue",Other,farmhouse,Farmhouse|Transitional|Midcentury Modern|Modern Cottage|Traditional Charm,$178,"LITTLE LUMBAR 12"" X 18""",Cotton & linen,"green, blue, beige","Custom-made pillow cover in Chinese Peony Gold by Lee Jofa. Choose from five edge finish/reverse colors. Serged interior seams; invisible zipper closure; All items are made to order, therefore we highly suggest purchasing samples first to ensure the fabric works in your space as colors may vary from how they appear on your screen.  Pillow insert not included.  Pattern placement is subject to change from pictures shown online. Due to their length, an exposed brass zipper will be used on the follo",Little Design Company,out_of_stock,assets\products\farmhouse\board-4182339\product-farmhouse-chinese-peony-gold-lee-jofa-12-x-16-butterfly-flange-backord-05-01.jpg;assets\products\farmhouse\board-4182339\product-farmhouse-chinese-peony-gold-lee-jofa-12-x-16-butterfly-flange-backord-05-02.jpg;assets\products\farmhouse\board-4182339\product-farmhouse-chinese-peony-gold-lee-jofa-12-x-16-butterfly-flange-backord-05-03.jpg,https://havenly.com/products/details/CHINESE-PEONY-GOLD-LEE-JOFA-12-X-16-BUTTERFLY-FLANGE-BACKORDER-Powder-Blue-Little-Design-Company-146610299,4182339
Ultraviolet Resistant Ortega 9 Foot Automatic Tilt Crank Umbrella - Natural - Safavieh,Other,farmhouse,Farmhouse|Transitional|Midcentury Modern|Modern Cottage|Traditional Charm,$160.65,"Open: 108"" x 108"" x 99.2"" Close: 6.3"" x 5.9"" x 64.8""","Aluminum, Polyester","White, Black","Conjure images of the Riviera with a classic market umbrella for dining al fresco at a romantic cafe. Keep cool on any patio with this sturdy, wind and weather resistant design with brown aluminum frame and natural polyester fabric on a nine-foot canopy. Includes auto tilt crank mechanism.",Safavieh,in_stock,assets\products\farmhouse\board-4182339\product-farmhouse-ultraviolet-resistant-ortega-9-foot-automatic-tilt-crank-umb-06-01.jpg;assets\products\farmhouse\board-4182339\product-farmhouse-ultraviolet-resistant-ortega-9-foot-automatic-tilt-crank-umb-06-02.jpg;assets\products\farmhouse\board-4182339\product-farmhouse-ultraviolet-resistant-ortega-9-foot-automatic-tilt-crank-umb-06-03.jpg;assets\products\farmhouse\board-4182339\product-farmhouse-ultraviolet-resistant-ortega-9-foot-automatic-tilt-crank-umb-06-04.jpg,https://havenly.com/products/details/Ultraviolet-Resistant-Ortega-9-Foot-Automatic-Tilt-Crank-Umbrella-Natural-Safavieh-Safavieh-72812593,4182339
Ruched Dark Beige Velvet Pouf,Furniture,farmhouse,Modern|Farmhouse|Organic Modern|California Cool,$199,"19""Wx19""Dx17""H",VELVET,Brown,"Featuring a luxe ruched detailing, mink-colored velvet pouf makes an elevated statement in any room. CB2 exclusive.  -Cover: 100% cotton velvet -Filling: 100% polystyrene beads and sand -Spot-clean only -Made in India Ruched Dark Beige Velvet Pouf",CB2,in_stock,assets\products\farmhouse\board-4189945\product-farmhouse-ruched-dark-beige-velvet-pouf-01-01.jpg;assets\products\farmhouse\board-4189945\product-farmhouse-ruched-dark-beige-velvet-pouf-01-02.jpg;assets\products\farmhouse\board-4189945\product-farmhouse-ruched-dark-beige-velvet-pouf-01-03.jpg,https://havenly.com/products/details/Ruched-Dark-Beige-Velvet-Pouf-CB2-118118758,4189945
Brooklyn Coffee Table-Blonde Yukas,Furniture,farmhouse,Modern|Farmhouse|Organic Modern|California Cool,$2299,53.25 x 50.75 x 16.5,Thick Yukas Veneer,Blonde Yukas,"A shape-centric statement piece. Blonde yukas woods are blended and smoothed for a soft look rich with innate depth. Asymmetric sides form a casual octagon, bringing reimagined geometry to the table. Each style slightly unique, thanks to materials' natural quality.",Four Hands,in_stock,assets\products\farmhouse\board-4189945\product-farmhouse-brooklyn-coffee-table-blonde-yukas-02-01.jpg;assets\products\farmhouse\board-4189945\product-farmhouse-brooklyn-coffee-table-blonde-yukas-02-02.jpg;assets\products\farmhouse\board-4189945\product-farmhouse-brooklyn-coffee-table-blonde-yukas-02-03.jpg;assets\products\farmhouse\board-4189945\product-farmhouse-brooklyn-coffee-table-blonde-yukas-02-04.jpg;assets\products\farmhouse\board-4189945\product-farmhouse-brooklyn-coffee-table-blonde-yukas-02-05.jpg,https://havenly.com/products/groups/four-hands-uwes-86378?vendorVariantId=131780466,4189945
Alten Leather Wood Framed Upholstered Seat Counter Stool,Furniture,farmhouse,Modern|Farmhouse|Organic Modern|California Cool,$685,"36.5""H x 21.75""W x 23""D (seat height 26"")",Pigment-dyed leather: This distressed top-grain buffalo leather is pigment-dyed in a true brown that compliments almost any style,Palomino/White Wash Ash,"With its modernized spindle back design and cozy upholstered seat, the Alten Stool is a classic take on the iconic Windsor chair--and it makes a statement at any bar.",Interior Define,in_stock,assets\products\farmhouse\board-4189945\product-farmhouse-alten-leather-wood-framed-upholstered-seat-counter-stool-03-01.jpg;assets\products\farmhouse\board-4189945\product-farmhouse-alten-leather-wood-framed-upholstered-seat-counter-stool-03-02.jpg;assets\products\farmhouse\board-4189945\product-farmhouse-alten-leather-wood-framed-upholstered-seat-counter-stool-03-03.jpg;assets\products\farmhouse\board-4189945\product-farmhouse-alten-leather-wood-framed-upholstered-seat-counter-stool-03-04.jpg;assets\products\farmhouse\board-4189945\product-farmhouse-alten-leather-wood-framed-upholstered-seat-counter-stool-03-05.jpg,https://havenly.com/products/details/Alten-Leather-Wood-Framed-Upholstered-Seat-Counter-Stool-Interior-Define-131851426,4189945
Lawson Swivel Chair,Furniture,farmhouse,Modern|Farmhouse|Organic Modern|California Cool,$1240,"33.5""W x 32.5""D x 29.25""H",Performance Classic Weave,Bisque,"A mod silhouette that feels right in just about any space, Lawson's oversized proportions and dramatically rounded shape make for a swivel chair that's as comfortable as it is striking. A subtle slope in the arms, matched with trend-forward piping, only adds to Lawson's elevated appeal. Lawson's hidden base features a steel ball-bearing mechanism for a smooth, 360Ã?Â° swivel.",Interior Define,in_stock,assets\products\farmhouse\board-4189945\product-farmhouse-lawson-swivel-chair-04-01.jpg;assets\products\farmhouse\board-4189945\product-farmhouse-lawson-swivel-chair-04-02.jpg;assets\products\farmhouse\board-4189945\product-farmhouse-lawson-swivel-chair-04-03.jpg;assets\products\farmhouse\board-4189945\product-farmhouse-lawson-swivel-chair-04-04.jpg;assets\products\farmhouse\board-4189945\product-farmhouse-lawson-swivel-chair-04-05.jpg,https://havenly.com/products/details/Lawson-Swivel-Chair-Interior-Define-135731429,4189945
Theory Console Table,Furniture,farmhouse,Modern|Farmhouse|Organic Modern|California Cool,$587.5,70 w x 16 d x 30 h,Wood,Brown,The Theory console table features flat cut Acacia Veneer and rubberwood solids in Fawn finish with adjustable glides.,Rowe Furniture,in_stock,assets\products\farmhouse\board-4189945\product-farmhouse-theory-console-table-05-01.jpg;assets\products\farmhouse\board-4189945\product-farmhouse-theory-console-table-05-02.jpg;assets\products\farmhouse\board-4189945\product-farmhouse-theory-console-table-05-03.jpg;assets\products\farmhouse\board-4189945\product-farmhouse-theory-console-table-05-04.jpg;assets\products\farmhouse\board-4189945\product-farmhouse-theory-console-table-05-05.jpg,https://havenly.com/products/details/Theory-Console-Table-Rowe-Furniture-140107159,4189945
The Citizenry Manai Woven Nightstand,Furniture,farmhouse,Modern|Farmhouse|Organic Modern|California Cool,$719,28x 18 x 24,"Acacia and Acacia Veneer, Jute",Brown,"Talk about a statement piece. An earthy, effortlessly cool accent piece for any bedroom, this nightstand is framed in rich acacia wood in a deep cocoa finish. Accented with intricately woven jute drawer fronts, each piece is finished with modern, architectural touches for a look that won’t ever be overlooked. Handcrafted by a workshop of artisans in Jodhur, India. All made start to finish in a fair trade environment. | The Citizenry Manai Woven Nightstand<br>Measurements: 28"" W x 18"" D x 24"" H",The Citizenry,in_stock,assets\products\farmhouse\board-4189945\product-farmhouse-the-citizenry-manai-woven-nightstand-06-01.jpg;assets\products\farmhouse\board-4189945\product-farmhouse-the-citizenry-manai-woven-nightstand-06-02.jpg;assets\products\farmhouse\board-4189945\product-farmhouse-the-citizenry-manai-woven-nightstand-06-03.jpg;assets\products\farmhouse\board-4189945\product-farmhouse-the-citizenry-manai-woven-nightstand-06-04.jpg;assets\products\farmhouse\board-4189945\product-farmhouse-the-citizenry-manai-woven-nightstand-06-05.jpg,https://havenly.com/products/details/The-Citizenry-Manai-Woven-Nightstand-The-Citizenry-141878908,4189945
Jute Beige Indoor 12' x 15' Handmade Rug,Decor & Pillows,farmhouse,Modern|Farmhouse|Organic Modern|California Cool,$3520,12' x 15',100% Jute,Cream,"This sophisticated Jute area rug is perfect for a cottage style home. The hand woven construction ensures durability and lasting quality, while the jute material makes it easy to clean and maintain. With no pile, this rug will not trap dirt or pet hair, making it ideal for families with pets or children. The fringe adds an eye-catching detail that will bring your room together with effortless style. This jute area rug is made in India and we recommend using a rug pad (not included) for added com",Surya,in_stock,assets\products\farmhouse\board-4189945\product-farmhouse-jute-beige-indoor-12-x-15-handmade-rug-01-01.jpg;assets\products\farmhouse\board-4189945\product-farmhouse-jute-beige-indoor-12-x-15-handmade-rug-01-02.jpg;assets\products\farmhouse\board-4189945\product-farmhouse-jute-beige-indoor-12-x-15-handmade-rug-01-03.jpg,https://havenly.com/products/groups/surya-106-0-571?vendorVariantId=64101533,4189945
"Nanette 20"" Pillow Cover",Decor & Pillows,farmhouse,Modern|Farmhouse|Organic Modern|California Cool,"${'id': '47722702764', 'price': 68.6, '__typename': 'PriceModel'} (was $98)",20x20,Linen,Camel,"With a warm caramel background and light flowers, the intricate motif of the Nanette Pillow Cover brings subtle beauty to your pillow vignettes. Made from 100% linen, the floral pillow cover is both sophisticated and whimsical.",McGee & Co.,in_stock,assets\products\farmhouse\board-4189945\product-farmhouse-nanette-20-pillow-cover-02-01.jpg,https://havenly.com/products/details/Nanette-20-Pillow-Cover-McGee-Co-126642423,4189945
Naturalist Vase,Decor & Pillows,farmhouse,Modern|Farmhouse|Organic Modern|California Cool,$23,4.0 X 3.5 X 4.0,100% Stoneware,Grey,"Let simplicity grow with gentle geometry. The Naturalist earthenware vase is a small yet undoubtedly eye-catching piece of ceramic art that will accent and amplify any natural element. Ideal for decorative rushes, willows, reeds and pampas grass, the Naturalist vessel comes in a larger, darker style to place side by side for volume play., 100% ceramic stoneware, Handmade, plant-safe, Inspired by organic form, Let simplicity grow with gentle geometry. The Naturalist earthenware vase is a small, y",Moes Home Collection,out_of_stock,assets\products\farmhouse\board-4189945\product-farmhouse-naturalist-vase-03-01.jpg;assets\products\farmhouse\board-4189945\product-farmhouse-naturalist-vase-03-02.jpg;assets\products\farmhouse\board-4189945\product-farmhouse-naturalist-vase-03-03.jpg;assets\products\farmhouse\board-4189945\product-farmhouse-naturalist-vase-03-04.jpg;assets\products\farmhouse\board-4189945\product-farmhouse-naturalist-vase-03-05.jpg,https://havenly.com/products/details/Naturalist-Vase-Moes-Home-Collection-131941115,4189945
"Sully SUL-005 18""L x 18""W Polyester Filled Pillow",Decor & Pillows,farmhouse,Modern|Farmhouse|Organic Modern|California Cool,$65,"18""H x 18""W",100% Cotton; 100% Cotton,Orange,"Introducing the Sully accent pillow ? the perfect addition to any minimalist modern home. With its stylishly simple design, this accent pillow is sure to be a standout piece in your living space. Made of soft, durable cotton, this accent pillow offers both comfort and longevity. Its versatile design allows it to easily coordinate with a wide range of styles. Plus, it's easy to care for ? just spot clean with mild detergent or machine wash on delicate cycle in cold water and lay flat to dry. Let ",Surya,in_stock,assets\products\farmhouse\board-4189945\product-farmhouse-sully-sul-005-18-l-x-18-w-polyester-filled-pillow-04-01.jpg;assets\products\farmhouse\board-4189945\product-farmhouse-sully-sul-005-18-l-x-18-w-polyester-filled-pillow-04-02.jpg;assets\products\farmhouse\board-4189945\product-farmhouse-sully-sul-005-18-l-x-18-w-polyester-filled-pillow-04-03.jpg,https://havenly.com/products/details/Sully-SUL-005-18-L-x-18-W-Polyester-Filled-Pillow-Surya-134082470,4189945
The Citizenry Rivi Storage Basket | Oversized | Natural,Decor & Pillows,farmhouse,Modern|Farmhouse|Organic Modern|California Cool,$359,Oversized,Mulaza Palm Leaves,Natural,"A stylish place for your throws or even your laundry, these natural storage baskets are woven together from mulaza palm leaves. With lids that can double as serving trays or reinvent the basket as a side table, these baskets are both beautiful and versatile. Hand woven by artisans in Malawi, each piece takes up to five days to complete. All made start-to-finish in a fair trade environment. Since each basket is crafted by hand, each piece is truly one of a kind. Expect some variation in size and ",The Citizenry,out_of_stock,assets\products\farmhouse\board-4189945\product-farmhouse-the-citizenry-rivi-storage-basket-oversized-natural-05-01.jpg;assets\products\farmhouse\board-4189945\product-farmhouse-the-citizenry-rivi-storage-basket-oversized-natural-05-02.jpg;assets\products\farmhouse\board-4189945\product-farmhouse-the-citizenry-rivi-storage-basket-oversized-natural-05-03.jpg;assets\products\farmhouse\board-4189945\product-farmhouse-the-citizenry-rivi-storage-basket-oversized-natural-05-04.jpg;assets\products\farmhouse\board-4189945\product-farmhouse-the-citizenry-rivi-storage-basket-oversized-natural-05-05.jpg,https://havenly.com/products/details/The-Citizenry-Rivi-Storage-Basket-Oversized-Natural-The-Citizenry-139160190,4189945
"The Citizenry Isidora Pillow | 12"" x 20"" | Olive",Decor & Pillows,farmhouse,Modern|Farmhouse|Organic Modern|California Cool,"${'id': '47716272849', 'price': 111, '__typename': 'PriceModel'} (was $139)","12"" x 20""",Front: 100% WoolBack: 100% Cotton,Olive,"With deep natural hues and chunky, textured wool, this lumbar pillow adds a bit of drama wherever it goes. With a slightly irregular, perfectly imperfect weave, this pillow is truly one of a kind, with a more rustic, natural feel. Handwoven by a group of 10 master artisans in Montevideo, Uruguay, each pillow takes up to a day to complete. All made start-to-finish in a fair trade working environment. This pillow comes ready to style. Cruelty-free down alternative insert included. | The Citizenry ",The Citizenry,out_of_stock,assets\products\farmhouse\board-4189945\product-farmhouse-the-citizenry-isidora-pillow-12-x-20-olive-06-01.jpg;assets\products\farmhouse\board-4189945\product-farmhouse-the-citizenry-isidora-pillow-12-x-20-olive-06-02.jpg;assets\products\farmhouse\board-4189945\product-farmhouse-the-citizenry-isidora-pillow-12-x-20-olive-06-03.jpg;assets\products\farmhouse\board-4189945\product-farmhouse-the-citizenry-isidora-pillow-12-x-20-olive-06-04.jpg;assets\products\farmhouse\board-4189945\product-farmhouse-the-citizenry-isidora-pillow-12-x-20-olive-06-05.jpg,https://havenly.com/products/details/The-Citizenry-Isidora-Pillow-12-x-20-Olive-The-Citizenry-143317616,4189945
"Round Terra-cotta Footed Planter with Rattan Wrapped Decorative Handles, Cream and Natural",Decor & Pillows,farmhouse,Modern|Farmhouse|Organic Modern|California Cool,$113.75,"14-3/4""L x 14-3/4""W x 10""H","90% Terracotta, 10% Rattan",Cream,"Add some charm and character to any indoor plants with this cream terra-cotta planter with rattan handles. This planter has a footed base that elevates plants and adds some dimension to the space. It also has four rattan-wrapped decorative handles that enhance the rustic and natural look of the planter. The planter does not have a drainage hole, so use it indoors without worrying about water leakage. Add a layer of pebbles or gravel at the bottom of the planter to improve drainage and prevent ro",Creative Co-Op,out_of_stock,assets\products\farmhouse\board-4189945\product-farmhouse-round-terra-cotta-footed-planter-with-rattan-wrapped-decorat-07-01.jpg,https://havenly.com/products/details/Round-Terra-cotta-Footed-Planter-with-Rattan-Wrapped-Decorative-Handles-Cream-and-Natural-Creative-Co-Op-124317674,4189945
The Citizenry Zaha Hand-Knotted Area Rug | 9' x 12' | Sand,Rugs,farmhouse,Modern|Farmhouse|Organic Modern|California Cool,"${'id': '47690052598', 'price': 1819, '__typename': 'PriceModel'} (was $2599)",9' x 12',100% New Zealand Wool,Sand,"Let your eyes wander across the rolling waves and ridges of this hand-knotted area rug, crafted from soft sheep’s wool. Inspired by the natural landscape, each piece pairs high-pile chunky textures with an ecru flatweave base, creating a linear pattern with subtle variations in tone. Style as an understated layer to a modern bedroom or add an effortless accent to your home office. Crafted in the Carpet Belt of India, every rug is hand-knotted over days at a workshop in Chedibeer. The work of a c",The Citizenry,out_of_stock,assets\products\farmhouse\board-4189945\product-farmhouse-the-citizenry-zaha-hand-knotted-area-rug-9-x-12-sand-01-01.jpg;assets\products\farmhouse\board-4189945\product-farmhouse-the-citizenry-zaha-hand-knotted-area-rug-9-x-12-sand-01-02.jpg;assets\products\farmhouse\board-4189945\product-farmhouse-the-citizenry-zaha-hand-knotted-area-rug-9-x-12-sand-01-03.jpg;assets\products\farmhouse\board-4189945\product-farmhouse-the-citizenry-zaha-hand-knotted-area-rug-9-x-12-sand-01-04.jpg;assets\products\farmhouse\board-4189945\product-farmhouse-the-citizenry-zaha-hand-knotted-area-rug-9-x-12-sand-01-05.jpg,https://havenly.com/products/details/The-Citizenry-Zaha-Hand-Knotted-Area-Rug-9-x-12-Sand-The-Citizenry-149769647,4189945
"L'Union Black Metal Arc Floor Lamp with Rattan Shade 73"" by Athena Calderone",Lighting,farmhouse,Modern|Farmhouse|Organic Modern|California Cool,"${'id': '47665743904', 'price': 199.94, '__typename': 'PriceModel'} (was $399)","23""Wx20.3""Dx73""H",METAL,Black,"A moment of inspiration inspired Athena Calderone to unite a woven shade with a 1950s lamp base purchased at Paris's renowned Les Puces flea market. The result is our L'Union floor lamp?a dramatic, elegant and contemporary solution to brightening up corners or providing a sculptural focal point to any room. We love the sinuous arc of the lamp's tube from the minimalist tripod base and the jaunty dangle of the perfectly tapered rattan shade.  We've partnered with bestselling author, interior desi",Crate and Barrel,out_of_stock,assets\products\farmhouse\board-4189945\product-farmhouse-l-union-black-metal-arc-floor-lamp-with-rattan-shade-73-by-a-01-01.jpg;assets\products\farmhouse\board-4189945\product-farmhouse-l-union-black-metal-arc-floor-lamp-with-rattan-shade-73-by-a-01-02.jpg;assets\products\farmhouse\board-4189945\product-farmhouse-l-union-black-metal-arc-floor-lamp-with-rattan-shade-73-by-a-01-03.jpg;assets\products\farmhouse\board-4189945\product-farmhouse-l-union-black-metal-arc-floor-lamp-with-rattan-shade-73-by-a-01-04.jpg;assets\products\farmhouse\board-4189945\product-farmhouse-l-union-black-metal-arc-floor-lamp-with-rattan-shade-73-by-a-01-05.jpg,https://havenly.com/products/details/L-Union-Black-Metal-Arc-Floor-Lamp-with-Rattan-Shade-73-by-Athena-Calderone-Crate-and-Barrel-119461490,4189945
"Colorado  Painted 28""H x 17""W x 17""D Accent Table Lamp",Lighting,farmhouse,Modern|Farmhouse|Organic Modern|California Cool,$335,"28""H x 17""W x 17""D",Linen; Metal; Resin; Plastic; Metal,brown,"Illuminate your space with the Colorado Accent Table Lamp. This exquisite lamp is made of a resin body and topped off with a linen shade on the outside and metal on the inside, creating an attractive contrast that adds a unique touch to any room. The lamp also features a plastic finial that adds an extra pop of style. Perfect for reading, writing, or simply brightening up your space, this table lamp is not only functional but also serves as a gorgeous home decor piece. Plus, its care is effortle",Surya,in_stock,assets\products\farmhouse\board-4189945\product-farmhouse-colorado-painted-28-h-x-17-w-x-17-d-accent-table-lamp-02-01.jpg,https://havenly.com/products/details/Colorado-Painted-28-H-x-17-W-x-17-D-Accent-Table-Lamp-Surya-141332752,4189945
"Jensen Black Metal Semi-Flushmount Light 55""",Lighting,farmhouse,Modern|Farmhouse|Organic Modern|California Cool,"${'id': '47723783061', 'price': 463.2, '__typename': 'PriceModel'} (was $579)","55""Wx55""Dx15.75""H",Metal,Black,"Inspired by mid-century modern design, our Jensen ceiling light has delicate, design-forward presence overhead. Three radiating slender arms are adjustable and feature blackened steel shades bordered with petite perforations for an extra designer touch. The three angled shades are finished on their interiors with brass to cast a warm glow. This semi-flush mount light brings a modern sensibility to living rooms and bedrooms, especially paired with the coordinating sconce.      Steel with blackene",Crate and Barrel,in_stock,assets\products\farmhouse\board-4189945\product-farmhouse-jensen-black-metal-semi-flushmount-light-55-03-01.jpg;assets\products\farmhouse\board-4189945\product-farmhouse-jensen-black-metal-semi-flushmount-light-55-03-02.jpg;assets\products\farmhouse\board-4189945\product-farmhouse-jensen-black-metal-semi-flushmount-light-55-03-03.jpg;assets\products\farmhouse\board-4189945\product-farmhouse-jensen-black-metal-semi-flushmount-light-55-03-04.jpg;assets\products\farmhouse\board-4189945\product-farmhouse-jensen-black-metal-semi-flushmount-light-55-03-05.jpg,https://havenly.com/products/details/Jensen-Black-Metal-Semi-Flushmount-Light-55-Crate-and-Barrel-137691809,4189945
"Olia Brass Metal Semi-Flush Mount Light 63""",Lighting,farmhouse,Modern|Farmhouse|Organic Modern|California Cool,$599,"63""Wx63""Dx13.5""H",Metal,Polished Brass,"Our vintage-inspired Olia light adorns your ceiling with a graceful presence in burnished brass. Three slender arms radiate with gestural curves, each supporting a repositionable dome that allows you to redirect light to suit your space. Intentional variations in the patina give the Olia semi-flush mount light the aged look of a stunning antique store find.      Steel with burnished brass finish   5""-dia. iron ceiling plate with burnished brass finish   Articulated shades   3 sockets   E12 bulb ",Crate and Barrel,in_stock,assets\products\farmhouse\board-4189945\product-farmhouse-olia-brass-metal-semi-flush-mount-light-63-04-01.jpg;assets\products\farmhouse\board-4189945\product-farmhouse-olia-brass-metal-semi-flush-mount-light-63-04-02.jpg;assets\products\farmhouse\board-4189945\product-farmhouse-olia-brass-metal-semi-flush-mount-light-63-04-03.jpg;assets\products\farmhouse\board-4189945\product-farmhouse-olia-brass-metal-semi-flush-mount-light-63-04-04.jpg;assets\products\farmhouse\board-4189945\product-farmhouse-olia-brass-metal-semi-flush-mount-light-63-04-05.jpg,https://havenly.com/products/details/Olia-Brass-Metal-Semi-Flush-Mount-Light-63-Crate-and-Barrel-145557961,4189945
Avarie Gold Metal Wall Art Set/3,Art & Mirrors,farmhouse,Modern|Farmhouse|Organic Modern|California Cool,$756,25 W X 21 H X 3 D (in),metal,gold,"This Contemporary Set Of Three Metal Wall Decor Features 3-dimensional Organically Curved Shapes With Radiating Metal Spokes, Finished In A Plated Gold With Mirrored Center Accents. Sizes: Sm-16x13x2, Med-20x18x3, Lg-25x21x3",Uttermost,in_stock,assets\products\farmhouse\board-4189945\product-farmhouse-avarie-gold-metal-wall-art-set-3-01-01.jpg;assets\products\farmhouse\board-4189945\product-farmhouse-avarie-gold-metal-wall-art-set-3-01-02.jpg;assets\products\farmhouse\board-4189945\product-farmhouse-avarie-gold-metal-wall-art-set-3-01-03.jpg;assets\products\farmhouse\board-4189945\product-farmhouse-avarie-gold-metal-wall-art-set-3-01-04.jpg;assets\products\farmhouse\board-4189945\product-farmhouse-avarie-gold-metal-wall-art-set-3-01-05.jpg,https://havenly.com/products/details/Avarie-Gold-Metal-Wall-Art-Set-3-Uttermost-53164750,4189945
Venetian Mirror,Other,farmhouse,Modern|Farmhouse|Organic Modern|California Cool,$1469,"W:47.25"" D:1.5"" H:78.75""","Frame Material: Reclaimed Pine, Upholstery Material:","Frame Finish: Smoke Gray, Upholstery Finish:","Transitional style floor mirror featuring Smoke Gray Pine finish and arched top., Reclaimed Pine Wood, Arched Top, Tip Kit Included",Essentials for Living,out_of_stock,assets\products\farmhouse\board-4189945\product-farmhouse-venetian-mirror-01-01.jpg;assets\products\farmhouse\board-4189945\product-farmhouse-venetian-mirror-01-02.jpg;assets\products\farmhouse\board-4189945\product-farmhouse-venetian-mirror-01-03.jpg;assets\products\farmhouse\board-4189945\product-farmhouse-venetian-mirror-01-04.jpg;assets\products\farmhouse\board-4189945\product-farmhouse-venetian-mirror-01-05.jpg,https://havenly.com/products/details/Venetian-Mirror-Essentials-for-Living-84607429,4189945
Rhea Terracotta Vase,Other,farmhouse,Modern|Farmhouse|Organic Modern|California Cool,"${'id': '47673823108', 'price': 143, '__typename': 'PriceModel'} (was $179)","15.75"" dia. x 15.75""H",Terracota,Beige,"Terra cotta vase presents nicely with rounded handles and an old-world finish. Crafted by skilled potters in Portugal, terra cotta is thrown by hand, then dried and fired using traditional techniques. Vase is then painted by hand with white and beige tones for a look reminiscent of a found antique. Perfect for a faux bouquet or dried botanicals. CB2 exclusive.     Handmade  Terra cotta  Each will be unique  Not watertight  Handles are for decorative purposes; please pick up from the body  Wipe w",CB2,out_of_stock,assets\products\farmhouse\board-4189945\product-farmhouse-rhea-terracotta-vase-02-01.jpg;assets\products\farmhouse\board-4189945\product-farmhouse-rhea-terracotta-vase-02-02.jpg;assets\products\farmhouse\board-4189945\product-farmhouse-rhea-terracotta-vase-02-03.jpg,https://havenly.com/products/details/Rhea-Terracotta-Vase-CB2-118118123,4189945
"Black 1.5"" Standard Curtain Rod and Round End Cap Finials Set 120""-170""",Other,farmhouse,Modern|Farmhouse|Organic Modern|California Cool,$149,"170""Wx1.5""Dx5""H",metal,Black,"Show your curtains off to their best advantage with this modern rod set. Held in understated brackets, the round telescoping rod is finished at each end with button-shaped end cap finials that continue the cylindrical look. The curtain rod set includes a telescoping rod, brackets and mounting hardware, all in black. Complete your window dressing with our black curtain rings and tiebacks (sold separately).     Stainless steel and zinc alloy  Black finish  1.5""-dia. rod  20-lb. weight limit for 28",Crate and Barrel,out_of_stock,assets\products\farmhouse\board-4189945\product-farmhouse-black-1-5-standard-curtain-rod-and-round-end-cap-finials-set-03-01.jpg,https://havenly.com/products/details/Black-1-5-Standard-Curtain-Rod-and-Round-End-Cap-Finials-Set-120-170-Crate-and-Barrel-118967851,4189945
"Black 1.5"" Standard Curtain Rod and Round End Cap Finials Set 48""-88""",Other,farmhouse,Modern|Farmhouse|Organic Modern|California Cool,$129,"48""-88""Wx1.5""Dx5""H",metal,Black,"Show your curtains off to their best advantage with this modern rod set. Held in understated brackets, the round telescoping rod is finished at each end with button-shaped end cap finials that continue the cylindrical look. The curtain rod set includes a telescoping rod, brackets and mounting hardware, all in black. Complete your window dressing with our black curtain rings and tiebacks (sold separately).     Stainless steel and zinc alloy  Black finish  1.5""-dia. rod  20-lb. weight limit for 28",Crate and Barrel,out_of_stock,assets\products\farmhouse\board-4189945\product-farmhouse-black-1-5-standard-curtain-rod-and-round-end-cap-finials-set-04-01.jpg,https://havenly.com/products/details/Black-1-5-Standard-Curtain-Rod-and-Round-End-Cap-Finials-Set-48-88-Crate-and-Barrel-118967945,4189945
"Ivory European Linen Window Curtain Panel 52""x108""",Other,farmhouse,Modern|Farmhouse|Organic Modern|California Cool,$199.95,"52""Wx108""H",LINEN,Ivory,"Sustainable linen weaves a luxurious curtain in serene ivory. Washed for enhanced softness, the opaque curtain panel drapes beautifully. Hang our exclusive flax linen curtain from the back tabs for an elegant pleated style, use the rod pocket to create a more laid-back gathered look or add a set of our curtain clips (sold separately).  Curtain hardware also available.  Learn how to hang curtains in our guide.       100% Masters of FLAX FIBRE™ certified flax of European origin   100% cotton liner",Crate and Barrel,in_stock,assets\products\farmhouse\board-4189945\product-farmhouse-ivory-european-linen-window-curtain-panel-52-x108-05-01.jpg;assets\products\farmhouse\board-4189945\product-farmhouse-ivory-european-linen-window-curtain-panel-52-x108-05-02.jpg;assets\products\farmhouse\board-4189945\product-farmhouse-ivory-european-linen-window-curtain-panel-52-x108-05-03.jpg;assets\products\farmhouse\board-4189945\product-farmhouse-ivory-european-linen-window-curtain-panel-52-x108-05-04.jpg,https://havenly.com/products/groups/crate-and-barrel-1014320-147383?vendorVariantId=119333294,4189945
"Leo Large Marble Tray 16"" by Jake Arnold",Other,farmhouse,Modern|Farmhouse|Organic Modern|California Cool,"${'id': '47481623231', 'price': 59.97, '__typename': 'PriceModel'} (was $199)","16""Wx10""Dx1.75""H",MARBLE,Multicolor,"Jake Arnold loves bringing marble to living spaces, especially this stunning green stone with pink veining. This tray takes a very function-first approach to marble so that its natural beauty can be admired—each one is fascinatingly unique—while it serves a practical purpose. The crisp lines and rectangular form contrast intriguingly with the marble's organic swirls. We love using this large tray as a catch-all on a desk, bar, entryway table or bar.  Jake Arnold, interior designer and co-founder",Crate and Barrel,out_of_stock,assets\products\farmhouse\board-4189945\product-farmhouse-leo-large-marble-tray-16-by-jake-arnold-06-01.jpg;assets\products\farmhouse\board-4189945\product-farmhouse-leo-large-marble-tray-16-by-jake-arnold-06-02.jpg;assets\products\farmhouse\board-4189945\product-farmhouse-leo-large-marble-tray-16-by-jake-arnold-06-03.jpg;assets\products\farmhouse\board-4189945\product-farmhouse-leo-large-marble-tray-16-by-jake-arnold-06-04.jpg;assets\products\farmhouse\board-4189945\product-farmhouse-leo-large-marble-tray-16-by-jake-arnold-06-05.jpg,https://havenly.com/products/details/Leo-Large-Marble-Tray-16-by-Jake-Arnold-Crate-and-Barrel-126725497,4189945
"Tuck Green Linen Throw Pillow Cover 20''x20""",Other,farmhouse,Modern|Farmhouse|Organic Modern|California Cool,"${'id': '47673823335', 'price': 29.97, '__typename': 'PriceModel'} (was $47.95)","20""Wx20""H",Linen,Green,"Made with fine EUROPEAN FLAX ™ linen, green throw pillow has a front middle tuck for a minimalist detail. The back is color-matched to the front to create a cohesive look. CB2 exclusive.     100% EUROPEAN FLAX™ linen  Color-matched back  Hidden zipper closure  Spot-clean only  Made in Portugal Tuck Green Linen Throw Pillow Cover 20''x20""",CB2,out_of_stock,assets\products\farmhouse\board-4189945\product-farmhouse-tuck-green-linen-throw-pillow-cover-20-x20-07-01.jpg;assets\products\farmhouse\board-4189945\product-farmhouse-tuck-green-linen-throw-pillow-cover-20-x20-07-02.jpg;assets\products\farmhouse\board-4189945\product-farmhouse-tuck-green-linen-throw-pillow-cover-20-x20-07-03.jpg;assets\products\farmhouse\board-4189945\product-farmhouse-tuck-green-linen-throw-pillow-cover-20-x20-07-04.jpg,https://havenly.com/products/details/Tuck-Green-Linen-Throw-Pillow-Cover-20-x20-CB2-137120080,4189945
Geometric Terracotta Urn,Other,farmhouse,Modern|Farmhouse|Organic Modern|California Cool,"${'id': '47660502354', 'price': 49.95, '__typename': 'PriceModel'} (was $68)",.,Terracotta,red,"Crafted by hand from warm-hued terracotta, this urn has a subtly angular silhouette that provides sleek contrast for lush plantings. Geometric Terracotta Urn by Terrain in Brown, Size: 10 "" at Anthropologie",Anthropologie,out_of_stock,assets\products\farmhouse\board-4189945\product-farmhouse-geometric-terracotta-urn-08-01.jpg,https://havenly.com/products/details/Geometric-Terracotta-Urn-Anthropologie-140738075,4189945
Cement Orb Planter,Other,farmhouse,Modern|Farmhouse|Organic Modern|California Cool,"${'id': '47674801018', 'price': 15.97, '__typename': 'PriceModel'} (was $38)",.,.,.,"Perched on a tapered base, this rounded cement planter elevates your houseplants in understated style. Cement Orb Planter by Terrain in Brown, Size: 10 "" at Anthropologie",Anthropologie,out_of_stock,assets\products\farmhouse\board-4189945\product-farmhouse-cement-orb-planter-09-01.jpg,https://havenly.com/products/details/Cement-Orb-Planter-Anthropologie-148918522,4189945
"Large Round Terra-cotta Urn, Orange and Whitewashed",Other,farmhouse,Modern|Farmhouse|Organic Modern|California Cool,$113.75,13.75x13.5x13,Terracotta,Orange,"This orange and whitewashed terra-cotta urn is a stunning and versatile piece that can be used as a planter, a vase, or a decorative accent. It is crafted from durable terra-cotta that has a smooth and glossy finish. It has a textured surface that creates a stunning visual effect. The texture adds some dimension and contrasts to the smoothness of the plants or flowers. The urn has an orange and whitewashed color scheme that creates a warm and cozy atmosphere. The urn has two small decorative han",Creative Co-Op,out_of_stock,assets\products\farmhouse\board-4189945\product-farmhouse-large-round-terra-cotta-urn-orange-and-whitewashed-10-01.jpg,https://havenly.com/products/details/Large-Round-Terra-cotta-Urn-Orange-and-Whitewashed-Creative-Co-Op-80659539,4189945
Talisman Wall Art,Other,farmhouse,Modern|Farmhouse|Organic Modern|California Cool,$758,/,Talisman Wall Art,"White, Black, Yellow","This textile piece resembles a creamy gilded modern sculpture. Cat Lisle has placed each gilded stripe on soft white fabric for a modernist, elegant wall hanging, and sewn it by hand to create this luscious fabric mosaic that would add richness and depth, and curiosity to any space. About Catherine Lisle Cat Lisle lives in Gainsville, Florida, and received her BFA from the University of Florida. After graduating, she founded the Artitorium, a cooperatively run community art center. In 1990, she ",Anthropologie,out_of_stock,assets\products\farmhouse\board-4189945\product-farmhouse-talisman-wall-art-11-01.jpg,https://havenly.com/products/details/Talisman-Wall-Art-Anthropologie-139356005,4189945
Flat Stack VI by FH Art Studio - Black,Other,farmhouse,Modern|Farmhouse|Organic Modern|California Cool,$799,24.0 x 1.5 x 19.5,"Tape, Ambrosia Gold, Acrylic Glazing","Black, 1.5 Ambrosia Gold, Clear Acrylic","Flat-stacked tonal ranges of laser-cut papers form abstracted shapes that play with tension, scale and balance. Heavy contrast with a bold modern piece in an antique-inspired gold moulded frame. Two hanging orientations provide versatility for mixing and matching, as well as gallery wall placements. If not currently in stock, this texture-enhanced piece ships within three weeks. Handmade in Austin, Texas.",Four Hands,out_of_stock,assets\products\farmhouse\board-4189945\product-farmhouse-flat-stack-vi-by-fh-art-studio-black-12-01.jpg;assets\products\farmhouse\board-4189945\product-farmhouse-flat-stack-vi-by-fh-art-studio-black-12-02.jpg;assets\products\farmhouse\board-4189945\product-farmhouse-flat-stack-vi-by-fh-art-studio-black-12-03.jpg;assets\products\farmhouse\board-4189945\product-farmhouse-flat-stack-vi-by-fh-art-studio-black-12-04.jpg;assets\products\farmhouse\board-4189945\product-farmhouse-flat-stack-vi-by-fh-art-studio-black-12-05.jpg,https://havenly.com/products/details/Flat-Stack-VI-by-FH-Art-Studio-Black-Four-Hands-139391493,4189945
Boone Drink Table,Furniture,farmhouse,Industrial|Farmhouse|Rustic|Library,$393.6,"12"" x 12"" x 21""",solid acacia wood,Brown,"Showcasing The Beauty Of Monochromatic Natural Tones, This Drink Table Features Solid Acacia Wood Pieces With Asymmetrically Placed Cutouts, Creating A Perfect Landing Spot For A Glass Or Book.",Uttermost,in_stock,assets\products\farmhouse\board-4198168\product-farmhouse-boone-drink-table-01-01.jpg;assets\products\farmhouse\board-4198168\product-farmhouse-boone-drink-table-01-02.jpg;assets\products\farmhouse\board-4198168\product-farmhouse-boone-drink-table-01-03.jpg;assets\products\farmhouse\board-4198168\product-farmhouse-boone-drink-table-01-04.jpg;assets\products\farmhouse\board-4198168\product-farmhouse-boone-drink-table-01-05.jpg,https://havenly.com/products/details/Boone-Drink-Table-Uttermost-75836890,4198168
Halston Chair - Heirloom Black,Furniture,farmhouse,Industrial|Farmhouse|Rustic|Library,$1999,30.0 x 34.25 x 32.0,"Top Grain Leather, Solid Ash","Heirloom Black, Terra Brown Ash","A Seventies-era style inspired by a flea market find, a dramatically tufted sling seat of black top-grain leather angles at the just-right pitch for total comfort, with wide, brown ash framing. Sourced from one of the oldest family-owned tanneries in Italy's Bassano del Grappa, heirloom leather is salvaged and processed from upcycled hides featuring an abundance of natural markings, scars and color variations. The result? Beautifully supple, buttery soft hides with an unmatched depth of color an",Four Hands,back_ordered,assets\products\farmhouse\board-4198168\product-farmhouse-halston-chair-heirloom-black-02-01.jpg;assets\products\farmhouse\board-4198168\product-farmhouse-halston-chair-heirloom-black-02-02.jpg;assets\products\farmhouse\board-4198168\product-farmhouse-halston-chair-heirloom-black-02-03.jpg;assets\products\farmhouse\board-4198168\product-farmhouse-halston-chair-heirloom-black-02-04.jpg;assets\products\farmhouse\board-4198168\product-farmhouse-halston-chair-heirloom-black-02-05.jpg,https://havenly.com/products/groups/four-hands-229488-84643?vendorVariantId=126619559,4198168
Humphrey Desk Chair - Sonoma Black,Furniture,farmhouse,Industrial|Farmhouse|Rustic|Library,$1649,28.75 x 28.25 x 38.25,"Aluminum, Top Grain Leather","Polished Aluminum, Sonoma Black",Black top-grain leather and polished aluminum fuse in this modern office chair perfectly sized for executive desks. Casters plus height adjustability add ease.,Four Hands,in_stock,assets\products\farmhouse\board-4198168\product-farmhouse-humphrey-desk-chair-sonoma-black-03-01.jpg;assets\products\farmhouse\board-4198168\product-farmhouse-humphrey-desk-chair-sonoma-black-03-02.jpg;assets\products\farmhouse\board-4198168\product-farmhouse-humphrey-desk-chair-sonoma-black-03-03.jpg;assets\products\farmhouse\board-4198168\product-farmhouse-humphrey-desk-chair-sonoma-black-03-04.jpg;assets\products\farmhouse\board-4198168\product-farmhouse-humphrey-desk-chair-sonoma-black-03-05.jpg,https://havenly.com/products/groups/four-hands-227174-84557?vendorVariantId=133889843,4198168
"Portofino 87"" Cerused White Oak Wood Desk by Gianfranco Frattini",Furniture,farmhouse,Industrial|Farmhouse|Rustic|Library,$1399,"79.5""Wx31.5""Dx28.75""H",WOOD,Natural,"Believed to be among Gianfranco Frattini's earliest designs, this well-proportioned desk was recreated from vintage black and white photographs. In staying true to its 1950s origins, our update retains the unique cutouts and spaces, with details such as a rubber-wrapped foot rest and solid wood drawer guides pulled directly from Frattini's found photograph. Satin black powdercoated legs and a champagne brass crossbar beautifully complement the natural beauty of the wood, which is certified susta",CB2,in_stock,assets\products\farmhouse\board-4198168\product-farmhouse-portofino-87-cerused-white-oak-wood-desk-by-gianfranco-fratt-04-01.jpg;assets\products\farmhouse\board-4198168\product-farmhouse-portofino-87-cerused-white-oak-wood-desk-by-gianfranco-fratt-04-02.jpg;assets\products\farmhouse\board-4198168\product-farmhouse-portofino-87-cerused-white-oak-wood-desk-by-gianfranco-fratt-04-03.jpg;assets\products\farmhouse\board-4198168\product-farmhouse-portofino-87-cerused-white-oak-wood-desk-by-gianfranco-fratt-04-04.jpg;assets\products\farmhouse\board-4198168\product-farmhouse-portofino-87-cerused-white-oak-wood-desk-by-gianfranco-fratt-04-05.jpg,https://havenly.com/products/details/Portofino-87-Cerused-White-Oak-Wood-Desk-by-Gianfranco-Frattini-CB2-120574887,4198168
Mira Brown Nesting Side Tables,Furniture,farmhouse,Industrial|Farmhouse|Rustic|Library,$629,L:17W x 19D x 22H; M:13.5W x 17.25D x 20H; S:9.5W x 16D x 18,Sheesham wood solids,Light Brown,The sloping front legs of these 3-in-1 nesting tables create a mesmerizing geometry â€“ and a Z shape with the tabletops. The unadulterated wet sand finish showcases the intricate graining of the exotic sheesham Wood these tables are crafted from.,Butler Specialty Co.,in_stock,assets\products\farmhouse\board-4198168\product-farmhouse-mira-brown-nesting-side-tables-05-01.jpg;assets\products\farmhouse\board-4198168\product-farmhouse-mira-brown-nesting-side-tables-05-02.jpg,https://havenly.com/products/details/Mira-Brown-Nesting-Side-Tables-Butler-Specialty-Co-118126373,4198168
Montego Nightstand,Furniture,farmhouse,Industrial|Farmhouse|Rustic|Library,$699,"18 X X 15.5 x 17,5","Solid Oak, Metal Legs",Natural,"Built with solid oak wood on top of a minimal designed metal legs, the Montego nightstand is a nod to scandinavian aesthetic. Keep your bedside essentials inside the wood-glide drawer, while store your favorite books at the bottom for easy access. Metal accents such as door handles and legs brings lightness and warmth to your bedroom space., Solid Oak Wood Construction, Deep, single drawer with an open shelf compartment, Metal Legs, Built with solid Oak, the Montego nightstand drawer feature a c",Moes Home Collection,out_of_stock,assets\products\farmhouse\board-4198168\product-farmhouse-montego-nightstand-06-01.jpg;assets\products\farmhouse\board-4198168\product-farmhouse-montego-nightstand-06-02.jpg;assets\products\farmhouse\board-4198168\product-farmhouse-montego-nightstand-06-03.jpg;assets\products\farmhouse\board-4198168\product-farmhouse-montego-nightstand-06-04.jpg;assets\products\farmhouse\board-4198168\product-farmhouse-montego-nightstand-06-05.jpg,https://havenly.com/products/details/Montego-Nightstand-Moes-Home-Collection-131940878,4198168
Herb Planter,Decor & Pillows,farmhouse,Industrial|Farmhouse|Rustic|Library,$35,5.75 X 5.25 X 5.75,100% Stoneware,White,"Your houseplants do a lot for you, it’s best to give them a good home. Here to amplify your bloom’s beauty, the Herb ceramic planter is a groovy creation that features hand-etched scale patterning in a neutral, nearly white shade. Good things always come in threes. This planter is available in 3 varying sizes so you can add an ideal jolt of much-needed green energy to your space. The power of plants…. Nature's calling., 100% ceramic stoneware, Handmade, plant-safe, Scale patterning throughout ve",Moes Home Collection,out_of_stock,assets\products\farmhouse\board-4198168\product-farmhouse-herb-planter-01-01.jpg;assets\products\farmhouse\board-4198168\product-farmhouse-herb-planter-01-02.jpg;assets\products\farmhouse\board-4198168\product-farmhouse-herb-planter-01-03.jpg,https://havenly.com/products/details/Herb-Planter-Moes-Home-Collection-131941088,4198168
"The Citizenry Ghama Suede Pillow | 20"" x 20"" | Olive",Decor & Pillows,farmhouse,Industrial|Farmhouse|Rustic|Library,"${'id': '47679572645', 'price': 119.2, '__typename': 'PriceModel'} (was $149)","20"" x 20""",Front: 100% Suede. Back: 100% Linen,Olive,"Simplicity goes with everything. An understated staple, this effortless accent pillow is stitched with a square, border-like design that plays well in any room. Available in shades of chocolate, caramel, or olive, each piece is the perfect mixer for your favorite armchair or a layered bed. Made from ethically-sourced leather suede from Kolkata, each pillow is handcrafted in a workshop in Gurgaon. From start-to-finish, each pillow takes 1 day to complete. All made in a fair trade environment. NOT",The Citizenry,out_of_stock,assets\products\farmhouse\board-4198168\product-farmhouse-the-citizenry-ghama-suede-pillow-20-x-20-olive-02-01.jpg;assets\products\farmhouse\board-4198168\product-farmhouse-the-citizenry-ghama-suede-pillow-20-x-20-olive-02-02.jpg;assets\products\farmhouse\board-4198168\product-farmhouse-the-citizenry-ghama-suede-pillow-20-x-20-olive-02-03.jpg;assets\products\farmhouse\board-4198168\product-farmhouse-the-citizenry-ghama-suede-pillow-20-x-20-olive-02-04.jpg;assets\products\farmhouse\board-4198168\product-farmhouse-the-citizenry-ghama-suede-pillow-20-x-20-olive-02-05.jpg,https://havenly.com/products/details/The-Citizenry-Ghama-Suede-Pillow-20-x-20-Olive-The-Citizenry-149769626,4198168
Ossa Decorative Vessel,Decor & Pillows,farmhouse,Industrial|Farmhouse|Rustic|Library,$96,7.0 X 8.0 X 7.0,Terracotta,Beige,"A journey through time, these vessels are handmade in the northern coastal city of Chulucanas, Peru using techniques dating back 1500 years. Each piece is individually formed, slip-decorated, then hand-burnished with a special stone to create a subtle luster. A distinct smokey scent lingers inside from the kiln fire it is born from. The Ossa decorative vessel is textured with linear detailing, showcasing the clay's versatility, expressing personality and playfulness, breathing the beauty of anci",Moes Home Collection,out_of_stock,assets\products\farmhouse\board-4198168\product-farmhouse-ossa-decorative-vessel-03-01.jpg;assets\products\farmhouse\board-4198168\product-farmhouse-ossa-decorative-vessel-03-02.jpg;assets\products\farmhouse\board-4198168\product-farmhouse-ossa-decorative-vessel-03-03.jpg;assets\products\farmhouse\board-4198168\product-farmhouse-ossa-decorative-vessel-03-04.jpg;assets\products\farmhouse\board-4198168\product-farmhouse-ossa-decorative-vessel-03-05.jpg,https://havenly.com/products/details/Ossa-Decorative-Vessel-Moes-Home-Collection-131941499,4198168
"Decorative Arched Wood Vase, Natural",Decor & Pillows,farmhouse,Industrial|Farmhouse|Rustic|Library,$68.4,9.45x3.15x12.2,Wood,Natural,"This modern boho vase features arched wood construction in a natural finish; 100% chinaberry wood; 9.5"" L x 3"" W x 12.25"" H",Bloomingville,out_of_stock,assets\products\farmhouse\board-4198168\product-farmhouse-decorative-arched-wood-vase-natural-04-01.jpg,https://havenly.com/products/details/Decorative-Arched-Wood-Vase-Natural-Bloomingville-118131586,4198168
Koepel Large Table Lamp - Brass,Lighting,farmhouse,Industrial|Farmhouse|Rustic|Library,$179,18 x 12.5 x 12.5,"Glass, steel, textile cord",Brass,"Brass Table Lamp, Smoked Glass Base, Mid-Century Design | Article Koepel Modern Lighting & Decor. A fun guy. The Koepel table lamp features an iconic retro mushroom shape in an upscale 21st-century style. With a brass-finished dome top and smoked-glass base, the Koepel is ready to illuminate your late-night strokes of genius or add distinguished ambience to your evening whiskey tastings. Bonus: the brass textile cord is pretty enough to leave on display. Groovy, baby.",Article,in_stock,assets\products\farmhouse\board-4198168\product-farmhouse-koepel-large-table-lamp-brass-01-01.jpg;assets\products\farmhouse\board-4198168\product-farmhouse-koepel-large-table-lamp-brass-01-02.jpg;assets\products\farmhouse\board-4198168\product-farmhouse-koepel-large-table-lamp-brass-01-03.jpg;assets\products\farmhouse\board-4198168\product-farmhouse-koepel-large-table-lamp-brass-01-04.jpg;assets\products\farmhouse\board-4198168\product-farmhouse-koepel-large-table-lamp-brass-01-05.jpg,https://havenly.com/products/groups/article-koepeltable-desk-lamp-9444?vendorVariantId=72444936,4198168
"Livabliss Hartford Black Painted 21""H x 15""W x 6""D Task Table Lamp",Lighting,farmhouse,Industrial|Farmhouse|Rustic|Library,$155,"21"" H x 15"" W x 6"" D","Marble base, metal shade and body",Black,Our Hartford Collection offers an enduring presentation of the modern form that will competently revitalize your decor space. These pieces are expertly crafted and hand finished to perfection ensuring quality; helping to make these pieces a mainstay in your home. Crafted in China from Metal; Metal; Marble. For optimal product care; wipe clean with a dry cloth as needed. Manufacturers 30 Day Limited Warranty.,Surya,out_of_stock,assets\products\farmhouse\board-4198168\product-farmhouse-livabliss-hartford-black-painted-21-h-x-15-w-x-6-d-task-tabl-02-01.jpg;assets\products\farmhouse\board-4198168\product-farmhouse-livabliss-hartford-black-painted-21-h-x-15-w-x-6-d-task-tabl-02-02.jpg;assets\products\farmhouse\board-4198168\product-farmhouse-livabliss-hartford-black-painted-21-h-x-15-w-x-6-d-task-tabl-02-03.jpg;assets\products\farmhouse\board-4198168\product-farmhouse-livabliss-hartford-black-painted-21-h-x-15-w-x-6-d-task-tabl-02-04.jpg;assets\products\farmhouse\board-4198168\product-farmhouse-livabliss-hartford-black-painted-21-h-x-15-w-x-6-d-task-tabl-02-05.jpg,https://havenly.com/products/details/Livabliss-Hartford-Black-Painted-21-H-x-15-W-x-6-D-Task-Table-Lamp-Surya-118127498,4198168
Whitmire 10.5'' High 1-Light Plug-In/Hardwire Sconce - Matte Black,Lighting,farmhouse,Industrial|Farmhouse|Rustic|Library,$218,4.75 x 17.75 x 10.5,Metal,Matte Black,"The Whitmire Sconce is a midcentury-inspired wall-mounted task light with an elongated conical metal shade. The shade can be angled in multiple directions, and the dual mount fixture can be hardwired or plugged in.",Elk Home,out_of_stock,assets\products\farmhouse\board-4198168\product-farmhouse-whitmire-10-5-high-1-light-plug-in-hardwire-sconce-matte-bla-03-01.jpg;assets\products\farmhouse\board-4198168\product-farmhouse-whitmire-10-5-high-1-light-plug-in-hardwire-sconce-matte-bla-03-02.jpg;assets\products\farmhouse\board-4198168\product-farmhouse-whitmire-10-5-high-1-light-plug-in-hardwire-sconce-matte-bla-03-03.jpg;assets\products\farmhouse\board-4198168\product-farmhouse-whitmire-10-5-high-1-light-plug-in-hardwire-sconce-matte-bla-03-04.jpg;assets\products\farmhouse\board-4198168\product-farmhouse-whitmire-10-5-high-1-light-plug-in-hardwire-sconce-matte-bla-03-05.jpg,https://havenly.com/products/details/Whitmire-10-5-High-1-Light-Plug-In-Hardwire-Sconce-Matte-Black-Elk-Home-130255472,4198168
Fanimation Kwad 52 Dark Bronze Ceiling Fan with Reversible Blades & LED Light Kit,Lighting,farmhouse,Industrial|Farmhouse|Rustic|Library,$389.98,"52""Wx52""Dx15.05""H",WOOD,Bronze,"The Kwad fan's tulip-shaped base integrates a light fixture and fan hub into one streamlined design. Activated by a remote control, the ceiling fan's four walnut-finished wood blades operate at three speeds. A flip of the manual switch reverses the airflow direction to provide cooling breezes in the summer and facilitate heat distribution in the winter. And the blades are reversible, allowing for the cherry or dark walnut sides to show. Kwad's sleek look brings clean lines and contemporary style",Crate and Barrel,in_stock,assets\products\farmhouse\board-4198168\product-farmhouse-fanimation-kwad-52-dark-bronze-ceiling-fan-with-reversible-b-04-01.jpg;assets\products\farmhouse\board-4198168\product-farmhouse-fanimation-kwad-52-dark-bronze-ceiling-fan-with-reversible-b-04-02.jpg,https://havenly.com/products/details/Fanimation-Kwad-52-Dark-Bronze-Ceiling-Fan-with-Reversible-Blades-LED-Light-Kit-Crate-and-Barrel-85987209,4198168
MIRROR,Art & Mirrors,farmhouse,Industrial|Farmhouse|Rustic|Library,$200,30 W X 30 H X 2 D (in),"MIRROR,IRON, MDF, FELT",ANTIQUED BRONZE METAL MIRROR,"This 30"" round frame is made of a thick metal, finished in an antiqued bronze. The mirror is hung using a wide strap with decorative hook. Overall hanging height with strap is 45 inches.",Uttermost,in_stock,assets\products\farmhouse\board-4198168\product-farmhouse-mirror-01-01.jpg;assets\products\farmhouse\board-4198168\product-farmhouse-mirror-01-02.jpg;assets\products\farmhouse\board-4198168\product-farmhouse-mirror-01-03.jpg;assets\products\farmhouse\board-4198168\product-farmhouse-mirror-01-04.jpg;assets\products\farmhouse\board-4198168\product-farmhouse-mirror-01-05.jpg,https://havenly.com/products/details/MIRROR-Uttermost-75835955,4198168
"'Gia I' Screen Printed Wall Art in Brass Frame 18""x24""",Art & Mirrors,farmhouse,Industrial|Farmhouse|Rustic|Library,"${'id': '47673823141', 'price': 69.97, '__typename': 'PriceModel'} (was $99.95)","18""x24""",METAL,WHITE,"Inspired by the rhythms of rippling water, the repeated geometries in  Bryn Namavari's  ""Gia I"" interweave into an abstract wave design. CB2 exclusive.     Designed by Bryn Namavari  Art screen-printed on premium paper  Aluminum gallery frame with brass finish  Framed under glass  Unmatted  Hangs vertically  Wipe clean with a soft, dry cloth  Made in Taiwan   Note: Art and frame ship separately. Art is only available for purchase with a frame. 'Gia I' Screen Printed Wall Art in Brass Frame 18""x2",CB2,out_of_stock,assets\products\farmhouse\board-4198168\product-farmhouse-gia-i-screen-printed-wall-art-in-brass-frame-18-x24-02-01.jpg;assets\products\farmhouse\board-4198168\product-farmhouse-gia-i-screen-printed-wall-art-in-brass-frame-18-x24-02-02.jpg;assets\products\farmhouse\board-4198168\product-farmhouse-gia-i-screen-printed-wall-art-in-brass-frame-18-x24-02-03.jpg,https://havenly.com/products/details/Gia-I-Screen-Printed-Wall-Art-in-Brass-Frame-18-x24-CB2-106184531,4198168
"'Gia II' Screen Printed Wall Art in Brass Frame 18""x24""",Art & Mirrors,farmhouse,Industrial|Farmhouse|Rustic|Library,"${'id': '47673823142', 'price': 69.97, '__typename': 'PriceModel'} (was $99.95)","18""x24""",Metal Frame,"Black, White, & Gold","Inspired by the rhythms of rippling water, the repeated geometries in  Bryn Namavari's  ""Gia II"" interweave into an abstract wave design. CB2 exclusive.     Designed by Bryn Namavari  Art screen-printed on premium paper  Aluminum gallery frame with brass finish  Framed under glass  Unmatted  Hangs vertically  Wipe clean with a soft, dry cloth  Made in Taiwan   Note: Art and frame ship separately. Art is only available for purchase with a frame. 'Gia II' Screen Printed Wall Art in Brass Frame 18""",CB2,out_of_stock,assets\products\farmhouse\board-4198168\product-farmhouse-gia-ii-screen-printed-wall-art-in-brass-frame-18-x24-03-01.jpg;assets\products\farmhouse\board-4198168\product-farmhouse-gia-ii-screen-printed-wall-art-in-brass-frame-18-x24-03-02.jpg;assets\products\farmhouse\board-4198168\product-farmhouse-gia-ii-screen-printed-wall-art-in-brass-frame-18-x24-03-03.jpg,https://havenly.com/products/details/Gia-II-Screen-Printed-Wall-Art-in-Brass-Frame-18-x24-CB2-106184712,4198168
'Quarto' Framed Wall Art Set of 4 by Ackerman,Other,farmhouse,Industrial|Farmhouse|Rustic|Library,"${'id': '47303318855', 'price': 489.97, '__typename': 'PriceModel'} (was $699)","24"" square each","Paper, framed",Black,"A study in contrast, the andamp;quot;Quartoandamp;quot; series pays homage to an original 1969 tapestry by Los Angeles artist Evelyn Ackerman. Reimagined as four high-contrast prints to allow for versatile arrangement, the original tapestry was selected for the Pasadena Art Museum's annual California Design exhibition to exemplify the importance of good creative design. andamp;quot;Quartoandamp;quot; is printed on archival paper and installed in a black metal frame. CB2 exclusive.Founding ERA In",CB2,out_of_stock,assets\products\farmhouse\board-4198168\product-farmhouse-quarto-framed-wall-art-set-of-4-by-ackerman-01-01.jpg,https://havenly.com/products/details/Quarto-Framed-Wall-Art-Set-of-4-by-Ackerman-CB2-133496589,4198168
Shingled Stoneware Pot,Other,farmhouse,Industrial|Farmhouse|Rustic|Library,$24,.,.,.,"A crackle glaze adds one-of-a-kind texture to this stoneware vessel, cleverly shaped to resemble overlapping shingles. Shingled Stoneware Pot by Terrain in Grey, Size: 5"" at Anthropologie",Anthropologie,out_of_stock,assets\products\farmhouse\board-4198168\product-farmhouse-shingled-stoneware-pot-02-01.jpg,https://havenly.com/products/details/Shingled-Stoneware-Pot-Anthropologie-138765503,4198168
Charlotte Tall Cabinet Black,Other,farmhouse,Industrial|Farmhouse|Rustic|Library,$3099,40.0” W X 18.85” D X 80.0” H,"Solid Ash Door Frame, Drawer Handle, Ash Veneer over MDF Body, Oak Veneer Shelf and Inner Drawer, Rubber Wood Base, 5mm Tempered Glass",Black,"Solid Ash door frame, drawer handle with soft close glides, Ash veneer over MDF body, oak veneer shelf & inner drawer with rubber wood base, Matt black ash/natural ash/oak finish, Inspired by the simple elegance of French Cleat handles, the Charlotte tall cabinet features a captivating two-tone design with a sleek black outer frame and natural interior, while tempered glass doors offer a stylish, protective showcase.",Moes Home Collection,in_stock,assets\products\farmhouse\board-4198168\product-farmhouse-charlotte-tall-cabinet-black-03-01.jpg;assets\products\farmhouse\board-4198168\product-farmhouse-charlotte-tall-cabinet-black-03-02.jpg,https://havenly.com/products/details/Charlotte-Tall-Cabinet-Black-Moes-Home-Collection-146540876,4198168
"Natural Elm Wood Floating Shelf 48""",Other,farmhouse,Industrial|Farmhouse|Rustic|Library,$249,"47.5""Wx13""Dx2.63""H",Wood,Lt Brown,"Our striking yet understated natural elm shelf seamlessly adds storage and display space. Appearing to float effortlessly on the wall, the minimalist shelf boasts an organic warmth and clean, contemporary lines that elevate anything placed upon it. Use this easy-to-install floating shelf-available in four lengths-on its own or in multiples to present beloved ceramics in the kitchen, folded towels in the bathroom or books, candles and decorative objects in the living room.   • FSCr-certified elm ",Crate and Barrel,out_of_stock,assets\products\farmhouse\board-4198168\product-farmhouse-natural-elm-wood-floating-shelf-48-04-01.jpg;assets\products\farmhouse\board-4198168\product-farmhouse-natural-elm-wood-floating-shelf-48-04-02.jpg;assets\products\farmhouse\board-4198168\product-farmhouse-natural-elm-wood-floating-shelf-48-04-03.jpg,https://havenly.com/products/details/Natural-Elm-Wood-Floating-Shelf-48-Crate-and-Barrel-137821235,4198168
"Natural Elm Wood Floating Shelf 66""",Other,farmhouse,Industrial|Farmhouse|Rustic|Library,$299,"66""Wx13""Dx2.63""H",Wood,Lt Brown,"Our striking yet understated natural elm shelf seamlessly adds storage and display space. Appearing to float effortlessly on the wall, the minimalist shelf boasts an organic warmth and clean, contemporary lines that elevate anything placed upon it. Use this easy-to-install floating shelf-available in four lengths-on its own or in multiples to present beloved ceramics in the kitchen, folded towels in the bathroom or books, candles and decorative objects in the living room.   • FSCr-certified elm ",Crate and Barrel,out_of_stock,assets\products\farmhouse\board-4198168\product-farmhouse-natural-elm-wood-floating-shelf-66-05-01.jpg;assets\products\farmhouse\board-4198168\product-farmhouse-natural-elm-wood-floating-shelf-66-05-02.jpg;assets\products\farmhouse\board-4198168\product-farmhouse-natural-elm-wood-floating-shelf-66-05-03.jpg,https://havenly.com/products/details/Natural-Elm-Wood-Floating-Shelf-66-Crate-and-Barrel-137821479,4198168
Nomad Leather Sofa - Camel - Top Grain Leather / Oak - Wood / Arch,Other,farmhouse,Industrial|Farmhouse|Rustic|Library,"${'id': '47704568240', 'price': 1148, '__typename': 'PriceModel'} (was $2869)","85"" L x 35"" D x 33"" H","Leather, Leg Material: Wood","Camel, Leg Finish: Oak","Meet the sofa that changed how people buy furniture—designed to fit how people actually live. The Nomad Modular Collection combines timeless mid-century style with smart, modern engineering. Tool-free assembly, built-in USB charging, and easy-to-move modular design make it as functional as it is iconic.Every detail is crafted for longevity—from the hardwood frame and CertiPUR-US® foam cushions to the PFAS-free, performance fabric that resists stains and everyday wear. With Nomad, you get the com",Burrow,out_of_stock,assets\products\farmhouse\board-4198168\product-farmhouse-nomad-leather-sofa-camel-top-grain-leather-oak-wood-arch-06-01.jpg,https://havenly.com/products/groups/burrow-9787733279022-153864?vendorVariantId=87873279,4198168
Halston Ottoman - Heirloom Black,Other,farmhouse,Industrial|Farmhouse|Rustic|Library,$999,27.25 x 23.5 x 13.5,"Top Grain Leather, Solid Ash","Heirloom Black, Terra Brown Ash","A Seventies-era style inspired by a flea market find. Top-grain leather features dramatic tufting with sling detailing and wide ash framing below. Sourced from one of the oldest family-owned tanneries in Italy's Bassano del Grappa, heirloom leather is salvaged and processed from upcycled hides featuring an abundance of natural markings, scars and color variations. The result? Beautifully supple, buttery soft hides with an unmatched depth of color and richness, and an authentic lived-in look.",Four Hands,in_stock,assets\products\farmhouse\board-4198168\product-farmhouse-halston-ottoman-heirloom-black-07-01.jpg;assets\products\farmhouse\board-4198168\product-farmhouse-halston-ottoman-heirloom-black-07-02.jpg;assets\products\farmhouse\board-4198168\product-farmhouse-halston-ottoman-heirloom-black-07-03.jpg;assets\products\farmhouse\board-4198168\product-farmhouse-halston-ottoman-heirloom-black-07-04.jpg;assets\products\farmhouse\board-4198168\product-farmhouse-halston-ottoman-heirloom-black-07-05.jpg,https://havenly.com/products/groups/four-hands-230136-84679?vendorVariantId=126619607,4198168
Colten Round Storage Coffee Table Ottoman,Furniture,farmhouse,Contemporary|Modern|Farmhouse,$770,"34"" Diameter, 17"" Height",Performance Slub Weave,Driftwood,"Colten's rounded, clean shape makes for an understated accent piece that looks right at home anywhere.34"" Diameter, 17"" HeightDesigner tip: Colten makes for a great coffee table option, especially when topped with a tray.Pairs well with: Maxwell, Lukas, Marlow",Interior Define,in_stock,assets\products\farmhouse\board-4209217\product-farmhouse-colten-round-storage-coffee-table-ottoman-01-01.jpg;assets\products\farmhouse\board-4209217\product-farmhouse-colten-round-storage-coffee-table-ottoman-01-02.jpg;assets\products\farmhouse\board-4209217\product-farmhouse-colten-round-storage-coffee-table-ottoman-01-03.jpg;assets\products\farmhouse\board-4209217\product-farmhouse-colten-round-storage-coffee-table-ottoman-01-04.jpg;assets\products\farmhouse\board-4209217\product-farmhouse-colten-round-storage-coffee-table-ottoman-01-05.jpg,https://havenly.com/products/details/Colten-Round-Storage-Coffee-Table-Ottoman-Interior-Define-133888134,4209217
Douglas End Table-Antique Rust,Furniture,farmhouse,Contemporary|Modern|Farmhouse,$279,17.5 x 17.5 x 22.5,Aluminum,Aged Bronze,"Precise curves with modern presence. Rounded base and tabletop of antique rust-finished aluminum are connected via a shapely ring, for an open look and fun blend of scale and proportion. Safe for outdoor spaces. Cover or store indoors during inclement weather and when not in use.",Four Hands,in_stock,assets\products\farmhouse\board-4209217\product-farmhouse-douglas-end-table-antique-rust-02-01.jpg;assets\products\farmhouse\board-4209217\product-farmhouse-douglas-end-table-antique-rust-02-02.jpg;assets\products\farmhouse\board-4209217\product-farmhouse-douglas-end-table-antique-rust-02-03.jpg;assets\products\farmhouse\board-4209217\product-farmhouse-douglas-end-table-antique-rust-02-04.jpg;assets\products\farmhouse\board-4209217\product-farmhouse-douglas-end-table-antique-rust-02-05.jpg,https://havenly.com/products/details/Douglas-End-Table-Antique-Rust-Four-Hands-126619678,4209217
Gino End Table - Raw Black,Furniture,farmhouse,Contemporary|Modern|Farmhouse,$299,13.0 x 13.0 x 20.0,Aluminum,Raw Black,"Made from raw black cast aluminum, a dramatically tapered end table flaunts beautiful high/ low hues and subtle Brutalist vibes.",Four Hands,in_stock,assets\products\farmhouse\board-4209217\product-farmhouse-gino-end-table-raw-black-03-01.jpg;assets\products\farmhouse\board-4209217\product-farmhouse-gino-end-table-raw-black-03-02.jpg;assets\products\farmhouse\board-4209217\product-farmhouse-gino-end-table-raw-black-03-03.jpg;assets\products\farmhouse\board-4209217\product-farmhouse-gino-end-table-raw-black-03-04.jpg;assets\products\farmhouse\board-4209217\product-farmhouse-gino-end-table-raw-black-03-05.jpg,https://havenly.com/products/details/Gino-End-Table-Raw-Black-Four-Hands-129844655,4209217
Toril Dining Chair - Black - Safavieh,Furniture,farmhouse,Contemporary|Modern|Farmhouse,$218.16,19.70in x 36.60in x 23.00in,"Polyester, Rubberwood / Plywood  / Polyester","Black, Black Frame / Black Upholstery / Natural Cane, Black","A French country classic is reimagined for today's contemporary decor in this chic Toril Dining Chair. Featuring a timeless frame in a jet black finish, Toril's familiar charm is upgraded with a stylish natural rattan back and matching black fabric seat, instantly refreshing any dining area. Sold in sets of two.",Safavieh,in_stock,assets\products\farmhouse\board-4209217\product-farmhouse-toril-dining-chair-black-safavieh-04-01.jpg;assets\products\farmhouse\board-4209217\product-farmhouse-toril-dining-chair-black-safavieh-04-02.jpg;assets\products\farmhouse\board-4209217\product-farmhouse-toril-dining-chair-black-safavieh-04-03.jpg;assets\products\farmhouse\board-4209217\product-farmhouse-toril-dining-chair-black-safavieh-04-04.jpg;assets\products\farmhouse\board-4209217\product-farmhouse-toril-dining-chair-black-safavieh-04-05.jpg,https://havenly.com/products/details/Toril-Dining-Chair-Black-Safavieh-Safavieh-146923227,4209217
"Modern Solid Wood Dining Chair with Rattan Inset Back, Set of 2, Black",Furniture,farmhouse,Contemporary|Modern|Farmhouse,"${'id': '47634812678', 'price': 175.99, '__typename': 'PriceModel'} (was $268.2)","34"" H x 18.52"" L x 22.12"" W 16 LBS",solid wood,black,"Whether you’re drawn to an eclectic, transitional, or boho style, this set of two solid wood dining chairs is ready to complete your space. Designed with a natural rattan inset, these statement-making chairs provide warmth and contrast to any dining table. You’ll have peace of mind when using these durable, solid wood dining chairs that are built for everyday living. The high-quality woven upholstery stands up to spills and drips, letting you clean them quickly even when life gets messy. Adjust ",Walker Edison,out_of_stock,assets\products\farmhouse\board-4209217\product-farmhouse-modern-solid-wood-dining-chair-with-rattan-inset-back-set-of-05-01.jpg;assets\products\farmhouse\board-4209217\product-farmhouse-modern-solid-wood-dining-chair-with-rattan-inset-back-set-of-05-02.jpg,https://havenly.com/products/details/Modern-Solid-Wood-Dining-Chair-with-Rattan-Inset-Back-Set-of-2-Black-Walker-Edison-150923072,4209217
Modern Simple Dining Chair,Furniture,farmhouse,Contemporary|Modern|Farmhouse,"${'id': '47657252067', 'price': 304.99, '__typename': 'PriceModel'} (was $339.99)",30'' H X 21.5'' W X 20'' D,,Gray/Black,"As part of modern home design, the high back dining chair has become a popular choice for many homes and commercial establishments due to its minimalist yet stylish look. Whether it is used in restaurants, cafes, offices or conference rooms, this dining chair provides a comfortable and elegant dining Mercer41 Upholstery Color: Gray, Frame Color: Black",Wayfair,out_of_stock,assets\products\farmhouse\board-4209217\product-farmhouse-modern-simple-dining-chair-06-01.jpg,https://havenly.com/products/details/Modern-Simple-Dining-Chair-Wayfair-152880155,4209217
Baron Side Chair,Furniture,farmhouse,Contemporary|Modern|Farmhouse,"${'id': '47658467571', 'price': 131.99, '__typename': 'PriceModel'} (was $342)",40.0 H x 23.5 W x 23.5 D in,,gray,"Explore the vast riches of a treasured heritage with the baron dining chair. Designed to resonate elegance, this dining side chair features a charming back and polished nailhead trimmed seat with a dash of grace and noble appeal. Complete with dense foam padding, fine vegan leather upholstery, solid wood and mdf frame, and legs with non-marking foot glides, this updated parsons chair is a stylish dining chair perfect for the dining room, living room, entryway, or home office. Weight capacity: 50",Wayfair,out_of_stock,assets\products\farmhouse\board-4209217\product-farmhouse-baron-side-chair-07-01.jpg,https://havenly.com/products/details/Baron-Side-Chair-Wayfair-125953094,4209217
Baron Dining Chair Fabric Set Of 2,Furniture,farmhouse,Contemporary|Modern|Farmhouse,"${'id': '47656727014', 'price': 269.48, '__typename': 'PriceModel'} (was $420)",40.0 H x 39.0 W x 23.5 D in,,,"Baron Dining Chair Fabric Set of 2 Explore the vast riches of a treasured heritage with the Baron Dining Chair. Designed to resonate elegance, Barons features a charming back and polished nailhead trimmed seat with a dash of grace and noble appeal. Complete with dense foam padding, fine fabric upholstery, solid wood frame and legs with non-marking foot glides, Baron is a stylish dining chair perfect for the modern home.Set Includes:Two -  Baron Dining Chair Elegant Modern Dining Side ChairDense ",Wayfair,in_stock,assets\products\farmhouse\board-4209217\product-farmhouse-baron-dining-chair-fabric-set-of-2-08-01.jpg,https://havenly.com/products/details/Baron-Dining-Chair-Fabric-Set-Of-2-Wayfair-124457352,4209217
Baron Dining Chair Fabric Set Of 2,Furniture,farmhouse,Contemporary|Modern|Farmhouse,"${'id': '47656308763', 'price': 241.67, '__typename': 'PriceModel'} (was $420)",40.0 H x 39.0 W x 23.5 D in,,,"Baron Dining Chair Fabric Set of 2 Explore the vast riches of a treasured heritage with the Baron Dining Chair. Designed to resonate elegance, Barons features a charming back and polished nailhead trimmed seat with a dash of grace and noble appeal. Complete with dense foam padding, fine fabric upholstery, solid wood frame and legs with non-marking foot glides, Baron is a stylish dining chair perfect for the modern home.Set Includes:Two -  Baron Dining Chair Elegant Modern Dining Side ChairDense ",Wayfair,in_stock,assets\products\farmhouse\board-4209217\product-farmhouse-baron-dining-chair-fabric-set-of-2-09-01.jpg,https://havenly.com/products/details/Baron-Dining-Chair-Fabric-Set-Of-2-Wayfair-124433759,4209217
Baron Dining Chair Fabric Set Of 2,Furniture,farmhouse,Contemporary|Modern|Farmhouse,"${'id': '47501243919', 'price': 329.99, '__typename': 'PriceModel'} (was $678)",40.0 H x 39.0 W x 23.5 D in,,,"Baron Dining Chair Fabric Set of 2 Explore the vast riches of a treasured heritage with the Baron Dining Chair. Designed to resonate elegance, Barons features a charming back and polished nailhead trimmed seat with a dash of grace and noble appeal. Complete with dense foam padding, fine fabric upholstery, solid wood frame and legs with non-marking foot glides, Baron is a stylish dining chair perfect for the modern home.Set Includes:Two -  Baron Dining Chair Elegant Modern Dining Side ChairDense ",Wayfair,out_of_stock,assets\products\farmhouse\board-4209217\product-farmhouse-baron-dining-chair-fabric-set-of-2-10-01.jpg,https://havenly.com/products/details/Baron-Dining-Chair-Fabric-Set-Of-2-Wayfair-124525980,4209217
Baron Dining Chair Fabric Set Of 2,Furniture,farmhouse,Contemporary|Modern|Farmhouse,"${'id': '47499894713', 'price': 284.07, '__typename': 'PriceModel'} (was $678)",40.0 H x 39.0 W x 23.5 D in,,,"Baron Dining Chair Fabric Set of 2 Explore the vast riches of a treasured heritage with the Baron Dining Chair. Designed to resonate elegance, Barons features a charming back and polished nailhead trimmed seat with a dash of grace and noble appeal. Complete with dense foam padding, fine fabric upholstery, solid wood frame and legs with non-marking foot glides, Baron is a stylish dining chair perfect for the modern home.Set Includes:Two -  Baron Dining Chair Elegant Modern Dining Side ChairDense ",Wayfair,out_of_stock,assets\products\farmhouse\board-4209217\product-farmhouse-baron-dining-chair-fabric-set-of-2-11-01.jpg,https://havenly.com/products/details/Baron-Dining-Chair-Fabric-Set-Of-2-Wayfair-124480126,4209217
Arnoldsville Baronet Upholstered Dining Chair,Furniture,farmhouse,Contemporary|Modern|Farmhouse,"${'id': '47498472527', 'price': 152.99, '__typename': 'PriceModel'} (was $267.5)",,,beige,"Striking an updated parsons silhouette, this dapper dining chair features a wingback L-shaped seat upholstered in brushed polyester. Deep button tufting lends a tailored touch, while 3"" of foam cushioning provides comfort and support. Rounding out the design, this chair’s four tapered square legs are capped with felt foot pads to prevent scuffs and scratches. Measuring 37.5"" H x 24.5"" W x 18.5"" D overall, this chair has a 21.5"" seat height and a 285 lbs. weight capacity.",Wayfair,out_of_stock,assets\products\farmhouse\board-4209217\product-farmhouse-arnoldsville-baronet-upholstered-dining-chair-12-01.jpg,https://havenly.com/products/details/Arnoldsville-Baronet-Upholstered-Dining-Chair-Wayfair-54194164,4209217
"Dining Room Chairs, 2Pcs Dining Chair",Furniture,farmhouse,Contemporary|Modern|Farmhouse,"${'id': '47659682185', 'price': 225.99, '__typename': 'PriceModel'} (was $275.99)",19.65'' H X 18.05'' W X 16.85'' D,,Brown,"Transform your home into a luxurious retreat with our elegant coffee table. Featuring a timeless design with intricate details, this table exudes charm and sophistication, elevating the ambiance of any room. Made from durable materials, it boasts both beauty and practicality, offering a sturdy surface for your beverages and decor items.",Wayfair,out_of_stock,assets\products\farmhouse\board-4209217\product-farmhouse-dining-room-chairs-2pcs-dining-chair-13-01.jpg,https://havenly.com/products/details/Dining-Room-Chairs-2Pcs-Dining-Chair-Wayfair-147847662,4209217
"Dining Chairs, Set Of 2 Upholstered Button Tufted Kitchen Dining Chair",Furniture,farmhouse,Contemporary|Modern|Farmhouse,"${'id': '47655253939', 'price': 389.99, '__typename': 'PriceModel'} (was $449.99)",38.55'' H X 19.05'' W X 25.05'' D,,Dark Brown,"Experience the epitome of comfort and elegance with our exquisite dining chairs. Thoughtfully designed to blend seamlessly with your dining table and decor, our chairs offer superior comfort and timeless appeal. Designed with attention to ergonomics and aesthetics, our chairs provide the perfect balance of support and style, transforming your dining area into a luxurious retreat. Red Barrel Studio®",Wayfair,out_of_stock,assets\products\farmhouse\board-4209217\product-farmhouse-dining-chairs-set-of-2-upholstered-button-tufted-kitchen-din-14-01.jpg,https://havenly.com/products/details/Dining-Chairs-Set-Of-2-Upholstered-Button-Tufted-Kitchen-Dining-Chair-Wayfair-150600804,4209217
"Murphy MPY-002 18""L x 18""W Pillow Cover",Decor & Pillows,farmhouse,Contemporary|Modern|Farmhouse,$40,"18""H x 18""W",100% Wool; 100% Cotton,beige grey,"The Murphy accent pillow is a perfect addition to any cottage style home. Crafted from a blend of wool and cotton, this accent pillow offers comfort and durability. It's made in India and features intricate details that add subtle charm to your space. The care instructions are easy; simply spot clean with water only, cold on normal cycle, do not bleach, lay flat to dry or dry clean low heat for best results. Bring an air of elegance and sophistication to your home with the Murphy accent pillow!",Surya,back_ordered,assets\products\farmhouse\board-4209217\product-farmhouse-murphy-mpy-002-18-l-x-18-w-pillow-cover-01-01.jpg;assets\products\farmhouse\board-4209217\product-farmhouse-murphy-mpy-002-18-l-x-18-w-pillow-cover-01-02.jpg,https://havenly.com/products/details/Murphy-MPY-002-18-L-x-18-W-Pillow-Cover-Surya-134085468,4209217
"Bozeman Wool Blend 22""x15"" Arctic Ivory Throw Pillow Cover",Decor & Pillows,farmhouse,Contemporary|Modern|Farmhouse,$79.95,"22""x15""",Wool,Off White,"Inspired by our bestselling Bozeman rugs, this ivory throw pillow cover boasts the same irresistible coziness and impressive artisanship. Talented craftspeople handweave a blend of cotton and responsibly sourced wool into a variety of slubbed bands. The nubby space-dyed yarns create textural stripes in a melange of warm hues. We love the way this neutral throw pillow cover instantly adds depth to cool-weather decor. Fill our exclusive lumbar cover with a plush feather-down or lofty down-alternat",Crate and Barrel,in_stock,assets\products\farmhouse\board-4209217\product-farmhouse-bozeman-wool-blend-22-x15-arctic-ivory-throw-pillow-cover-02-01.jpg;assets\products\farmhouse\board-4209217\product-farmhouse-bozeman-wool-blend-22-x15-arctic-ivory-throw-pillow-cover-02-02.jpg;assets\products\farmhouse\board-4209217\product-farmhouse-bozeman-wool-blend-22-x15-arctic-ivory-throw-pillow-cover-02-03.jpg;assets\products\farmhouse\board-4209217\product-farmhouse-bozeman-wool-blend-22-x15-arctic-ivory-throw-pillow-cover-02-04.jpg;assets\products\farmhouse\board-4209217\product-farmhouse-bozeman-wool-blend-22-x15-arctic-ivory-throw-pillow-cover-02-05.jpg,https://havenly.com/products/groups/crate-and-barrel-1028802-147603?vendorVariantId=145159592,4209217
"Faux Mohair Recycled 20""x20"" Moonbeam White Throw Pillow Cover",Decor & Pillows,farmhouse,Contemporary|Modern|Farmhouse,"${'id': '47632715130', 'price': 15.97, '__typename': 'PriceModel'} (was $39.95)","20"" sq.",Recycled Polyester,Off White,"Our pillow cover reproduces the luxurious look and feel of mohair wool-a fiber treasured for its softness and sheen-in durable recycled polyester. Reversing to creamy linen, the pillow offers versatility and a lovely interplay of texture tossed on a sofa, chair or bed. Fill our exclusive reversible faux mohair pillow cover in moonbeam-inspired off-white with a plush feather-down or lofty down-alternative insert sold separately.      100% recycled polyester faux mohair   Reverses to 100% creamy l",Crate and Barrel,out_of_stock,assets\products\farmhouse\board-4209217\product-farmhouse-faux-mohair-recycled-20-x20-moonbeam-white-throw-pillow-cove-03-01.jpg;assets\products\farmhouse\board-4209217\product-farmhouse-faux-mohair-recycled-20-x20-moonbeam-white-throw-pillow-cove-03-02.jpg;assets\products\farmhouse\board-4209217\product-farmhouse-faux-mohair-recycled-20-x20-moonbeam-white-throw-pillow-cove-03-03.jpg;assets\products\farmhouse\board-4209217\product-farmhouse-faux-mohair-recycled-20-x20-moonbeam-white-throw-pillow-cove-03-04.jpg;assets\products\farmhouse\board-4209217\product-farmhouse-faux-mohair-recycled-20-x20-moonbeam-white-throw-pillow-cove-03-05.jpg,https://havenly.com/products/details/Faux-Mohair-Recycled-20-x20-Moonbeam-White-Throw-Pillow-Cover-Crate-and-Barrel-146981489,4209217
Riviera 20''x20 Savannah Yellow Throw Pillow with Feather Insert,Decor & Pillows,farmhouse,Contemporary|Modern|Farmhouse,"${'id': '47678689949', 'price': 49.97, '__typename': 'PriceModel'} (was $79.95)","20""x20""",Viscose,Yellow,"Our golden yellow Riviera pillow is heathered throughout with the natural color of undyed yarn. Despite its pleasingly rustic appearance, the pillow has a refined, silky soft hand and modern matte look. Our Riviera throw pillow includes your choice of a plush feather-down or lofty down-alternative insert.      65% viscose, 20% linen and 15% cotton   Reverses to solid natural 55% organic cotton and 45% linen   On-seam zipper   Knife-edge tailoring   Feather-down insert: 95% feathers and 5% down f",Crate and Barrel,out_of_stock,assets\products\farmhouse\board-4209217\product-farmhouse-riviera-20-x20-savannah-yellow-throw-pillow-with-feather-ins-04-01.jpg;assets\products\farmhouse\board-4209217\product-farmhouse-riviera-20-x20-savannah-yellow-throw-pillow-with-feather-ins-04-02.jpg;assets\products\farmhouse\board-4209217\product-farmhouse-riviera-20-x20-savannah-yellow-throw-pillow-with-feather-ins-04-03.jpg;assets\products\farmhouse\board-4209217\product-farmhouse-riviera-20-x20-savannah-yellow-throw-pillow-with-feather-ins-04-04.jpg;assets\products\farmhouse\board-4209217\product-farmhouse-riviera-20-x20-savannah-yellow-throw-pillow-with-feather-ins-04-05.jpg,https://havenly.com/products/details/Riviera-20-x20-Savannah-Yellow-Throw-Pillow-with-Feather-Insert-Crate-and-Barrel-138415122,4209217
"Loloi Pillows Yellow / Ivory 22"" x 22"" Cover w/Poly",Decor & Pillows,farmhouse,Contemporary|Modern|Farmhouse,$79,22''x22'',100% Polyester,"Yellow, Ivory",UNIVAILABLE Spot Clean. 0,Loloi Rugs,back_ordered,assets\products\farmhouse\board-4209217\product-farmhouse-loloi-pillows-yellow-ivory-22-x-22-cover-w-poly-05-01.jpg;assets\products\farmhouse\board-4209217\product-farmhouse-loloi-pillows-yellow-ivory-22-x-22-cover-w-poly-05-02.jpg,https://havenly.com/products/details/Loloi-Pillows-Yellow-Ivory-22-x-22-Cover-w-Poly-Loloi-Rugs-7549179,4209217
"Throw Pillow Cover 18"", French Yellow Everyday Linen, 18"" x 18""",Decor & Pillows,farmhouse,Contemporary|Modern|Farmhouse,$55,"18""H x 18""W x 5""D"," Fabric - 95% Polyester, 5% Linen.",Yellow,"Effortlessly add pattern to any space with our signature 18"" pillow cover. Insert sold separately French Yellow Everyday Linen: Tightly woven and matte in appearance, this linen/poly blend feels tailored, modern, and durable. Composition: 95% Polyester, 5% Linen",The Inside,in_stock,assets\products\farmhouse\board-4209217\product-farmhouse-throw-pillow-cover-18-french-yellow-everyday-linen-18-x-18-06-01.jpg;assets\products\farmhouse\board-4209217\product-farmhouse-throw-pillow-cover-18-french-yellow-everyday-linen-18-x-18-06-02.jpg,https://havenly.com/products/details/Throw-Pillow-Cover-18-French-Yellow-Everyday-Linen-18-x-18-The-Inside-126719917,4209217
Harriet Round Savannah Yellow Velvet Kids Throw Pillow,Decor & Pillows,farmhouse,Contemporary|Modern|Farmhouse,$42.95,"13""Wx13""Dx2.5""H",Synthetic,Yellow,"Round out the kid's room with a deliciously plush throw pillow covered in soft cotton velvet. Shaped like a French macaron cookie, our Harriet pillow features a sunny yellow front and back joined by a ring of lighter lemony yellow for a colorful contrast. It makes a sweet accent for a bed or chair, or use the toss pillow as a tuffet-like seat for floor time or storytime.   • 70% recycled polyester, 30% organic cotton  • This item can be personalized with a name or monogram, available in multiple",Crate & Kids,in_stock,assets\products\farmhouse\board-4209217\product-farmhouse-harriet-round-savannah-yellow-velvet-kids-throw-pillow-07-01.jpg;assets\products\farmhouse\board-4209217\product-farmhouse-harriet-round-savannah-yellow-velvet-kids-throw-pillow-07-02.jpg,https://havenly.com/products/details/Harriet-Round-Savannah-Yellow-Velvet-Kids-Throw-Pillow-Crate-Kids-136760258,4209217
"Brett BOBT-005 18""L x 18""W Pillow Cover",Decor & Pillows,farmhouse,Contemporary|Modern|Farmhouse,$35,"18""H x 18""W",100% Wool; 70% Wool; 30% Nylon,Ivory and Yellow,"Introducing the Brett Accent Pillow, a stunning collaboration piece between Becki Owens and Surya. This decorative accessory is sure to enhance any space with its beautiful style and design. It features solid off-white and light brown stripes across the center, offering an attractive contrast on the neutral off-white and light grey main colors. Made from a comfortable blend of nylon and wool, this pillow provides not only aesthetic appeal but also softness for optimal relaxation. Made in India, ",Surya,out_of_stock,assets\products\farmhouse\board-4209217\product-farmhouse-brett-bobt-005-18-l-x-18-w-pillow-cover-08-01.jpg;assets\products\farmhouse\board-4209217\product-farmhouse-brett-bobt-005-18-l-x-18-w-pillow-cover-08-02.jpg,https://havenly.com/products/details/Brett-BOBT-005-18-L-x-18-W-Pillow-Cover-Surya-135333406,4209217
"Kingdom KGDM-7038 18""L x 18""W Down Filled Pillow",Decor & Pillows,farmhouse,Contemporary|Modern|Farmhouse,$75,"18"" x 18""","100% cotton, back: 100% cotton. down insert",Yellow,"Bring a touch of traditional elegance to your home with the Kingdom accent pillow. Made of cotton and hailing from India, this piece promises both comfort and exotic charm to any space. It's easy to care for too, simply spot clean with mild detergent and lay flat to dry. This pillow is not just an accessory, but an expression of style and taste that adds a refined flair to your home decor. Enhance the appeal of your living area or bedroom with this beautiful addition.",Surya,in_stock,assets\products\farmhouse\board-4209217\product-farmhouse-kingdom-kgdm-7038-18-l-x-18-w-down-filled-pillow-09-01.jpg,https://havenly.com/products/groups/surya-16336-0-1415?vendorVariantId=18240278,4209217
"Kharaa KHR-005 18""L x 18""W Pillow Cover",Decor & Pillows,farmhouse,Contemporary|Modern|Farmhouse,$80,"18"" x 18""","82% Acrylic, 18% Polyester, 82% Acrylic, 18% Polyester",White,"Introducing the Kharaa accent pillow! This stylish piece is the perfect way to add glam modern style to any room. Crafted from luxurious faux fur, this pillow is sure to make a statement in your space. Soft and cozy, it's sure to provide comfortable seating for you and your guests. It's easy to care for too - simply spot clean with water only and lay flat to dry. Add a touch of glamour today with the Kharaa accent pillow!",Surya,out_of_stock,assets\products\farmhouse\board-4209217\product-farmhouse-kharaa-khr-005-18-l-x-18-w-pillow-cover-10-01.jpg;assets\products\farmhouse\board-4209217\product-farmhouse-kharaa-khr-005-18-l-x-18-w-pillow-cover-10-02.jpg;assets\products\farmhouse\board-4209217\product-farmhouse-kharaa-khr-005-18-l-x-18-w-pillow-cover-10-03.jpg;assets\products\farmhouse\board-4209217\product-farmhouse-kharaa-khr-005-18-l-x-18-w-pillow-cover-10-04.jpg,https://havenly.com/products/details/Kharaa-KHR-005-18-L-x-18-W-Pillow-Cover-Surya-19394044,4209217
"Throw Pillow, Black, 18"" x 18""",Decor & Pillows,farmhouse,Contemporary|Modern|Farmhouse,$69,"18"" x 18"" poly",100% Cotton,"Black, Cream","""Our products are designed for particular people, by particular people. It’s why we obsess over colors and create new, intricate textures that are made to last. This throw pillow with black stripes and cream fringe on two sides would be a fantastic addition to a boho design. Crafted by Loloi for ED Ellen DeGeneres.  Care Instructions: Spot Clean.""",Loloi Rugs,out_of_stock,assets\products\farmhouse\board-4209217\product-farmhouse-throw-pillow-black-18-x-18-11-01.jpg;assets\products\farmhouse\board-4209217\product-farmhouse-throw-pillow-black-18-x-18-11-02.jpg;assets\products\farmhouse\board-4209217\product-farmhouse-throw-pillow-black-18-x-18-11-03.jpg,https://havenly.com/products/details/Throw-Pillow-Black-18-x-18-Loloi-Rugs-83585475,4209217
"Ivory Boucle Throw Pillow Cover 18''x18""",Decor & Pillows,farmhouse,Contemporary|Modern|Farmhouse,"${'id': '47723770856', 'price': 26, '__typename': 'PriceModel'} (was $34.95)","18""Wx18""H",Cotton,White,"Ivory boucle pillow is rich in texture and adds visual interest to sofas, beds and accent chairs alike. CB2 exclusive.     Cotton/polyester blend  Hidden zipper closure  Machine wash cold, tumble dry low; do not dry-clean  Made in Portugal Ivory Boucle Throw Pillow Cover 18''x18""",CB2,in_stock,assets\products\farmhouse\board-4209217\product-farmhouse-ivory-boucle-throw-pillow-cover-18-x18-12-01.jpg;assets\products\farmhouse\board-4209217\product-farmhouse-ivory-boucle-throw-pillow-cover-18-x18-12-02.jpg;assets\products\farmhouse\board-4209217\product-farmhouse-ivory-boucle-throw-pillow-cover-18-x18-12-03.jpg,https://havenly.com/products/details/Ivory-Boucle-Throw-Pillow-Cover-18-x18-CB2-136774699,4209217
"Black Boucle Throw Pillow Cover 18""x18""",Decor & Pillows,farmhouse,Contemporary|Modern|Farmhouse,"${'id': '47721812508', 'price': 26, '__typename': 'PriceModel'} (was $34.95)","18""Wx18""H",Cotton,Black,"Black boucle pillow is rich in texture and adds visual interest to sofas, beds and accent chairs alike. CB2 exclusive.     Cotton/polyester blend  Hidden zipper closure  Machine-wash cold, tumble dry low; do not dry-clean  Made in Portugal Black Boucle Throw Pillow Cover 18""x18""",CB2,in_stock,assets\products\farmhouse\board-4209217\product-farmhouse-black-boucle-throw-pillow-cover-18-x18-13-01.jpg;assets\products\farmhouse\board-4209217\product-farmhouse-black-boucle-throw-pillow-cover-18-x18-13-02.jpg;assets\products\farmhouse\board-4209217\product-farmhouse-black-boucle-throw-pillow-cover-18-x18-13-03.jpg,https://havenly.com/products/details/Black-Boucle-Throw-Pillow-Cover-18-x18-CB2-136774692,4209217
Delafuente Wood Tray,Decor & Pillows,farmhouse,Contemporary|Modern|Farmhouse,"${'id': '47701356783', 'price': 45.99, '__typename': 'PriceModel'} (was $81.99)",18'' W x 18'' L x 3.25'' H,Wood,Brown,,Wayfair,in_stock,assets\products\farmhouse\board-4209217\product-farmhouse-delafuente-wood-tray-14-01.jpg,https://havenly.com/products/details/Delafuente-Wood-Tray-Wayfair-93384559,4209217
Lylah Round Tray,Decor & Pillows,farmhouse,Contemporary|Modern|Farmhouse,$399,"23.5"" x 19.75"" x 1.75""",Solid Reclaimed Wood,Black,"Add an organic element to your decor with this reclaimed wood tray. Perfect as a catch-all on coffee tables or dining tables, this round wooden tray keeps your space organized with a dose of natural style.",Lulu and Georgia,out_of_stock,assets\products\farmhouse\board-4209217\product-farmhouse-lylah-round-tray-15-01.jpg;assets\products\farmhouse\board-4209217\product-farmhouse-lylah-round-tray-15-02.jpg;assets\products\farmhouse\board-4209217\product-farmhouse-lylah-round-tray-15-03.jpg;assets\products\farmhouse\board-4209217\product-farmhouse-lylah-round-tray-15-04.jpg;assets\products\farmhouse\board-4209217\product-farmhouse-lylah-round-tray-15-05.jpg,https://havenly.com/products/details/Lylah-Round-Tray-Lulu-and-Georgia-81746440,4209217
Reine Round Wooden Tray,Decor & Pillows,farmhouse,Contemporary|Modern|Farmhouse,$302.4,24 W X 4 H X 24 D in.,acacia wood/iron handles,Brown,Classic Round Tray Featuring Acacia Wood With Iron Handles.,Uttermost,in_stock,assets\products\farmhouse\board-4209217\product-farmhouse-reine-round-wooden-tray-16-01.jpg;assets\products\farmhouse\board-4209217\product-farmhouse-reine-round-wooden-tray-16-02.jpg;assets\products\farmhouse\board-4209217\product-farmhouse-reine-round-wooden-tray-16-03.jpg;assets\products\farmhouse\board-4209217\product-farmhouse-reine-round-wooden-tray-16-04.jpg;assets\products\farmhouse\board-4209217\product-farmhouse-reine-round-wooden-tray-16-05.jpg,https://havenly.com/products/details/Reine-Round-Wooden-Tray-Uttermost-7316680,4209217
"Alder Beige Indoor 7'7"" x 10' Machine Woven Rug *Washable rug",Rugs,farmhouse,Contemporary|Modern|Farmhouse,$535,"7'7"" x 10'",Main: 100% Polyester machine washable,"Taupe, Gray, Cream, Charcoal, Light Slate, Tan","Introducing the Alder area rug, a stunning addition to any room in your home. Crafted with high-quality polyester and machine woven in Turkey, this rug is sure to make an eye-catching statement. Its Global style is perfect for bringing an exotic touch of elegance into your living space. The medium pile is soft and comfortable underfoot, while its durable construction ensures it can handle even the highest of traffic areas without a problem. Plus, you can easily care for it by machine washing col",Surya,in_stock,assets\products\farmhouse\board-4209217\product-farmhouse-alder-beige-indoor-7-7-x-10-machine-woven-rug-washable-rug-01-01.jpg;assets\products\farmhouse\board-4209217\product-farmhouse-alder-beige-indoor-7-7-x-10-machine-woven-rug-washable-rug-01-02.jpg;assets\products\farmhouse\board-4209217\product-farmhouse-alder-beige-indoor-7-7-x-10-machine-woven-rug-washable-rug-01-03.jpg;assets\products\farmhouse\board-4209217\product-farmhouse-alder-beige-indoor-7-7-x-10-machine-woven-rug-washable-rug-01-04.jpg,https://havenly.com/products/groups/surya-32185-0-5299?vendorVariantId=118129059,4209217
"Alder Beige Indoor 8'11"" x 12' Machine Woven Rug",Rugs,farmhouse,Contemporary|Modern|Farmhouse,$855,"8'11"" x 12'","Machine Washable, Main: 100% Polyester",Taupe; Gray; Cream; Charcoal; Light Slate; Tan,"Introducing the Alder area rug, a stunning addition to any room in your home. Crafted with high-quality polyester and machine woven in Turkey, this rug is sure to make an eye-catching statement. Its Global style is perfect for bringing an exotic touch of elegance into your living space. The medium pile is soft and comfortable underfoot, while its durable construction ensures it can handle even the highest of traffic areas without a problem. Plus, you can easily care for it by machine washing col",Surya,in_stock,assets\products\farmhouse\board-4209217\product-farmhouse-alder-beige-indoor-8-11-x-12-machine-woven-rug-02-01.jpg;assets\products\farmhouse\board-4209217\product-farmhouse-alder-beige-indoor-8-11-x-12-machine-woven-rug-02-02.jpg;assets\products\farmhouse\board-4209217\product-farmhouse-alder-beige-indoor-8-11-x-12-machine-woven-rug-02-03.jpg;assets\products\farmhouse\board-4209217\product-farmhouse-alder-beige-indoor-8-11-x-12-machine-woven-rug-02-04.jpg;assets\products\farmhouse\board-4209217\product-farmhouse-alder-beige-indoor-8-11-x-12-machine-woven-rug-02-05.jpg,https://havenly.com/products/groups/surya-32185-0-5299?vendorVariantId=118129079,4209217
"Alder Beige Indoor 8'11"" x 12' Machine Woven Rug",Rugs,farmhouse,Contemporary|Modern|Farmhouse,$855,"8'11"" x 12'",Main: 100% Recycled Material,gray,"This beautiful Alder area rug will add a modern, sophisticated touch to your home. Its machine-woven construction from recycled fabric makes this rug durable and long lasting. It features a medium pile for maximum comfort and is perfect for high traffic areas. Crafted in Turkey with the highest quality materials, this area rug requires minimal care - simply do not bleach. For best results, we recommend using a rug pad (not included).",Surya,in_stock,assets\products\farmhouse\board-4209217\product-farmhouse-alder-beige-indoor-8-11-x-12-machine-woven-rug-03-01.jpg;assets\products\farmhouse\board-4209217\product-farmhouse-alder-beige-indoor-8-11-x-12-machine-woven-rug-03-02.jpg,https://havenly.com/products/groups/surya-32922-0-5706?vendorVariantId=120337354,4209217
"Alder Gray Indoor 8'11"" x 12' Machine Woven Rug",Rugs,farmhouse,Contemporary|Modern|Farmhouse,$805,"8'11"" x 12'",Main: 100% Recycled Material,"Gray, Tan, Charcoal, Ivory, Cream, Taupe","Introducing the Alder area rug, a modern piece of art made from recycled fabric. Crafted in Turkey with the highest quality materials and machine woven for durability, this area rug is perfect for high traffic areas of your home. With its medium pile and special care instructions, this rug can easily be kept clean and beautiful for years to come. Use with a rug pad to ensure maximum comfort and safety in any room. Transform your space with this eco-friendly masterpiece that will be sure to impre",Surya,in_stock,assets\products\farmhouse\board-4209217\product-farmhouse-alder-gray-indoor-8-11-x-12-machine-woven-rug-04-01.jpg,https://havenly.com/products/groups/surya-32922-0-5706?vendorVariantId=120337299,4209217
"Gavic Beige Indoor 8'10"" x 12' Machine Woven Rug",Rugs,farmhouse,Contemporary|Modern|Farmhouse,$1255,9' x 12',"55% Polyester, 45% Polypropylene","Cream, Beige, Light Gray, Taupe, Charcoal","This Gavic area rug will bring modern style and luxury to any room. Crafted with a blend of Polypropylene and Polyester, this soft high pile rug is machine woven in Turkey for quality and comfort. Its plush construction adds a touch of warmth to your living space, while its modern style helps create an inviting ambiance. For best results, pair this area rug with a non-slip pad (not included) for added cushioning and support. Care instructions: spot clean only.",Surya,in_stock,assets\products\farmhouse\board-4209217\product-farmhouse-gavic-beige-indoor-8-10-x-12-machine-woven-rug-05-01.jpg;assets\products\farmhouse\board-4209217\product-farmhouse-gavic-beige-indoor-8-10-x-12-machine-woven-rug-05-02.jpg;assets\products\farmhouse\board-4209217\product-farmhouse-gavic-beige-indoor-8-10-x-12-machine-woven-rug-05-03.jpg;assets\products\farmhouse\board-4209217\product-farmhouse-gavic-beige-indoor-8-10-x-12-machine-woven-rug-05-04.jpg;assets\products\farmhouse\board-4209217\product-farmhouse-gavic-beige-indoor-8-10-x-12-machine-woven-rug-05-05.jpg,https://havenly.com/products/groups/surya-26641-0-3223?vendorVariantId=75830870,4209217
"Monte Carlo Gray Indoor 8'10"" x 12' Machine Woven Rug",Rugs,farmhouse,Contemporary|Modern|Farmhouse,$548,9' x 12',100% Polypropylene,"Light Gray, White, Charcoal","This elegant Monte Carlo area rug is the perfect addition to any modern style home. The polypropylene construction and machine woven construction make this high traffic area rug durable, so it will stay looking great for years to come. This Turkish-made rug features a medium pile that adds an extra layer of comfort without compromising its sophisticated look. With its easy-care professional cleaning only recommendation, you can enjoy the beauty of this rug without worrying about maintaining it. ",Surya,out_of_stock,assets\products\farmhouse\board-4209217\product-farmhouse-monte-carlo-gray-indoor-8-10-x-12-machine-woven-rug-06-01.jpg;assets\products\farmhouse\board-4209217\product-farmhouse-monte-carlo-gray-indoor-8-10-x-12-machine-woven-rug-06-02.jpg;assets\products\farmhouse\board-4209217\product-farmhouse-monte-carlo-gray-indoor-8-10-x-12-machine-woven-rug-06-03.jpg;assets\products\farmhouse\board-4209217\product-farmhouse-monte-carlo-gray-indoor-8-10-x-12-machine-woven-rug-06-04.jpg;assets\products\farmhouse\board-4209217\product-farmhouse-monte-carlo-gray-indoor-8-10-x-12-machine-woven-rug-06-05.jpg,https://havenly.com/products/details/Monte-Carlo-Gray-Indoor-8-10-x-12-Machine-Woven-Rug-Surya-64100956,4209217
"Mardin Beige Indoor 8'10"" x 12' Handmade Rug",Rugs,farmhouse,Contemporary|Modern|Farmhouse,$1225,"8'10"" x 12'",100% Wool,"Cream, Black","Introducing the Mardin Collection's exquisite handmade rug, a Bohemian Global masterpiece that effortlessly elevates your living space with its artistic charm and rich textures. Crafted in India using a skillful hand-woven technique, this rug is a harmonious blend of wool and cotton, promising durability and a soft touch underfoot. The absence of pile adds a sleek and contemporary flair while maintaining an authentic boho vibe. For optimal comfort and to keep this work of art securely in place, ",Surya,in_stock,assets\products\farmhouse\board-4209217\product-farmhouse-mardin-beige-indoor-8-10-x-12-handmade-rug-07-01.jpg;assets\products\farmhouse\board-4209217\product-farmhouse-mardin-beige-indoor-8-10-x-12-handmade-rug-07-02.jpg;assets\products\farmhouse\board-4209217\product-farmhouse-mardin-beige-indoor-8-10-x-12-handmade-rug-07-03.jpg;assets\products\farmhouse\board-4209217\product-farmhouse-mardin-beige-indoor-8-10-x-12-handmade-rug-07-04.jpg;assets\products\farmhouse\board-4209217\product-farmhouse-mardin-beige-indoor-8-10-x-12-handmade-rug-07-05.jpg,https://havenly.com/products/groups/surya-24187-0-2616?vendorVariantId=64100866,4209217
"Possini Euro Cascadia 11 3/4"" High Black Piastra Glass LED Wall Sconce",Lighting,farmhouse,Contemporary|Modern|Farmhouse,$179.99,"11 3/4"" high. 6"" wide. Extends 4 1/2"" from the wall.",metal,black,"Show thoughtful and stylish consideration for your home d&#233;cor with this instant classic wall sconce from Possini Euro Design. The gentle black finish over the U-shaped design of the light complements the beautiful Piastra glass that serves as this fixture's highlight. Add to that the energy-efficiency of the integrated 8 watt LED, and you have a fantastic addition to make your living space truly shine.",Lamps Plus,in_stock,assets\products\farmhouse\board-4209217\product-farmhouse-possini-euro-cascadia-11-3-4-high-black-piastra-glass-led-wa-01-01.jpg,https://havenly.com/products/details/Possini-Euro-Cascadia-11-3-4-High-Black-Piastra-Glass-LED-Wall-Sconce-Lamps-Plus-48060306,4209217
"Textured Faux Fur 70""x55"" Arctic Ivory Throw Blanket",Bedding & Bath,farmhouse,Contemporary|Modern|Farmhouse,$179.95,"55""x70""",Recycled Polyester,Off White,"Snuggle up to a faux fur throw as cozy and luxe as the real thing. Crafted of recycled fibers, the ivory faux fur is subtly puckered to create a fluffy dimensional texture that's irresistibly soft. We love to layer this exceptional throw with our faux fur and shearling collections for serious cool-weather snuggling.   • 100% recycled polyester  • Independently verified to contain at least 30% recycled materials, helping reduce our impact on the environment  • Machine wash cold, tumble dry low  •",Crate and Barrel,in_stock,assets\products\farmhouse\board-4209217\product-farmhouse-textured-faux-fur-70-x55-arctic-ivory-throw-blanket-01-01.jpg;assets\products\farmhouse\board-4209217\product-farmhouse-textured-faux-fur-70-x55-arctic-ivory-throw-blanket-01-02.jpg;assets\products\farmhouse\board-4209217\product-farmhouse-textured-faux-fur-70-x55-arctic-ivory-throw-blanket-01-03.jpg;assets\products\farmhouse\board-4209217\product-farmhouse-textured-faux-fur-70-x55-arctic-ivory-throw-blanket-01-04.jpg;assets\products\farmhouse\board-4209217\product-farmhouse-textured-faux-fur-70-x55-arctic-ivory-throw-blanket-01-05.jpg,https://havenly.com/products/details/Textured-Faux-Fur-70-x55-Arctic-Ivory-Throw-Blanket-Crate-and-Barrel-145159458,4209217
Baskets,Other,farmhouse,Contemporary|Modern|Farmhouse,"${'id': '47651258172', 'price': 51.99, '__typename': 'PriceModel'} (was $149.99)","17"" H x 17"" W x 17"" D",seagrass,Bleached White/Off White/Black,"Everyone needs extra storage for their odds and ends, so why not do it in style? Natural jute baskets are a must-have for a variety of spaces in your home. Sturdy jute handles allow you to tote this piece from room to room with ease. These oversized storage baskets allow for multiple items to be stored in one place with their depth and coiled height. This specific addition features colorful hues of dip-dyed baby blue and natural jute fibers in a two-toned color block design. The fun textured tas",Wayfair,in_stock,assets\products\farmhouse\board-4209217\product-farmhouse-baskets-01-01.jpg,https://havenly.com/products/details/Baskets-Wayfair-87945580,4209217
Charlise Basket,Other,farmhouse,Contemporary|Modern|Farmhouse,"${'id': '47501597995', 'price': 72.99, '__typename': 'PriceModel'} (was $79.71)","12""H X 18""W X 12""D",ratan,Black Satin,Add a touch of homespun warmth to any room. It is the perfect choice for your highest traffic areas.,Wayfair,out_of_stock,assets\products\farmhouse\board-4209217\product-farmhouse-charlise-basket-02-01.jpg,https://havenly.com/products/details/Charlise-Basket-Wayfair-71224541,4209217
"47.25"" Coffee Table Cocktail Table",Other,farmhouse,Contemporary|Modern|Farmhouse,$249.99,Overall 12.5'' H X 38.1'' L X 38.1'' W Overall Product Weight 35.5 lb. Tabletop Thickness 0.25'',Base Material Iron - pearl tabletop onto a robust MDF frame,Black/White Top/Black Base,"Dynamic in all the right ways, this round coffee table shows off bold vintage boho flair to your living room. It features an upper section that's made from mother of pearl with a geometric mosaic inlay, creating an intriguing pattern and a multihued color palette. This piece is held aloft by a sleek black iron base for a modern touch. And with a diameter just over 38"", it's a great platform for magazines, decor, or remote trays. Features  Embrace artistic expression with a style that highlights ",Wayfair,out_of_stock,assets\products\farmhouse\board-4209217\product-farmhouse-47-25-coffee-table-cocktail-table-03-01.jpg;assets\products\farmhouse\board-4209217\product-farmhouse-47-25-coffee-table-cocktail-table-03-02.jpg;assets\products\farmhouse\board-4209217\product-farmhouse-47-25-coffee-table-cocktail-table-03-03.jpg;assets\products\farmhouse\board-4209217\product-farmhouse-47-25-coffee-table-cocktail-table-03-04.jpg;assets\products\farmhouse\board-4209217\product-farmhouse-47-25-coffee-table-cocktail-table-03-05.jpg,https://havenly.com/products/details/47-25-Coffee-Table-Cocktail-Table-Wayfair-105787823,4209217
"Edwina EDA-001 18""L x 18""W Pillow Cover",Other,farmhouse,Contemporary|Modern|Farmhouse,$50,"18""H x 18""W","100% Cotton, 100% Cotton","Cream, Black","This beautiful Edwina accent pillow is the perfect addition to your Country Cottage decor. Crafted with care, this cotton pillow features a classic and timeless design that will look great in any room of your home. The elegant pattern will bring a touch of sophistication to your space. Plus, the soft and comfortable material will make it an inviting spot for you or your guests to relax and unwind. The Edwina Pillow also comes with easy-to-follow care instructions - just spot clean with mild dete",Surya,in_stock,assets\products\farmhouse\board-4209217\product-farmhouse-edwina-eda-001-18-l-x-18-w-pillow-cover-04-01.jpg;assets\products\farmhouse\board-4209217\product-farmhouse-edwina-eda-001-18-l-x-18-w-pillow-cover-04-02.jpg,https://havenly.com/products/groups/surya-27722-0-3597?vendorVariantId=87430177,4209217
"Murphy MPY-004 18""L x 18""W Polyester Filled Pillow",Other,farmhouse,Contemporary|Modern|Farmhouse,$60,"18""H x 18""W",100% Wool; 100% Cotton,Black; Gray,"The Murphy accent pillow is a perfect addition to any cottage style home. Crafted from a blend of wool and cotton, this accent pillow offers comfort and durability. It's made in India and features intricate details that add subtle charm to your space. The care instructions are easy; simply spot clean with water only, cold on normal cycle, do not bleach, lay flat to dry or dry clean low heat for best results. Bring an air of elegance and sophistication to your home with the Murphy accent pillow!",Surya,in_stock,assets\products\farmhouse\board-4209217\product-farmhouse-murphy-mpy-004-18-l-x-18-w-polyester-filled-pillow-05-01.jpg;assets\products\farmhouse\board-4209217\product-farmhouse-murphy-mpy-004-18-l-x-18-w-polyester-filled-pillow-05-02.jpg,https://havenly.com/products/details/Murphy-MPY-004-18-L-x-18-W-Polyester-Filled-Pillow-Surya-134085488,4209217
Gable Round Tray,Other,farmhouse,Contemporary|Modern|Farmhouse,"${'id': '41414815061', 'price': 77.98999786376953, '__typename': 'PriceModel'} (was $129)","25""Wx25""D",FELT,Black,"A slender ring of black iron encircles our Gable tray, providing crisp counterpoint to the creamy white oak surface. Oblong cutout handles complete the tray's sleek geometry and ultra-modern look. This is a tray you'll want to use often, whether for corralling entryway essentials, serving cocktails or displaying candles and magazines on the coffee table. Assembled, sanded and finished by hand, our Gable round tray is a Crate & Barrel exclusive.  By choosing FSC Â®-certified furniture, you are su",Crate and Barrel,out_of_stock,assets\products\farmhouse\board-4209217\product-farmhouse-gable-round-tray-06-01.jpg;assets\products\farmhouse\board-4209217\product-farmhouse-gable-round-tray-06-02.jpg;assets\products\farmhouse\board-4209217\product-farmhouse-gable-round-tray-06-03.jpg,https://havenly.com/products/details/Gable-Round-Tray-Crate-and-Barrel-105902443,4209217
Ana Charcoal Dining Chair with Brown Wood Legs,Other,farmhouse,Contemporary|Modern|Farmhouse,"${'id': '47718729577', 'price': 199.97, '__typename': 'PriceModel'} (was $349)","20.25""Wx24""Dx33.5""H",Fabric,Grey,"Ana's cutaway curves and generously cushioned seat gives you room to relax. Neatly upholstered in a softly textured fabric in charcoal, the tight seat and back cushions are supported by slim, turned legs finished in espresso brown. Suitable to a wide range of dining room decor, the Ana dining chair is a Crate and Barrel exclusive.   • Solid wood and plywood  • Foam seat and back cushioning  • Polyester upholstery  • Imported Ana Charcoal Dining Chair with Brown Wood Legs",Crate and Barrel,in_stock,assets\products\farmhouse\board-4209217\product-farmhouse-ana-charcoal-dining-chair-with-brown-wood-legs-07-01.jpg;assets\products\farmhouse\board-4209217\product-farmhouse-ana-charcoal-dining-chair-with-brown-wood-legs-07-02.jpg;assets\products\farmhouse\board-4209217\product-farmhouse-ana-charcoal-dining-chair-with-brown-wood-legs-07-03.jpg;assets\products\farmhouse\board-4209217\product-farmhouse-ana-charcoal-dining-chair-with-brown-wood-legs-07-04.jpg;assets\products\farmhouse\board-4209217\product-farmhouse-ana-charcoal-dining-chair-with-brown-wood-legs-07-05.jpg,https://havenly.com/products/details/Ana-Charcoal-Dining-Chair-with-Brown-Wood-Legs-Crate-and-Barrel-144106514,4209217
Lowe Smoke Grey Leather Dining Chair with Ebony Wood Legs,Other,farmhouse,Contemporary|Modern|Farmhouse,$399,"18""Wx23""Dx34.5""H",Leather,Grey,"Stylish and contemporary Lowe wraps the classic Parsons-style chair in pure color, with a wide range of hues in pebbled, bicast leather. With a roomy cushioned seat and back, it's designed for lingering.    • FSCr-certified acacia wood from responsibly managed forests  • Genuine leather upholstery  • Corner blocked joinery  • Web suspension  • Foam cushioning with fiber wrap  • Hardwood legs with ebony finish  • See product label or call customer service at 800.606.6462 for additional details on",Crate and Barrel,in_stock,assets\products\farmhouse\board-4209217\product-farmhouse-lowe-smoke-grey-leather-dining-chair-with-ebony-wood-legs-08-01.jpg;assets\products\farmhouse\board-4209217\product-farmhouse-lowe-smoke-grey-leather-dining-chair-with-ebony-wood-legs-08-02.jpg;assets\products\farmhouse\board-4209217\product-farmhouse-lowe-smoke-grey-leather-dining-chair-with-ebony-wood-legs-08-03.jpg;assets\products\farmhouse\board-4209217\product-farmhouse-lowe-smoke-grey-leather-dining-chair-with-ebony-wood-legs-08-04.jpg;assets\products\farmhouse\board-4209217\product-farmhouse-lowe-smoke-grey-leather-dining-chair-with-ebony-wood-legs-08-05.jpg,https://havenly.com/products/details/Lowe-Smoke-Grey-Leather-Dining-Chair-with-Ebony-Wood-Legs-Crate-and-Barrel-152748581,4209217
Toril Dining Chair - Black - Safavieh,Other,farmhouse,Contemporary|Modern|Farmhouse,$230.04,19.70in x 36.60in x 23.00in,"Polyester, -, Rubberwood / Plywood / Polyester","Black, Black, Black","A French country classic is reimagined for today's contemporary decor in this chic Toril Dining Chair. Featuring a timeless frame in a jet black finish, Toril's familiar charm is upgraded with a stylish rattan back, instantly refreshing any dining area. Sold in sets of two.",Safavieh,in_stock,assets\products\farmhouse\board-4209217\product-farmhouse-toril-dining-chair-black-safavieh-09-01.jpg;assets\products\farmhouse\board-4209217\product-farmhouse-toril-dining-chair-black-safavieh-09-02.jpg;assets\products\farmhouse\board-4209217\product-farmhouse-toril-dining-chair-black-safavieh-09-03.jpg;assets\products\farmhouse\board-4209217\product-farmhouse-toril-dining-chair-black-safavieh-09-04.jpg;assets\products\farmhouse\board-4209217\product-farmhouse-toril-dining-chair-black-safavieh-09-05.jpg,https://havenly.com/products/details/Toril-Dining-Chair-Black-Safavieh-Safavieh-147021473,4209217
Petrie Black Ash Upholstered Dining Chair with Performance Fabric,Other,farmhouse,Contemporary|Modern|Farmhouse,"${'id': '47717350014', 'price': 249.97, '__typename': 'PriceModel'} (was $399)","20""W x 20.5""D x 32.25""H",Ash Wood / Fabric,Black/Ivory,"Our Petrie dining chair taps into the same stylish era as our furniture collection of the same name. With its classic mid-century modern silhouette, the black-finished ash chair features subtly tapered turned legs and a barrel-curved backrest. A padded back and cushioned seat that extends slightly beyond the frame soften the look and provide linger-inducing comfort. The ivory performance upholstery textures with a mini boucle-like weave. The Petrie charcoal dining chair is a Crate & Barrel exclu",Crate and Barrel,out_of_stock,assets\products\farmhouse\board-4209217\product-farmhouse-petrie-black-ash-upholstered-dining-chair-with-performance-f-10-01.jpg;assets\products\farmhouse\board-4209217\product-farmhouse-petrie-black-ash-upholstered-dining-chair-with-performance-f-10-02.jpg;assets\products\farmhouse\board-4209217\product-farmhouse-petrie-black-ash-upholstered-dining-chair-with-performance-f-10-03.jpg;assets\products\farmhouse\board-4209217\product-farmhouse-petrie-black-ash-upholstered-dining-chair-with-performance-f-10-04.jpg;assets\products\farmhouse\board-4209217\product-farmhouse-petrie-black-ash-upholstered-dining-chair-with-performance-f-10-05.jpg,https://havenly.com/products/details/Petrie-Black-Ash-Upholstered-Dining-Chair-with-Performance-Fabric-Crate-and-Barrel-118109576,4209217
Celentano Upholstered Dining Chair,Other,farmhouse,Contemporary|Modern|Farmhouse,"${'id': '47660383882', 'price': 355.99, '__typename': 'PriceModel'} (was $355.99)",33.5'' H X 18.5'' W X 21.5'' D,fabric and metal,gray/black,"Modern elegance at its finest, the Celentano High Back Dining Chair features an extra-wide (and extra comfortable) upholstered seat, high padded backrest, and stylish gold and stainless steel metal frame. The perfect dining chair, the Celentano is multi-functional and can be used as extra seating in a sitting room or as a stylish office chair.",Wayfair,in_stock,assets\products\farmhouse\board-4209217\product-farmhouse-celentano-upholstered-dining-chair-11-01.jpg,https://havenly.com/products/details/Celentano-Upholstered-Dining-Chair-Wayfair-105650148,4209217
Authement Button Tufted Wingback Hostess Upholstered Dining Chair,Other,farmhouse,Contemporary|Modern|Farmhouse,"${'id': '47492984907', 'price': 204.99, '__typename': 'PriceModel'} (was $204.99)",-,-,Charcoal,"Outfit your formal dining room or eat-in kitchen in sophisticated, modern farmhouse style with this upholstered dining chair. Founded atop a solid wood base, this dapper design strikes a wingback silhouette with a high back and four legs. Neural polyester blend upholstery envelops the chair, while subtle nailhead trim and button tufting adds interest. Assembly is required. Arrives in a set of two, and each chair has a weight capacity of up to 200 lbs.",Wayfair,in_stock,assets\products\farmhouse\board-4209217\product-farmhouse-authement-button-tufted-wingback-hostess-upholstered-dining--12-01.jpg,https://havenly.com/products/details/Authement-Button-Tufted-Wingback-Hostess-Upholstered-Dining-Chair-Wayfair-88022592,4209217
Kelvin Woven Ottoman,Furniture,farmhouse,Modern|Classic|Traditional|Farmhouse,$350,"Dimensions: 17"" L x 17"" W x 18"" H",Material: Hand-woven jute & leather,beige/brown,,McGee & Co.,in_stock,assets\products\farmhouse\board-4213376\product-farmhouse-kelvin-woven-ottoman-01-01.jpg;assets\products\farmhouse\board-4213376\product-farmhouse-kelvin-woven-ottoman-01-02.jpg,https://havenly.com/products/details/Kelvin-Woven-Ottoman-McGee-Co-95666277,4213376
Bethan Coffee Table,Furniture,farmhouse,Modern|Classic|Traditional|Farmhouse,$1700,"42"" Dia. x 16"" H",wood,light natural,,McGee & Co.,in_stock,assets\products\farmhouse\board-4213376\product-farmhouse-bethan-coffee-table-02-01.jpg,https://havenly.com/products/details/Bethan-Coffee-Table-McGee-Co-124925015,4213376
Matthes Console Table-Weathered Wheat,Furniture,farmhouse,Modern|Classic|Traditional|Farmhouse,$999,78.75 x 15.0 x 30.75,Solid Reclaimed Pine,Weathered Wheat,"Simple and streamlined to showcase natural beauty. Finished in a weathered wheat, solid reclaimed pine fashions a modern media console with rustic vibes.",Four Hands,in_stock,assets\products\farmhouse\board-4213376\product-farmhouse-matthes-console-table-weathered-wheat-03-01.jpg;assets\products\farmhouse\board-4213376\product-farmhouse-matthes-console-table-weathered-wheat-03-02.jpg;assets\products\farmhouse\board-4213376\product-farmhouse-matthes-console-table-weathered-wheat-03-03.jpg;assets\products\farmhouse\board-4213376\product-farmhouse-matthes-console-table-weathered-wheat-03-04.jpg;assets\products\farmhouse\board-4213376\product-farmhouse-matthes-console-table-weathered-wheat-03-05.jpg,https://havenly.com/products/groups/four-hands-107936-84316?vendorVariantId=126619710,4213376
Puritan White Marble Drink Table,Furniture,farmhouse,Modern|Classic|Traditional|Farmhouse,$355.2,"12"" x 12"" x 23.5""","MARBLE, IRON",This Petite Drink Table Is The Perfect Resting Place For Your Beverage Or Favorite Novel. The Heavily Textured Iron Base Is Finished In A Rustic Aged Black And Topped With Naturally Veined White Marble.,This Petite Drink Table Is The Perfect Resting Place For Your Beverage Or Favorite Novel. The Heavily Textured Iron Base Is Finished In A Rustic Aged Black And Topped With Naturally Veined White Marble.,Uttermost,in_stock,assets\products\farmhouse\board-4213376\product-farmhouse-puritan-white-marble-drink-table-04-01.jpg;assets\products\farmhouse\board-4213376\product-farmhouse-puritan-white-marble-drink-table-04-02.jpg;assets\products\farmhouse\board-4213376\product-farmhouse-puritan-white-marble-drink-table-04-03.jpg;assets\products\farmhouse\board-4213376\product-farmhouse-puritan-white-marble-drink-table-04-04.jpg,https://havenly.com/products/details/Puritan-White-Marble-Drink-Table-Uttermost-126942482,4213376
Douglas End Table - Aged Bronze,Furniture,farmhouse,Modern|Classic|Traditional|Farmhouse,$279,17.5 x 17.5 x 22.5,Aluminum,Aged Bronze,"Precise curves with modern presence. Rounded base and tabletop of aged bronze-finished aluminum are connected via a shapely ring, for an open look and fun blend of scale and proportion. Safe for outdoor spaces. Cover or store indoors during inclement weather and when not in use.",Four Hands,in_stock,assets\products\farmhouse\board-4213376\product-farmhouse-douglas-end-table-aged-bronze-05-01.jpg;assets\products\farmhouse\board-4213376\product-farmhouse-douglas-end-table-aged-bronze-05-02.jpg;assets\products\farmhouse\board-4213376\product-farmhouse-douglas-end-table-aged-bronze-05-03.jpg;assets\products\farmhouse\board-4213376\product-farmhouse-douglas-end-table-aged-bronze-05-04.jpg;assets\products\farmhouse\board-4213376\product-farmhouse-douglas-end-table-aged-bronze-05-05.jpg,https://havenly.com/products/details/Douglas-End-Table-Aged-Bronze-Four-Hands-133888734,4213376
Julius Swivel Chair - Nubuck Cognac,Furniture,farmhouse,Modern|Classic|Traditional|Farmhouse,$2599,35.0 x 36.0 x 29.5,"high, yarn-like pile",Sheldon Ivory,,Four Hands,back_ordered,assets\products\farmhouse\board-4213376\product-farmhouse-julius-swivel-chair-nubuck-cognac-06-01.jpg;assets\products\farmhouse\board-4213376\product-farmhouse-julius-swivel-chair-nubuck-cognac-06-02.jpg;assets\products\farmhouse\board-4213376\product-farmhouse-julius-swivel-chair-nubuck-cognac-06-03.jpg;assets\products\farmhouse\board-4213376\product-farmhouse-julius-swivel-chair-nubuck-cognac-06-04.jpg;assets\products\farmhouse\board-4213376\product-farmhouse-julius-swivel-chair-nubuck-cognac-06-05.jpg,https://havenly.com/products/groups/four-hands-239124-85303?vendorVariantId=139810785,4213376
Scarlett Corner Sectional with  Chaise,Furniture,farmhouse,Modern|Classic|Traditional|Farmhouse,"${'id': '47660852870', 'price': 5208.75, '__typename': 'PriceModel'} (was $6945)","107""x137""x36""",Performance Antimicrobial Chenille,Misty,"<div data-content-type=""html"" data-appearance=""default"" data-element=""main"">&lt;p&gt;Modern design meets transitional details in our new Scarlett collection. Thoughtfully designed to complement all aesthetics, Scarlett pairs a modern silhouette with unmatched coziness. Each piece features a sleek bench cushion, slim track arm, plush back cushions, and matching throw pillows. Choose a sofa, sectional, chair or ottoman, all customizable in 50 fabrics, three leg styles and two cushion fills. And be",Interior Define,in_stock,assets\products\farmhouse\board-4213376\product-farmhouse-scarlett-corner-sectional-with-chaise-07-01.jpg;assets\products\farmhouse\board-4213376\product-farmhouse-scarlett-corner-sectional-with-chaise-07-02.jpg;assets\products\farmhouse\board-4213376\product-farmhouse-scarlett-corner-sectional-with-chaise-07-03.jpg;assets\products\farmhouse\board-4213376\product-farmhouse-scarlett-corner-sectional-with-chaise-07-04.jpg;assets\products\farmhouse\board-4213376\product-farmhouse-scarlett-corner-sectional-with-chaise-07-05.jpg,https://havenly.com/products/details/Scarlett-Corner-Sectional-with-Chaise-Interior-Define-153374121,4213376
"Kaul Tan Painted 29""H x 15""W x 15""D Accent Table Lamp",Decor & Pillows,farmhouse,Modern|Classic|Traditional|Farmhouse,$225,"29""H x 15""W x 15""D","Linen, Polyester, Composition, Composition, Composition, Iron",brown,"This Kaul Table Lamp is the perfect way to add global style to any space. The contemporary design is crafted from durable materials, including resin, composition, linen, metal and polyester. This lamp stands at 29 inches tall and features a classic silhouette with a modern twist. Cleaning is easy - just wipe it down with a dry cloth! Add this table lamp to your living room or bedroom for an instant upgrade.",Surya,out_of_stock,assets\products\farmhouse\board-4213376\product-farmhouse-kaul-tan-painted-29-h-x-15-w-x-15-d-accent-table-lamp-01-01.jpg,https://havenly.com/products/details/Kaul-Tan-Painted-29-H-x-15-W-x-15-D-Accent-Table-Lamp-Surya-88144530,4213376
"Phek Hand-Loomed Tribal Mauve/ Cream Pillow Cover (16""X24"" Lumbar)",Decor & Pillows,farmhouse,Modern|Classic|Traditional|Farmhouse,$30.09,"24"" x 16""",100% Cotton,"Cream, Black","Handmade by weavers in Nagaland, India, the Nagaland collection showcases the traditional loin-loom techniques of the indigenous tribes of the region. The artisan-made Phek lumbar pillow effortlessly combines heritage-rich tribal patterns with a versatile, contemporary colorway for a stunning statement in any space. Crafted of soft, finely woven cotton, this mauve-colored pillow brings the global art of Naga textiles to the modern home.. Classic Comfort: made of 100% cotton. Zipper Closure: for ",Jaipur Living,in_stock,assets\products\farmhouse\board-4213376\product-farmhouse-phek-hand-loomed-tribal-mauve-cream-pillow-cover-16-x24-lumb-02-01.jpg;assets\products\farmhouse\board-4213376\product-farmhouse-phek-hand-loomed-tribal-mauve-cream-pillow-cover-16-x24-lumb-02-02.jpg;assets\products\farmhouse\board-4213376\product-farmhouse-phek-hand-loomed-tribal-mauve-cream-pillow-cover-16-x24-lumb-02-03.jpg;assets\products\farmhouse\board-4213376\product-farmhouse-phek-hand-loomed-tribal-mauve-cream-pillow-cover-16-x24-lumb-02-04.jpg,https://havenly.com/products/details/Phek-Hand-Loomed-Tribal-Mauve-Cream-Pillow-Cover-16-X24-Lumbar-Jaipur-Living-93716212,4213376
The Citizenry Mercado Storage Baskets Round | Medium | Tan,Decor & Pillows,farmhouse,Modern|Classic|Traditional|Farmhouse,"${'id': '47711001881', 'price': 116, '__typename': 'PriceModel'} (was $145)","Medium - 14""W x 14""H","Hand-braided palm leaves, leather handles",Tan,"Beautiful and functional with global appeal, all while keeping clutter at bay. These baskets truly do it all. Handwoven from locally-sourced palm leaves, these baskets are lightweight, durable, and stand up to the day-to-day. Perfect for stashing blankets, books, laundry, or towels – we promise you’ll want one (or two) for every room. Handcrafted by a cooperative of master artisans in Guerrero, Mexico, each basket takes around three days to complete. All made start-to-finish in a fair trade envi",The Citizenry,out_of_stock,assets\products\farmhouse\board-4213376\product-farmhouse-the-citizenry-mercado-storage-baskets-round-medium-tan-03-01.jpg;assets\products\farmhouse\board-4213376\product-farmhouse-the-citizenry-mercado-storage-baskets-round-medium-tan-03-02.jpg;assets\products\farmhouse\board-4213376\product-farmhouse-the-citizenry-mercado-storage-baskets-round-medium-tan-03-03.jpg;assets\products\farmhouse\board-4213376\product-farmhouse-the-citizenry-mercado-storage-baskets-round-medium-tan-03-04.jpg;assets\products\farmhouse\board-4213376\product-farmhouse-the-citizenry-mercado-storage-baskets-round-medium-tan-03-05.jpg,https://havenly.com/products/details/The-Citizenry-Mercado-Storage-Baskets-Round-Medium-Tan-The-Citizenry-107275120,4213376
The Citizenry Mercado Floor Baskets | Large | Black,Decor & Pillows,farmhouse,Modern|Classic|Traditional|Farmhouse,"${'id': '47704721813', 'price': 152, '__typename': 'PriceModel'} (was $179)",L,Hand-braided Palm Leaves with Leather handles,Black,"Meticulously handcrafted from locally-sourced palm leaves and accented with luxe leather handles, this set of low-profile baskets make stashing clutter look good. Designed in a shallow, yet roomy size, these baskets are perfect for storing books, towels, or shoes. And bonus - their short stature makes them easy to slide under your bed or coffee table. Each basket is handcrafted by a cooperative of master artisans in Guerrero, Mexico. All made start-to-finish in a fair trade environment, it takes",The Citizenry,out_of_stock,assets\products\farmhouse\board-4213376\product-farmhouse-the-citizenry-mercado-floor-baskets-large-black-04-01.jpg,https://havenly.com/products/details/The-Citizenry-Mercado-Floor-Baskets-Large-Black-The-Citizenry-107276048,4213376
"Woven Cotton Slub Lumbar Pillow with Applique, Fringe and Tassels",Decor & Pillows,farmhouse,Modern|Classic|Traditional|Farmhouse,$48.12,24x16x2,"Cover: Cotton, Filling: Polyester",Multicolor,"Add depth and personal style to any bed, chaise,  or loveseat with a thoughtfully crafted throw pillow; Each plush accent features a variety of prints, embroideries, and textures, carefully curated to enhance any interior design scheme",Creative Co-Op,out_of_stock,assets\products\farmhouse\board-4213376\product-farmhouse-woven-cotton-slub-lumbar-pillow-with-applique-fringe-and-tas-05-01.jpg,https://havenly.com/products/details/Woven-Cotton-Slub-Lumbar-Pillow-with-Applique-Fringe-and-Tassels-Creative-Co-Op-116245081,4213376
Cotton Chenille Lumbar Pillow with Tassels,Decor & Pillows,farmhouse,Modern|Classic|Traditional|Farmhouse,$31.32,20x14x0.25,"Cover: 65% Cotton, 35% Rayon, Filler: 100% Silicone",Grey,"Add a dash of modern boho sophistication to a bed or living room sofa with this elegant pillow; With sumptuous cotton chenille and whimsical tassels, it is the ultimate plush accent",Creative Co-Op,out_of_stock,assets\products\farmhouse\board-4213376\product-farmhouse-cotton-chenille-lumbar-pillow-with-tassels-06-01.jpg,https://havenly.com/products/details/Cotton-Chenille-Lumbar-Pillow-with-Tassels-Creative-Co-Op-121839746,4213376
Booker Tray,Decor & Pillows,farmhouse,Modern|Classic|Traditional|Farmhouse,$198,17.5 x 1.0 x 17.5,Metal,Oxidized Brass,"The Booker Tray is a stunning cast aluminum decorative tray with a round shape and an antique brass finish. The etched linear hammered textured finish adds a modern edge, adding to its appeal.",Elk Home,out_of_stock,assets\products\farmhouse\board-4213376\product-farmhouse-booker-tray-07-01.jpg;assets\products\farmhouse\board-4213376\product-farmhouse-booker-tray-07-02.jpg;assets\products\farmhouse\board-4213376\product-farmhouse-booker-tray-07-03.jpg,https://havenly.com/products/details/Booker-Tray-Elk-Home-130254704,4213376
"20 Inches Square Stonewashed Linen Pillow with Fringe, Olive",Decor & Pillows,farmhouse,Modern|Classic|Traditional|Farmhouse,$35,20x20x0.25,"Cover: 100% Linen, Filler: 100% Polyester",Green,"A good quality pillow is essential for a restful and comfortable night's sleep, as it provides comfort and support for the head and neck. This collection has a perfect pillow for every need, offering a wide range of pillows with various shapes, sizes, materials, and designs. Depending on the sleeping style, choose from memory foam, cotton, latex, polyester, or down pillows in standard, queen, king, or body sizes and rectangular, square, round, or cervical shapes. Besides functionality, design op",Creative Co-Op,out_of_stock,assets\products\farmhouse\board-4213376\product-farmhouse-20-inches-square-stonewashed-linen-pillow-with-fringe-olive-08-01.jpg,https://havenly.com/products/details/20-Inches-Square-Stonewashed-Linen-Pillow-with-Fringe-Olive-Creative-Co-Op-132281668,4213376
"Throw Pillow 13 Round Pillow""",Decor & Pillows,farmhouse,Modern|Classic|Traditional|Farmhouse,$70,"13""",Performance Velvet,Marigold,"Customizing an upholstered furniture item? Add a custom throw pillow to your order!Our made-to-order pillows are customizable in 100+ fabrics and six sizes, and can only be purchased with an upholstered, made-to-order product.These pillows will ship with your upholstered, made-to-order product.",Interior Define,in_stock,assets\products\farmhouse\board-4213376\product-farmhouse-throw-pillow-13-round-pillow-09-01.jpg;assets\products\farmhouse\board-4213376\product-farmhouse-throw-pillow-13-round-pillow-09-02.jpg;assets\products\farmhouse\board-4213376\product-farmhouse-throw-pillow-13-round-pillow-09-03.jpg;assets\products\farmhouse\board-4213376\product-farmhouse-throw-pillow-13-round-pillow-09-04.jpg;assets\products\farmhouse\board-4213376\product-farmhouse-throw-pillow-13-round-pillow-09-05.jpg,https://havenly.com/products/details/Throw-Pillow-13-Round-Pillow-Interior-Define-132850572,4213376
Toney Bone Picture Frame,Decor & Pillows,farmhouse,Modern|Classic|Traditional|Farmhouse,$34.99,4x6,Manufactured Wood,Indigo,"The single picture frame will instantly transform any corner of any room. Regardless of the pictures you choose to display or where you choose to place it, this modern-chic frame just pops out in any décor. It can be easily used both for portrait and landscape photos. Features Contrasting tones create a beautiful effect Fits well in modern décors Material: MDF, bone, glass, and iron hardware Product Details Mat Included: No Frame Material: Manufactured Wood Photo Protector Material: Glass Pictur",Wayfair,in_stock,assets\products\farmhouse\board-4213376\product-farmhouse-toney-bone-picture-frame-10-01.jpg;assets\products\farmhouse\board-4213376\product-farmhouse-toney-bone-picture-frame-10-02.jpg;assets\products\farmhouse\board-4213376\product-farmhouse-toney-bone-picture-frame-10-03.jpg,https://havenly.com/products/details/Toney-Bone-Picture-Frame-Wayfair-92206229,4213376
Ruffled Marble Bowl,Decor & Pillows,farmhouse,Modern|Classic|Traditional|Farmhouse,$98,"Medium: 3”H, 10” diameter",marble,white,"An elegantly ruffled edge adds dramatic appeal to this fluted marble bowl. Ruffled Marble Bowl by Terrain in White, Size: Medium at Anthropologie",Anthropologie,in_stock,assets\products\farmhouse\board-4213376\product-farmhouse-ruffled-marble-bowl-11-01.jpg;assets\products\farmhouse\board-4213376\product-farmhouse-ruffled-marble-bowl-11-02.jpg,https://havenly.com/products/details/Ruffled-Marble-Bowl-Anthropologie-136227344,4213376
"Lola LL-006 20""L x 20""W Down Filled Pillow",Decor & Pillows,farmhouse,Modern|Classic|Traditional|Farmhouse,$160,"20"" x 20""",100% Cotton,Blue,"Add a touch of bohemian flair to your living space with the Lola pillow. Made in India, this globally-inspired piece is composed of 100% cotton, guaranteeing both comfort and durability. Its unique style effortlessly enhances any room, making it an ideal choice for those looking to elevate their home decor. Plus, maintaining its fresh look is easy - simply spot clean with mild detergent and cold water then lay flat to dry. Please note: Do not bleach or dry clean. This distinctive pillow truly me",Surya,in_stock,assets\products\farmhouse\board-4213376\product-farmhouse-lola-ll-006-20-l-x-20-w-down-filled-pillow-12-01.jpg;assets\products\farmhouse\board-4213376\product-farmhouse-lola-ll-006-20-l-x-20-w-down-filled-pillow-12-02.jpg;assets\products\farmhouse\board-4213376\product-farmhouse-lola-ll-006-20-l-x-20-w-down-filled-pillow-12-03.jpg;assets\products\farmhouse\board-4213376\product-farmhouse-lola-ll-006-20-l-x-20-w-down-filled-pillow-12-04.jpg,https://havenly.com/products/groups/surya-13535-0-998?vendorVariantId=8147679,4213376
"Creative Displays, Inc. Faux Hydrangea Arrangement in Vase",Decor & Pillows,farmhouse,Modern|Classic|Traditional|Farmhouse,"${'id': '47616525590', 'price': 136, '__typename': 'PriceModel'} (was $154)",11'' H X 12'' W X 12'' D,Polysilk,White,"ive your space the look of live greenery without any upkeep with this gorgeous hydrangea arrangement. This iconic piece fuses the classic look of your favorite lush floral with a subtle farmhouse look. Featuring a classic glass vase with lifelike hydrangea blossoms effortlessly arranged, this floral offers a clean, springtime look that we love. Requiring no maintenance other than occasional dusting, you can enjoy the bright look of fresh blossoms all year round. Hand-curated by Kelly Clarkson. C",Perigold,in_stock,assets\products\farmhouse\board-4213376\product-farmhouse-creative-displays-inc-faux-hydrangea-arrangement-in-vase-13-01.jpg,https://havenly.com/products/details/Creative-Displays-Inc-Faux-Hydrangea-Arrangement-in-Vase-Perigold-131853014,4213376
Sumava Table Lamp,Lighting,farmhouse,Modern|Classic|Traditional|Farmhouse,$742,"• Height: 26.5"" • Width: 17"" • Base: 5.75"" x 9.5"" Oval",Ceramic,White,,McGee & Co.,out_of_stock,assets\products\farmhouse\board-4213376\product-farmhouse-sumava-table-lamp-01-01.jpg,https://havenly.com/products/details/Sumava-Table-Lamp-McGee-Co-87021365,4213376
"June Gray Weathered 24""H x 12""W x 12""D Accent Table Lamp",Lighting,farmhouse,Modern|Classic|Traditional|Farmhouse,$135,"24""H x 12""W x 12""D","Linen, Polyester, Composition, Composition, Metal",.,"This June Table Lamp is the perfect addition to any traditional-style room. Its unique design blends four different materials: Polyester, Resin, Metal and Linen for a sophisticated look that stands out. With its 24-inch tall height, this lamp provides plenty of light for your living space. The material blend is easy to clean with just a dry cloth; no need for harsh chemicals or cleaners. Add charm and character to your home with this June Table Lamp!",Surya,back_ordered,assets\products\farmhouse\board-4213376\product-farmhouse-june-gray-weathered-24-h-x-12-w-x-12-d-accent-table-lamp-02-01.jpg;assets\products\farmhouse\board-4213376\product-farmhouse-june-gray-weathered-24-h-x-12-w-x-12-d-accent-table-lamp-02-02.jpg;assets\products\farmhouse\board-4213376\product-farmhouse-june-gray-weathered-24-h-x-12-w-x-12-d-accent-table-lamp-02-03.jpg;assets\products\farmhouse\board-4213376\product-farmhouse-june-gray-weathered-24-h-x-12-w-x-12-d-accent-table-lamp-02-04.jpg;assets\products\farmhouse\board-4213376\product-farmhouse-june-gray-weathered-24-h-x-12-w-x-12-d-accent-table-lamp-02-05.jpg,https://havenly.com/products/details/June-Gray-Weathered-24-H-x-12-W-x-12-D-Accent-Table-Lamp-Surya-87590153,4213376
Harriet Paper Pleated Floor Lamp,Lighting,farmhouse,Modern|Classic|Traditional|Farmhouse,"${'id': '47674199202', 'price': 278.6, '__typename': 'PriceModel'} (was $398)","62""H, 30.25"" diameter","Brass, marble",Gold,"With a pleated cotton shade, this unique floor lamp is both visually intriguing and elegant at once. Best of all? It features a movable arm that allows for effortless illumination of any space. This item is UL listed, meaning it has been tested and approved to meet the government-regulated safety standards for the USA. Use with electrical outlets 110-120v or lower, as anything higher can cause fire or injury. If you're purchasing this item for use outside of the United States, employ the adapter",Anthropologie,out_of_stock,assets\products\farmhouse\board-4213376\product-farmhouse-harriet-paper-pleated-floor-lamp-03-01.jpg,https://havenly.com/products/details/Harriet-Paper-Pleated-Floor-Lamp-Anthropologie-91870086,4213376
Bronte Table Lamp,Lighting,farmhouse,Modern|Classic|Traditional|Farmhouse,$328,"12"" Dia. x 14.5"" H",Travertine & paper,natural,"A smooth, round base brings shape and a sculptural element to your space with the Bronte Table Lamp. Crafted from travertine with natural texture and detail, the lamp presents itself with balance with the tapered paper shade and brass hardware.",McGee & Co.,in_stock,assets\products\farmhouse\board-4213376\product-farmhouse-bronte-table-lamp-04-01.jpg;assets\products\farmhouse\board-4213376\product-farmhouse-bronte-table-lamp-04-02.jpg,https://havenly.com/products/details/Bronte-Table-Lamp-McGee-Co-136732048,4213376
Santos Side Table,Other,farmhouse,Modern|Classic|Traditional|Farmhouse,$1050,"30"" L x 30"" W x 28"" H",Oak,Oak,,McGee & Co.,in_stock,assets\products\farmhouse\board-4213376\product-farmhouse-santos-side-table-01-01.jpg;assets\products\farmhouse\board-4213376\product-farmhouse-santos-side-table-01-02.jpg;assets\products\farmhouse\board-4213376\product-farmhouse-santos-side-table-01-03.jpg;assets\products\farmhouse\board-4213376\product-farmhouse-santos-side-table-01-04.jpg;assets\products\farmhouse\board-4213376\product-farmhouse-santos-side-table-01-05.jpg,https://havenly.com/products/details/Santos-Side-Table-McGee-Co-87462105,4213376
Angela Rose x Loloi Blake Ocean / Mocha 7-10' x 10-2',Other,farmhouse,Modern|Classic|Traditional|Farmhouse,$620,7-10' x 10-2',"100% Polyester Pile, Backing: Cotton",Ocean / Mocha,"Designed in an expertly distressed antique style, the Blake Collection by Angela Rose x Loloi features traditional motifs that have softened into the background, making it an effortless neutral in any room. Muted earth-toned palettes complement a range of furniture, while subtle cream-colored fringe at the edges add texture and framing.Â The Blake Collection isÂ power-loomed in Turkey of 100% polyester pile. Clean spills immediately by blotting with a clean, dry sponge or cloth. Appropriate rug ",Loloi Rugs,in_stock,assets\products\farmhouse\board-4213376\product-farmhouse-angela-rose-x-loloi-blake-ocean-mocha-7-10-x-10-2-02-01.jpg;assets\products\farmhouse\board-4213376\product-farmhouse-angela-rose-x-loloi-blake-ocean-mocha-7-10-x-10-2-02-02.jpg;assets\products\farmhouse\board-4213376\product-farmhouse-angela-rose-x-loloi-blake-ocean-mocha-7-10-x-10-2-02-03.jpg;assets\products\farmhouse\board-4213376\product-farmhouse-angela-rose-x-loloi-blake-ocean-mocha-7-10-x-10-2-02-04.jpg;assets\products\farmhouse\board-4213376\product-farmhouse-angela-rose-x-loloi-blake-ocean-mocha-7-10-x-10-2-02-05.jpg,https://havenly.com/products/details/Angela-Rose-x-Loloi-Blake-Ocean-Mocha-7-10-x-10-2-Loloi-Rugs-130440319,4213376
"Loloi Windblown Black / Multi 4'-5"" x 2'-5"" Wall Art",Other,farmhouse,Modern|Classic|Traditional|Farmhouse,$432,"4'-5"" X 2'-5"" Wall Art",100% Wool,Multi,"UNIVAILABLE To clean acrylic and acrylic plastic surfaces, we recommend using a non-abrasive, ammonia-free cleaner with a dry microfiber cloth. Woven",Loloi Rugs,out_of_stock,assets\products\farmhouse\board-4213376\product-farmhouse-loloi-windblown-black-multi-4-5-x-2-5-wall-art-03-01.jpg,https://havenly.com/products/details/Loloi-Windblown-Black-Multi-4-5-x-2-5-Wall-Art-Loloi-Rugs-118336275,4213376
Multisurface 12'x15' Premium Rug Pad,Other,farmhouse,Modern|Classic|Traditional|Farmhouse,$299.95,12'x15', ,Natural,"This reversible, nonslip pad protects both carpet and hard floors. One side is fabric, made from post-industrial recycled material, for use on carpet; the other is a blend of natural and synthetic rubber for hard floors. Thick, cushioned material reduces rug wear and makes vacuuming rugs easier and is especially recommended for hand-tufted and -knotted rugs. Place fiber side up on all hard surfaces, such as wood, tile, marble, concrete and laminate, and rubber side up on carpeted surfaces.   •  ",Crate and Barrel,in_stock,assets\products\farmhouse\board-4213376\product-farmhouse-multisurface-12-x15-premium-rug-pad-04-01.jpg;assets\products\farmhouse\board-4213376\product-farmhouse-multisurface-12-x15-premium-rug-pad-04-02.jpg;assets\products\farmhouse\board-4213376\product-farmhouse-multisurface-12-x15-premium-rug-pad-04-03.jpg;assets\products\farmhouse\board-4213376\product-farmhouse-multisurface-12-x15-premium-rug-pad-04-04.jpg,https://havenly.com/products/groups/crate-and-barrel-52908-9072?vendorVariantId=125342376,4213376
Barred Bone Frame Large,Other,farmhouse,Modern|Classic|Traditional|Farmhouse,$42,"5"" x 7""","Bone, MDF, & glass",Bone White,,McGee & Co.,out_of_stock,assets\products\farmhouse\board-4213376\product-farmhouse-barred-bone-frame-large-05-01.jpg,https://havenly.com/products/details/Barred-Bone-Frame-Large-McGee-Co-87710241,4213376
"Calypso 90"" Natural Wood Storage Media Console",Other,farmhouse,Modern|Classic|Traditional|Farmhouse,$2199,"90""Wx18""Dx32""H",WOOD,Natural,"Calypso opens up living room storage with a light and airy look. Consisting of three stacked drawers flanked by two cabinets, the large media console sheds light on whatever is showcased with glass doors and shelves. Elm wood frames the console with stepped trim, heavily wirebrushed and given a natural finish to bring out the grain. Recessed plinth bases and blocky pulls add modern details to this timeless media console with cabinets, a Crate & Barrel exclusive.By choosing FSC r-certified furnit",Crate and Barrel,in_stock,assets\products\farmhouse\board-4213376\product-farmhouse-calypso-90-natural-wood-storage-media-console-06-01.jpg;assets\products\farmhouse\board-4213376\product-farmhouse-calypso-90-natural-wood-storage-media-console-06-02.jpg;assets\products\farmhouse\board-4213376\product-farmhouse-calypso-90-natural-wood-storage-media-console-06-03.jpg;assets\products\farmhouse\board-4213376\product-farmhouse-calypso-90-natural-wood-storage-media-console-06-04.jpg;assets\products\farmhouse\board-4213376\product-farmhouse-calypso-90-natural-wood-storage-media-console-06-05.jpg,https://havenly.com/products/details/Calypso-90-Natural-Wood-Storage-Media-Console-Crate-and-Barrel-118109178,4213376
"Loloi Swept Up Beige / Multi 4'-4"" x 2'-4"" Wall Art",Other,farmhouse,Modern|Classic|Traditional|Farmhouse,$499,"4'-4"" X 2'-4"" Wall Art",100% Wool,Beige / Multi,"UNIVAILABLE To clean acrylic and acrylic plastic surfaces, we recommend using a non-abrasive, ammonia-free cleaner with a dry microfiber cloth. Woven",Loloi Rugs,out_of_stock,assets\products\farmhouse\board-4213376\product-farmhouse-loloi-swept-up-beige-multi-4-4-x-2-4-wall-art-07-01.jpg,https://havenly.com/products/details/Loloi-Swept-Up-Beige-Multi-4-4-x-2-4-Wall-Art-Loloi-Rugs-118336267,4213376
Nadette Nesting Tables Set/2,Furniture,farmhouse,Modern|Farmhouse|Minimal|Warm Transitional,$412.8,"Sm-16W x19H x16W, Lg-18W x22H x18W","Mindi Wood, MDF, Veneer",Espresso,"Modern And Sophisticated, This Set Of Two Nesting Tables Features Strong Angular Lines And Is Layered In Dark Espresso Finished Mindi Veneer. Sizes: Sm-16x19x16, Lg-18x22x18",Uttermost,in_stock,assets\products\farmhouse\board-4221366\product-farmhouse-nadette-nesting-tables-set-2-01-01.jpg;assets\products\farmhouse\board-4221366\product-farmhouse-nadette-nesting-tables-set-2-01-02.jpg;assets\products\farmhouse\board-4221366\product-farmhouse-nadette-nesting-tables-set-2-01-03.jpg;assets\products\farmhouse\board-4221366\product-farmhouse-nadette-nesting-tables-set-2-01-04.jpg;assets\products\farmhouse\board-4221366\product-farmhouse-nadette-nesting-tables-set-2-01-05.jpg,https://havenly.com/products/details/Nadette-Nesting-Tables-Set-2-Uttermost-81232107,4221366
Sasha Wood Accent Table - Black,Furniture,farmhouse,Modern|Farmhouse|Minimal|Warm Transitional,$210.6,20.0in x 22.0in x 20.0in,Wood,"Black, Black","Reimagining retro, this Sasha Accent Table is simply sensational. Hints of MIndonesia-Century charm emanate from the finely sculpted curves of Sasha's trestle base, and a jet black finish seamlessly accents any room's color scheme.  WOOD CARE: Always use felt pads under all articles to prevent discoloration or softening of the lacquer. Plastic and rubber bases on items can discolor wood. Wipe up spills immediately and avoIndonesia common hazards such as hot dishes, harsh solvents, and abrasives.",Safavieh Couture,back_ordered,assets\products\farmhouse\board-4221366\product-farmhouse-sasha-wood-accent-table-black-02-01.jpg;assets\products\farmhouse\board-4221366\product-farmhouse-sasha-wood-accent-table-black-02-02.jpg;assets\products\farmhouse\board-4221366\product-farmhouse-sasha-wood-accent-table-black-02-03.jpg;assets\products\farmhouse\board-4221366\product-farmhouse-sasha-wood-accent-table-black-02-04.jpg;assets\products\farmhouse\board-4221366\product-farmhouse-sasha-wood-accent-table-black-02-05.jpg,https://havenly.com/products/groups/safavieh-couture-sfv2129-72765?vendorVariantId=142956006,4221366
"Nina Round Coffee Table | White Wash | 36"" | Smooth Finish | Wood Base",Furniture,farmhouse,Modern|Farmhouse|Minimal|Warm Transitional,$795,"36""W x 17""H","White Wash Stain on Rubberwood, Wood Trim",White Wash,"<div data-content-type=""html"" data-appearance=""default"" data-element=""main"">&lt;p&gt;With a modern silhouette and subtle art deco flair, our Nina coffee table adds just enough visual interest to any space. Customize yours by wood finish, tabletop size, base style, and trim.&lt;/p&gt;  &lt;ul&gt; &lt;li&gt;36"" or 40"" Diam. x 17"" H&lt;/li&gt; &lt;li&gt;Shipping box: 44"" W x 44"" D x 21"" H, 85lbs.&lt;/li&gt; &lt;li&gt;Assembly not required&lt;/li&gt; &lt;li&gt;Receives White Glove delivery&lt;",Interior Define,in_stock,assets\products\farmhouse\board-4221366\product-farmhouse-nina-round-coffee-table-white-wash-36-smooth-finish-wood-bas-03-01.jpg;assets\products\farmhouse\board-4221366\product-farmhouse-nina-round-coffee-table-white-wash-36-smooth-finish-wood-bas-03-02.jpg;assets\products\farmhouse\board-4221366\product-farmhouse-nina-round-coffee-table-white-wash-36-smooth-finish-wood-bas-03-03.jpg;assets\products\farmhouse\board-4221366\product-farmhouse-nina-round-coffee-table-white-wash-36-smooth-finish-wood-bas-03-04.jpg;assets\products\farmhouse\board-4221366\product-farmhouse-nina-round-coffee-table-white-wash-36-smooth-finish-wood-bas-03-05.jpg,https://havenly.com/products/details/Nina-Round-Coffee-Table-White-Wash-36-Smooth-Finish-Wood-Base-Interior-Define-146163555,4221366
"Sion 61"" White-Washed Teak Wood Credenza",Furniture,farmhouse,Modern|Farmhouse|Minimal|Warm Transitional,$1899,"Width: 61""  Depth: 17.75""  Height: 28""",Teak,White,"Repurposed white-washed teak wood makes a handsome credenza by Jannis Ellenberger, with a blackened mango wood frame for added interest and design edge. Shelves inside are adjustable to suit your needs while discreet cord management keeps it neat. Learn about Jannis Ellenberger on our blog. CB2 exclusive.  -Designed by Jannis Ellenberger -Solid white-washed mango wood side and back panels with black trim -Repurposed teak wood shelf and doors -Each will be unique -Finished back with discreet cuto",CB2,out_of_stock,assets\products\farmhouse\board-4221366\product-farmhouse-sion-61-white-washed-teak-wood-credenza-04-01.jpg;assets\products\farmhouse\board-4221366\product-farmhouse-sion-61-white-washed-teak-wood-credenza-04-02.jpg,https://havenly.com/products/details/Sion-61-White-Washed-Teak-Wood-Credenza-CB2-82149631,4221366
Jasper Chaise Lounge,Furniture,farmhouse,Modern|Farmhouse|Minimal|Warm Transitional,$1845,"72'' W, 36'' D, 33'' H","Performance antimicrobial chenille, cushion fill: standard down blend","Limestone, legs: natural oak stain","<p>Like the perfect pair of relaxed-fit jeans, the Jasper combines comfort and style. We consider it our ultimate lounging chair. Clean lines, including a simple, solid wood rail, keep the overall design sleek with a hint of California-cool.</p>  <p>The layered cushion is soft, yet supportive, and can be upgraded for an extra-soft sit and fully reversible cushion.</p>  <p>Dimensions: 36""W  28""H, multiple lengths</p>",Interior Define,in_stock,assets\products\farmhouse\board-4221366\product-farmhouse-jasper-chaise-lounge-05-01.jpg;assets\products\farmhouse\board-4221366\product-farmhouse-jasper-chaise-lounge-05-02.jpg;assets\products\farmhouse\board-4221366\product-farmhouse-jasper-chaise-lounge-05-03.jpg;assets\products\farmhouse\board-4221366\product-farmhouse-jasper-chaise-lounge-05-04.jpg;assets\products\farmhouse\board-4221366\product-farmhouse-jasper-chaise-lounge-05-05.jpg,https://havenly.com/products/details/Jasper-Chaise-Lounge-Interior-Define-134164282,4221366
Tegan Swivel Chair,Furniture,farmhouse,Modern|Farmhouse|Minimal|Warm Transitional,$1355,30'' w x 24'' d x 30'' h,Performance Vintage Velvet,Oasis,"Graceful lines meet smart tailoring with the Tegan swivel chair. Its soft curves and surprising details call back to the rest of the Tegan collection, making it a seamless addition. The Tegan swivel chair's hidden base features a steel ball-bearing mechanism for a smooth, 360Ã?Â° swivel.Tegan is more than just form; it's functional, too, and that function is feeling comfortable. The tight seat and back provide support, but has just enough give to let you sink in and relax. For extra lounge-abili",Interior Define,in_stock,assets\products\farmhouse\board-4221366\product-farmhouse-tegan-swivel-chair-06-01.jpg;assets\products\farmhouse\board-4221366\product-farmhouse-tegan-swivel-chair-06-02.jpg;assets\products\farmhouse\board-4221366\product-farmhouse-tegan-swivel-chair-06-03.jpg;assets\products\farmhouse\board-4221366\product-farmhouse-tegan-swivel-chair-06-04.jpg;assets\products\farmhouse\board-4221366\product-farmhouse-tegan-swivel-chair-06-05.jpg,https://havenly.com/products/details/Tegan-Swivel-Chair-Interior-Define-150675599,4221366
"Matte Black 1"" Curtain Rod and End Cap Finials Set 48""-88""",Decor & Pillows,farmhouse,Modern|Farmhouse|Minimal|Warm Transitional,$109,"48""-88""",Iron and zinc alloy,Black,"Show your curtains off to their best effect with this modern, understated set in on-trend matte black. A slender telescoping rod is held in elegantly angular brackets and finished at each end with sleek cylindrical end caps. This set includes a telescoping rod, two brackets and mounting hardware. Add our matte black curtain rings and tiebacks for a modern, finished look.     Iron and zinc alloy with matte black finish  20-lb. weight limit for 28""–48"" and 48""–88"" sets; 40-lb. weight limit for 88""",Crate and Barrel,out_of_stock,assets\products\farmhouse\board-4221366\product-farmhouse-matte-black-1-curtain-rod-and-end-cap-finials-set-48-88-01-01.jpg;assets\products\farmhouse\board-4221366\product-farmhouse-matte-black-1-curtain-rod-and-end-cap-finials-set-48-88-01-02.jpg;assets\products\farmhouse\board-4221366\product-farmhouse-matte-black-1-curtain-rod-and-end-cap-finials-set-48-88-01-03.jpg,https://havenly.com/products/details/Matte-Black-1-Curtain-Rod-and-End-Cap-Finials-Set-48-88-Crate-and-Barrel-62006257,4221366
Wabi Small Sand Fiberstone Planter by Leanne Ford,Decor & Pillows,farmhouse,Modern|Farmhouse|Minimal|Warm Transitional,$229,"18.11"" dia. x 18.11""H",STONE/CEMENT,Sand,"Resembling traditional storage jars, our Wabi planter streamlines a classic shape for a look that's clean and contemporary. The planter's rounded bicone shape suits container plantings of flowers and trailing greens and lends modern refinement to patios, decks and balconies. Made of a mix of cement, sand and fiber, the small sand-colored planter—also available in medium and large—is lightweight, durable and frost-resistant.  This piece is part of our exclusive collaboration with star designer Le",Crate and Barrel,in_stock,assets\products\farmhouse\board-4221366\product-farmhouse-wabi-small-sand-fiberstone-planter-by-leanne-ford-02-01.jpg;assets\products\farmhouse\board-4221366\product-farmhouse-wabi-small-sand-fiberstone-planter-by-leanne-ford-02-02.jpg;assets\products\farmhouse\board-4221366\product-farmhouse-wabi-small-sand-fiberstone-planter-by-leanne-ford-02-03.jpg,https://havenly.com/products/groups/crate-and-barrel-1010566-7763?vendorVariantId=115772933,4221366
"Angela Rose x Loloi Ember Ivory / Multi 7'-10"" x 10'",Rugs,farmhouse,Modern|Farmhouse|Minimal|Warm Transitional,$410,"7'-10"" x 10'","100% Polyester Pile, Backing: Cotton",Ivory / Multi,"The Ember Collection by Angela Rose x Loloi is a modern flatweave area rug with a timeless plaid pattern that adds depth and coziness to any living room, bedroom, dining room, or hallway. Ember is power-loomed of 100% space-dyed polyester, a durable construction that creates a nuanced depth of color, available in a range of neutral palettes. Made in Turkey and carries the Oeko-TexÂ® label, ensuring its materials don't contain harmful substances. Clean spills immediately by blotting with a clean,",Loloi Rugs,in_stock,assets\products\farmhouse\board-4221366\product-farmhouse-angela-rose-x-loloi-ember-ivory-multi-7-10-x-10-01-01.jpg;assets\products\farmhouse\board-4221366\product-farmhouse-angela-rose-x-loloi-ember-ivory-multi-7-10-x-10-01-02.jpg;assets\products\farmhouse\board-4221366\product-farmhouse-angela-rose-x-loloi-ember-ivory-multi-7-10-x-10-01-03.jpg;assets\products\farmhouse\board-4221366\product-farmhouse-angela-rose-x-loloi-ember-ivory-multi-7-10-x-10-01-04.jpg;assets\products\farmhouse\board-4221366\product-farmhouse-angela-rose-x-loloi-ember-ivory-multi-7-10-x-10-01-05.jpg,https://havenly.com/products/details/Angela-Rose-x-Loloi-Ember-Ivory-Multi-7-10-x-10-Loloi-Rugs-149048607,4221366
Troy Lighting Zen Table Lamp,Lighting,farmhouse,Modern|Farmhouse|Minimal|Warm Transitional,$538,17.75in W x 14in H,Ceramic,Graystone,"""Width/Diameter: 17.75"""" Height: 14.00"""" Shade Material: Linen Shade Color: Off-white Hardback Linen Number of Lamps: 1 Wattage: 60.00 Socket Type: E26 Medium Base Recommended Bulb: A19 Plug In: Yes Electrical Rating: UL Dry *When applicable, we may remove wiring from images. *Please note, our fixtures do not come with bulbs, you may add the appropriate bulbs as an accessory. """,Hudson Valley Lighting Group,in_stock,assets\products\farmhouse\board-4221366\product-farmhouse-troy-lighting-zen-table-lamp-01-01.jpg;assets\products\farmhouse\board-4221366\product-farmhouse-troy-lighting-zen-table-lamp-01-02.jpg;assets\products\farmhouse\board-4221366\product-farmhouse-troy-lighting-zen-table-lamp-01-03.jpg;assets\products\farmhouse\board-4221366\product-farmhouse-troy-lighting-zen-table-lamp-01-04.jpg,https://havenly.com/products/details/Troy-Lighting-Zen-Table-Lamp-Hudson-Valley-Lighting-Group-146923642,4221366
Boccia Curved Shade Matte Black Flush Mount Light,Lighting,farmhouse,Modern|Farmhouse|Minimal|Warm Transitional,"${'id': '47680892304', 'price': 419.97, '__typename': 'PriceModel'} (was $599)","34.5"" dia. x 7.5""H",METAL,BLACK,"The classic flush mount gets a sleek update in matte black. Designed by Barcelona-based Mermelada Estudio, curved brass shades radiate light with sophisticated flair. CB2 exclusive.  -Designed by Mermelada Estudio -Solid brass with matte black finish -Accommodates eight 25W max candelabra bulbs or 4W max LED bulbs not included -Dimmable bulb recommended for use with dimmer switch -Hardwired fixture; professional installation recommended -Customer assembly required -UL Listed Learn more. -Dust wi",CB2,out_of_stock,assets\products\farmhouse\board-4221366\product-farmhouse-boccia-curved-shade-matte-black-flush-mount-light-02-01.jpg;assets\products\farmhouse\board-4221366\product-farmhouse-boccia-curved-shade-matte-black-flush-mount-light-02-02.jpg;assets\products\farmhouse\board-4221366\product-farmhouse-boccia-curved-shade-matte-black-flush-mount-light-02-03.jpg,https://havenly.com/products/details/Boccia-Curved-Shade-Matte-Black-Flush-Mount-Light-CB2-107602125,4221366
Venus Black Arc Floor Lamp with Marble Base,Other,farmhouse,Modern|Farmhouse|Minimal|Warm Transitional,$1299,"15.75"" dia. x 78.38""H",MARBLE,Black,"Arc floor lamp is a revival of 1960s Italian forms with a postmodern twist. andamp;quot;Venus harkens back to Grace Jones in the '80s vibe,andamp;quot; explains NYC-based designer Farrah Sit. Sculpted from solid Marquina black marble, sharp angular base is balanced by one continuous rod of blackened iron that softly arcs over the fixture. Using materials that are cool to the touch, Sit contrasts basic geometric shapes that reflect postmodern motifs. Honed marble is punctuated with crisp white ve",CB2,back_ordered,assets\products\farmhouse\board-4221366\product-farmhouse-venus-black-arc-floor-lamp-with-marble-base-01-01.jpg;assets\products\farmhouse\board-4221366\product-farmhouse-venus-black-arc-floor-lamp-with-marble-base-01-02.jpg;assets\products\farmhouse\board-4221366\product-farmhouse-venus-black-arc-floor-lamp-with-marble-base-01-03.jpg;assets\products\farmhouse\board-4221366\product-farmhouse-venus-black-arc-floor-lamp-with-marble-base-01-04.jpg;assets\products\farmhouse\board-4221366\product-farmhouse-venus-black-arc-floor-lamp-with-marble-base-01-05.jpg,https://havenly.com/products/details/Venus-Black-Arc-Floor-Lamp-with-Marble-Base-CB2-125925530,4221366
Ruffle Marble Decorative Bowl,Other,farmhouse,Modern|Farmhouse|Minimal|Warm Transitional,$158,"4""H, 12"" diameter",Stone,"White, Color Code: 010","Exclusively for Anthropologie Marble Due to the nature of this item's materials, expect slight variation in the patterns and colors of this unique piece. Imported Ruffle Marble Decorative Bowl by Anthropologie in White",Anthropologie,out_of_stock,assets\products\farmhouse\board-4221366\product-farmhouse-ruffle-marble-decorative-bowl-02-01.jpg;assets\products\farmhouse\board-4221366\product-farmhouse-ruffle-marble-decorative-bowl-02-02.jpg,https://havenly.com/products/details/Ruffle-Marble-Decorative-Bowl-Anthropologie-132408000,4221366
Burrow Rug Pad | 8' x 10',Other,farmhouse,Modern|Farmhouse|Minimal|Warm Transitional,"${'id': '47683336970', 'price': 71.25, '__typename': 'PriceModel'} (was $95)",7’6” W x 9’9” L,Fiber,Grey,"The Plush Rubber Grip Rug Pad offers comfort and protection. Precisely cut to fit our rug sizes, it eliminates the need for home cutting. Made from 100% post-industrial fibers, it not only makes your rug more comfortable but also extends its lifespan and protects your floors. | Burrow Rug Pad",Burrow,out_of_stock,assets\products\farmhouse\board-4221366\product-farmhouse-burrow-rug-pad-8-x-10-03-01.jpg;assets\products\farmhouse\board-4221366\product-farmhouse-burrow-rug-pad-8-x-10-03-02.jpg,https://havenly.com/products/details/Burrow-Rug-Pad-8-x-10-Burrow-136818494,4221366
"Pampas Ivory & Storm Grey Linen Double Pinstripe Window Curtain Panel 52""x108""",Other,farmhouse,Modern|Farmhouse|Minimal|Warm Transitional,"${'id': '47662566964', 'price': 109.97, '__typename': 'PriceModel'} (was $219.95)","52""Wx108""H",Linen,Off White,"Our curtain panels frame windows with the breezy look of natural linen. Showcasing the organic beauty of woven linen, the ivory curtain has a hint of decor-friendly pattern in delicate double-lined vertical pinstripes in cool grey. Hang our cotton-lined linen curtains from the back tabs for an elegant pleated style, use the rod pocket to create a more laid-back gathered look or add a set of our curtain clips (sold separately)  Try it on first. Since color representation may vary by screen, using",Crate and Barrel,out_of_stock,assets\products\farmhouse\board-4221366\product-farmhouse-pampas-ivory-storm-grey-linen-double-pinstripe-window-curtai-04-01.jpg;assets\products\farmhouse\board-4221366\product-farmhouse-pampas-ivory-storm-grey-linen-double-pinstripe-window-curtai-04-02.jpg;assets\products\farmhouse\board-4221366\product-farmhouse-pampas-ivory-storm-grey-linen-double-pinstripe-window-curtai-04-03.jpg;assets\products\farmhouse\board-4221366\product-farmhouse-pampas-ivory-storm-grey-linen-double-pinstripe-window-curtai-04-04.jpg;assets\products\farmhouse\board-4221366\product-farmhouse-pampas-ivory-storm-grey-linen-double-pinstripe-window-curtai-04-05.jpg,https://havenly.com/products/details/Pampas-Ivory-Storm-Grey-Linen-Double-Pinstripe-Window-Curtain-Panel-52-x108-Crate-and-Barrel-137909444,4221366
Interlock Throw Pillow,Other,farmhouse,Modern|Farmhouse|Minimal|Warm Transitional,$94,22x22,Cotton,White,"A perfect pair to the Interlock Quilt, this classic and playful pattern features geometric shapes while additional hand-embroidered Kantha stitching lends dimension for an artisanal look. Whether on a sofa or bed, this pillow will bring life to your decor. Anchal on-chal is an award-winning, social enterprise that uses design thinking to create innovative products and sustainable employment for exploited women worldwide. The contemporary geometric designs are defined by sophisticated patchwork a",Anthropologie,out_of_stock,assets\products\farmhouse\board-4221366\product-farmhouse-interlock-throw-pillow-05-01.jpg,https://havenly.com/products/details/Interlock-Throw-Pillow-Anthropologie-142197257,4221366
"Bloche II by Coup d'Esprit - 24"" x 24""",Other,farmhouse,Modern|Farmhouse|Minimal|Warm Transitional,$355,"24"" x 24""",Black Maple,Black & White,"Meet the center of attention. A bold, graphic addition to any room of your home, this stunning work of art features abstract block designs in shades of black, white, and cream. Mixing classic lines with modern style, this piece always earns a double take.",Four Hands,in_stock,assets\products\farmhouse\board-4221366\product-farmhouse-bloche-ii-by-coup-d-esprit-24-x-24-06-01.jpg;assets\products\farmhouse\board-4221366\product-farmhouse-bloche-ii-by-coup-d-esprit-24-x-24-06-02.jpg;assets\products\farmhouse\board-4221366\product-farmhouse-bloche-ii-by-coup-d-esprit-24-x-24-06-03.jpg,https://havenly.com/products/details/Bloche-II-by-Coup-d-Esprit-24-x-24-Four-Hands-147369865,4221366
"Bloche III by Coup d'Esprit - 24"" x 24""",Other,farmhouse,Modern|Farmhouse|Minimal|Warm Transitional,$355,"24"" x 24""",Black Maple,Black & White,"When it comes to style, this work of art is like no other. Bold, graphic blocks are painted against warm shades of cream, creating a stunning look that won’t go unnoticed. Whether mixed with a gallery wall or set apart as a centerpiece, each painting is a perfect match for the modern home.",Four Hands,in_stock,assets\products\farmhouse\board-4221366\product-farmhouse-bloche-iii-by-coup-d-esprit-24-x-24-07-01.jpg;assets\products\farmhouse\board-4221366\product-farmhouse-bloche-iii-by-coup-d-esprit-24-x-24-07-02.jpg;assets\products\farmhouse\board-4221366\product-farmhouse-bloche-iii-by-coup-d-esprit-24-x-24-07-03.jpg;assets\products\farmhouse\board-4221366\product-farmhouse-bloche-iii-by-coup-d-esprit-24-x-24-07-04.jpg,https://havenly.com/products/details/Bloche-III-by-Coup-d-Esprit-24-x-24-Four-Hands-147369867,4221366
Gaeta Black and White Ceramic Decorative Bowl with Reactive Glaze,Other,farmhouse,Modern|Farmhouse|Minimal|Warm Transitional,"${'id': '47680891792', 'price': 118.97, '__typename': 'PriceModel'} (was $199)","14.17""Wx14.17""Dx10.24""H",Earthenware,Black,"Hand-thrown ceramic bowl adds drama to the coffee or dining table. Thrown, formed and glazed by skilled ceramicists near Florence, Italy, each bowl is unique in shape and bears distinctive crackles in the black glaze. While beautiful on its own, the bowl makes a statement when displayed with dried botanicals. CB2 exclusive.  -Handmade -Earthenware with black crackle reactive glaze -Due to the handmade nature of the bowl, variations in shape and the glaze's color and crackle pattern are to be exp",CB2,out_of_stock,assets\products\farmhouse\board-4221366\product-farmhouse-gaeta-black-and-white-ceramic-decorative-bowl-with-reactive--08-01.jpg;assets\products\farmhouse\board-4221366\product-farmhouse-gaeta-black-and-white-ceramic-decorative-bowl-with-reactive--08-02.jpg;assets\products\farmhouse\board-4221366\product-farmhouse-gaeta-black-and-white-ceramic-decorative-bowl-with-reactive--08-03.jpg;assets\products\farmhouse\board-4221366\product-farmhouse-gaeta-black-and-white-ceramic-decorative-bowl-with-reactive--08-04.jpg,https://havenly.com/products/details/Gaeta-Black-and-White-Ceramic-Decorative-Bowl-with-Reactive-Glaze-CB2-149971373,4221366
	Gravity's Holding Me Back by Greg Gove - Rustic Walnut Floater,Other,farmhouse,Modern|Farmhouse|Minimal|Warm Transitional,$1149,60.0 x 2.0 x 36.5,"Rustic Walnut, Matte Canvas, Gallery Bracer","Rustic Walnut Floater, Matte Canvas","For his modern-minimalist works, Austin, Texas-based artist Greg Gove opts for flat-edge blades ‚Äî like drywall mudding knives ‚Äî in lieu of traditional paint brushes, for a clean yet textural look rooted in geometry. He finds inspiration in everything from signage and letterforms to holy sites, like temples and cathedrals. Handmade in Austin, Texas.",Four Hands,in_stock,assets\products\farmhouse\board-4221366\product-farmhouse-gravity-s-holding-me-back-by-greg-gove-rustic-walnut-floater-09-01.jpg;assets\products\farmhouse\board-4221366\product-farmhouse-gravity-s-holding-me-back-by-greg-gove-rustic-walnut-floater-09-02.jpg,https://havenly.com/products/groups/four-hands-249304-129969?vendorVariantId=145153718,4221366
Angela Rose x Loloi Ember Area Rug,Other,farmhouse,Modern|Farmhouse|Minimal|Warm Transitional,"${'id': '47658958994', 'price': 428.49, '__typename': 'PriceModel'} (was $509)","Rectangle 7'10"" x 10'",Polyester,"Beige, Ivory, Gray, Ivory / Multi","The Ember Collection by Angela Rose x Loloi is a modern flatweave area rug with a timeless plaid pattern that adds depth and coziness to any living room, bedroom, dining room, or hallway. Ember is power-loomed of 100% space-dyed polyester, a durable construction that creates a nuanced depth of color, available in a range of neutral palettes. Made in Turkey and carries the OEKO-TEX® label, ensuring its materials don't contain harmful substances.",Wayfair,in_stock,assets\products\farmhouse\board-4221366\product-farmhouse-angela-rose-x-loloi-ember-area-rug-10-01.jpg,https://havenly.com/products/details/Angela-Rose-x-Loloi-Ember-Area-Rug-Wayfair-136396425,4221366
