Tên SP,Danh mục,Phong cách,Sub-styles,Giá,Kích thước,Chất liệu,Màu sắc,Mô tả,Thương hiệu,Tình trạng,Hình ảnh,URL sản phẩm,Board ID
Jett Extension Dining Table,Furniture,scandinavian,Modern|Minimal|Scandinavian,$1599,"W:71-106.5"" D:39.5"" H:30""","Frame Material: Solid Ash, Ash Veneer, Tempered Glass, Upholstery Material:","Frame Finish: Natural Gray, Smoke Gray, Upholstery Finish:","Crafted with modern elements, this one-of-a-kind Jett Extension Dining Table by Essentials For Living will complete the look of any contemporary dining space. Its simple lines and glass top allow the room to appear more open and spacious. The double pedestal legs are made of solid ash wood and are uniquely constructed with angular lines. The glass top was thoughtfully designed with two self-storing leaves that can conveniently slide in and out from under the table. The top is made of a beautiful",Essentials for Living,in_stock,assets\products\scandinavian\board-4225368\product-scandinavian-jett-extension-dining-table-01-01.jpg;assets\products\scandinavian\board-4225368\product-scandinavian-jett-extension-dining-table-01-02.jpg;assets\products\scandinavian\board-4225368\product-scandinavian-jett-extension-dining-table-01-03.jpg;assets\products\scandinavian\board-4225368\product-scandinavian-jett-extension-dining-table-01-04.jpg;assets\products\scandinavian\board-4225368\product-scandinavian-jett-extension-dining-table-01-05.jpg,https://havenly.com/products/details/Jett-Extension-Dining-Table-Essentials-for-Living-84607224,4225368
"Trace 71"" Black Wire Mesh Credenza",Furniture,scandinavian,Modern|Minimal|Scandinavian,"${'id': '47722431899', 'price': 1269, '__typename': 'PriceModel'} (was $1699)","71""Wx18.25""Dx30.25""H","Steel, Wire Mesh, Oak Veneer",Black,"Modern wire mesh credenza from Melbourne-based design studio VUUE is framed in wirebrushed oak with an all-over black finish for monochromatic appeal. Inspired by similar designs from the 1960s, mesh door fronts create a peak-a-boo effect, ideal for concealing media devices without losing remote functionality. Two adjustable shelves offer versatile storage, while a cutout in the back keeps cords out of sight. CB2 exclusive.  -Designed by VUUE -Engineered wood with wirebrushed oak veneers -Four w",CB2,in_stock,assets\products\scandinavian\board-4225368\product-scandinavian-trace-71-black-wire-mesh-credenza-02-01.jpg;assets\products\scandinavian\board-4225368\product-scandinavian-trace-71-black-wire-mesh-credenza-02-02.jpg;assets\products\scandinavian\board-4225368\product-scandinavian-trace-71-black-wire-mesh-credenza-02-03.jpg;assets\products\scandinavian\board-4225368\product-scandinavian-trace-71-black-wire-mesh-credenza-02-04.jpg;assets\products\scandinavian\board-4225368\product-scandinavian-trace-71-black-wire-mesh-credenza-02-05.jpg,https://havenly.com/products/details/Trace-71-Black-Wire-Mesh-Credenza-CB2-91259023,4225368
Trolley Bar Console,Furniture,scandinavian,Modern|Minimal|Scandinavian,$1447.2,"44"" W X 38"" H X 14"" D","MARBLE, IRON, TEMPERED GLASS","Black, white and glass","Inspired By A Mix Of Classic Mod Design And Contemporary Styling, This Multifunctional Piece Can Serve As A Bar, Server, Or Console Table. The Curved Iron Frame Is Finished In Satin Black, Accented By White Marble And Tempered Glass Shelving. Because Of The Natural Characteristics Of Marble, Each Piece Will Have Unique Veining Patterns.",Uttermost,out_of_stock,assets\products\scandinavian\board-4225368\product-scandinavian-trolley-bar-console-03-01.jpg;assets\products\scandinavian\board-4225368\product-scandinavian-trolley-bar-console-03-02.jpg;assets\products\scandinavian\board-4225368\product-scandinavian-trolley-bar-console-03-03.jpg;assets\products\scandinavian\board-4225368\product-scandinavian-trolley-bar-console-03-04.jpg;assets\products\scandinavian\board-4225368\product-scandinavian-trolley-bar-console-03-05.jpg,https://havenly.com/products/details/Trolley-Bar-Console-Uttermost-106208352,4225368
Vesper Lounge Chair - Papyrus/Oak,Furniture,scandinavian,Modern|Minimal|Scandinavian,"${'id': '47723759509', 'price': 787, '__typename': 'PriceModel'} (was $1049)","29.5"" L x 29.5"" D x 30"" H",Fabric,Papyrus/Oak,"Vesper is a visually striking, statement design that still meets our high standard for functionality. It builds upon a long legacy of molded plywood lounge chairs, and takes a step beyond homage: the custom-pressed shell was engineered to offer a comfortably reclined seat, but also to nest for efficient shipping and easy setup — just the sort of thoughtful touch you’ve come to expect from Burrow. Burrow Vesper Lounge Chair | 29.5"" L x 29.5"" W x 30"" H",Burrow,out_of_stock,assets\products\scandinavian\board-4225368\product-scandinavian-vesper-lounge-chair-papyrus-oak-04-01.jpg;assets\products\scandinavian\board-4225368\product-scandinavian-vesper-lounge-chair-papyrus-oak-04-02.jpg;assets\products\scandinavian\board-4225368\product-scandinavian-vesper-lounge-chair-papyrus-oak-04-03.jpg,https://havenly.com/products/groups/burrow-9836926665006-410?vendorVariantId=116155471,4225368
Franco Dining Chair-Black,Furniture,scandinavian,Modern|Minimal|Scandinavian,$399,"20.5"" W x 19.25"" D x 30.25"" H","Ash Veneer, Solid Ash",Black,"A fresh, exaggerated take on the wing-back dining chair. Finished a classic jet black, a mix of solid ash and ash veneer makes a modern and shapely seating statement with mid-century undertones.",Four Hands,in_stock,assets\products\scandinavian\board-4225368\product-scandinavian-franco-dining-chair-black-05-01.jpg;assets\products\scandinavian\board-4225368\product-scandinavian-franco-dining-chair-black-05-02.jpg;assets\products\scandinavian\board-4225368\product-scandinavian-franco-dining-chair-black-05-03.jpg;assets\products\scandinavian\board-4225368\product-scandinavian-franco-dining-chair-black-05-04.jpg;assets\products\scandinavian\board-4225368\product-scandinavian-franco-dining-chair-black-05-05.jpg,https://havenly.com/products/groups/four-hands-108716-84338?vendorVariantId=126619760,4225368
Scarlett 4-Seat Corner Sectional,Furniture,scandinavian,Modern|Minimal|Scandinavian,$5345,"107"" x 107""",Performance Antimicrobial Chenille,Cement,"<div data-content-type=""html"" data-appearance=""default"" data-element=""main"">&lt;p&gt;Modern design meets transitional details in our new Scarlett collection. Thoughtfully designed to complement all aesthetics, Scarlett pairs a modern silhouette with unmatched coziness. Each piece features a sleek bench cushion, slim track arm, plush back cushions, and matching throw pillows.&lt;/p&gt;  &lt;p&gt;&lt;span style=""color:#151515""&gt;Designer Expert Tip:&lt;/span&gt; Scarlett’s gel plush cushion fil",Interior Define,in_stock,assets\products\scandinavian\board-4225368\product-scandinavian-scarlett-4-seat-corner-sectional-06-01.jpg;assets\products\scandinavian\board-4225368\product-scandinavian-scarlett-4-seat-corner-sectional-06-02.jpg;assets\products\scandinavian\board-4225368\product-scandinavian-scarlett-4-seat-corner-sectional-06-03.jpg;assets\products\scandinavian\board-4225368\product-scandinavian-scarlett-4-seat-corner-sectional-06-04.jpg;assets\products\scandinavian\board-4225368\product-scandinavian-scarlett-4-seat-corner-sectional-06-05.jpg,https://havenly.com/products/details/Scarlett-4-Seat-Corner-Sectional-Interior-Define-139264578,4225368
Blanche Side Table,Furniture,scandinavian,Modern|Minimal|Scandinavian,$395,"10.5""W x 10.5""D x 20""H",Concrete,Dark Grey,"<div data-content-type=""html"" data-appearance=""default"" data-element=""main"">&lt;p&gt;Concrete accent tables stagger in height for a wide variety of options. Makes for an impactful pedestal for display or handy extra surface beside a sofa. Parchment white in color for a clean, industrial-spun vibe. Tall table measures 8.5""D x 20""H. Shorter table measures 10.5""D x 16.5""H.&lt;/p&gt;  &lt;ul&gt; &lt;li&gt;10.5""W x 10.5""D x 20""H&lt;/li&gt; &lt;li&gt;Shipping box: 27""W x 14""D x 24.75""H, 65lbs&lt;/",Interior Define,in_stock,assets\products\scandinavian\board-4225368\product-scandinavian-blanche-side-table-07-01.jpg;assets\products\scandinavian\board-4225368\product-scandinavian-blanche-side-table-07-02.jpg;assets\products\scandinavian\board-4225368\product-scandinavian-blanche-side-table-07-03.jpg,https://havenly.com/products/details/Blanche-Side-Table-Interior-Define-148908345,4225368
James 3-Piece 4-Seat Corner Sectional,Furniture,scandinavian,Modern|Minimal|Scandinavian,$5945,104x104,Performance Pebble Knit,Haze,"James beautifully marries modern design with a transitional feel. Its to-the-floor platform and hidden legs are sleek, while subtle crowns in the seat and arms keep it soft. In keeping with its linear design, James' wide arms and back frame are finished with structural piping for a balanced look. Top it all off with cozy side cushions, and you have yourself the modern, lounge-ready sofa of your dreams.Contract&nbsp;grade.",Interior Define,in_stock,assets\products\scandinavian\board-4225368\product-scandinavian-james-3-piece-4-seat-corner-sectional-08-01.jpg;assets\products\scandinavian\board-4225368\product-scandinavian-james-3-piece-4-seat-corner-sectional-08-02.jpg;assets\products\scandinavian\board-4225368\product-scandinavian-james-3-piece-4-seat-corner-sectional-08-03.jpg;assets\products\scandinavian\board-4225368\product-scandinavian-james-3-piece-4-seat-corner-sectional-08-04.jpg;assets\products\scandinavian\board-4225368\product-scandinavian-james-3-piece-4-seat-corner-sectional-08-05.jpg,https://havenly.com/products/details/James-3-Piece-4-Seat-Corner-Sectional-Interior-Define-142154895,4225368
Live Neon Prayer Plant,Decor & Pillows,scandinavian,Modern|Minimal|Scandinavian,"${'id': '47709403154', 'price': 62, '__typename': 'PriceModel'} (was $69)",10” - 15” tall,live plant,Stone,,Bloomscape,in_stock,assets\products\scandinavian\board-4225368\product-scandinavian-live-neon-prayer-plant-01-01.jpg;assets\products\scandinavian\board-4225368\product-scandinavian-live-neon-prayer-plant-01-02.jpg,https://havenly.com/products/details/Live-Neon-Prayer-Plant-Bloomscape-68158562,4225368
Harlan Black Nickel Objects Set/2,Decor & Pillows,scandinavian,Modern|Minimal|Scandinavian,$163.2,"7"" x 7"" x 6""",Aluminum,Black,"Set Of Two, Cast Aluminum Decorative Objects Feature A Black Nickel Finish.",Uttermost,in_stock,assets\products\scandinavian\board-4225368\product-scandinavian-harlan-black-nickel-objects-set-2-02-01.jpg;assets\products\scandinavian\board-4225368\product-scandinavian-harlan-black-nickel-objects-set-2-02-02.jpg;assets\products\scandinavian\board-4225368\product-scandinavian-harlan-black-nickel-objects-set-2-02-03.jpg;assets\products\scandinavian\board-4225368\product-scandinavian-harlan-black-nickel-objects-set-2-02-04.jpg;assets\products\scandinavian\board-4225368\product-scandinavian-harlan-black-nickel-objects-set-2-02-05.jpg,https://havenly.com/products/details/Harlan-Black-Nickel-Objects-Set-2-Uttermost-75836789,4225368
Dracaena Plant in Planter,Decor & Pillows,scandinavian,Modern|Minimal|Scandinavian,"${'id': '47486495596', 'price': 169.99, '__typename': 'PriceModel'} (was $223.99)",60'' H x 31'' W x 27'' D,plant,green,"Standing a full 5 feet in height, this Dracaena Plant really makes a statement, and brings a bit of nature wherever you want it - indoors or out. Fully UV resistant, it has three stout trunks, 58 cascading leaves. Ideal for patios, dens, office reception areas, or anywhere else a bit of natural beauty is required. Makes a thoughtful gift as well.",Wayfair,in_stock,assets\products\scandinavian\board-4225368\product-scandinavian-dracaena-plant-in-planter-03-01.jpg,https://havenly.com/products/details/Dracaena-Plant-in-Planter-Wayfair-85477316,4225368
"Marble Footed Bowl, White",Decor & Pillows,scandinavian,Modern|Minimal|Scandinavian,$72,"8"" Diameter x 4.25""",Marble,White,"This footed bowl works great for display or serving purposes. Made out of marble and featuring a sleek white color, this modern bowl looks great on countertops. Perfect for storing fresh fruits or snacks, or for serving friends and family in style",Bloomingville,out_of_stock,assets\products\scandinavian\board-4225368\product-scandinavian-marble-footed-bowl-white-04-01.jpg;assets\products\scandinavian\board-4225368\product-scandinavian-marble-footed-bowl-white-04-02.jpg;assets\products\scandinavian\board-4225368\product-scandinavian-marble-footed-bowl-white-04-03.jpg,https://havenly.com/products/details/Marble-Footed-Bowl-White-Bloomingville-88390933,4225368
"Black Metal Planter with Stand, Set of 2",Decor & Pillows,scandinavian,Modern|Minimal|Scandinavian,$84,"12-3/4"" Round x 22""H Metal Planter w/ Chevron Relief Pattern & Stand, Matte White, Set of 2 (Holds 10"" Pot)",Iron,"White, Black","This planter has a simple and modern chevron pattern. This set of two elegant planters with stands reflects minimalism, inspired by classic mid-century style. The matte black color fits to most home decor and can be paired with a variety of plants. This planter holds a 10"" pot, such as cactus, snake plants, ZZ plants, and more.",Bloomingville,out_of_stock,assets\products\scandinavian\board-4225368\product-scandinavian-black-metal-planter-with-stand-set-of-2-05-01.jpg;assets\products\scandinavian\board-4225368\product-scandinavian-black-metal-planter-with-stand-set-of-2-05-02.jpg;assets\products\scandinavian\board-4225368\product-scandinavian-black-metal-planter-with-stand-set-of-2-05-03.jpg;assets\products\scandinavian\board-4225368\product-scandinavian-black-metal-planter-with-stand-set-of-2-05-04.jpg;assets\products\scandinavian\board-4225368\product-scandinavian-black-metal-planter-with-stand-set-of-2-05-05.jpg,https://havenly.com/products/details/Black-Metal-Planter-with-Stand-Set-of-2-Bloomingville-88390946,4225368
"The Citizenry Veta Pillow | 22"" x 22"" | Ivory",Decor & Pillows,scandinavian,Modern|Minimal|Scandinavian,"${'id': '47679571429', 'price': 146.3, '__typename': 'PriceModel'} (was $209)","22"" x 22""","Front: 43% Baby Alpaca, 43% Wool, 14% Polyamide. Back: 100% Cotton",Ivory,"Looking for the final piece to your pillow styling puzzle? Look no further. This compact accent pillow has it all – handwoven texture, a soft, neutral hue, and the coziest blend of alpaca. It completes any setup, bringing the element of elevated craftsmanship that every well-curated home needs. Handcrafted in a small workshop in Lima, Peru, each pillow takes one day to complete. All made start-to-finish in a fair trade environment. This pillow comes ready to style. Cruelty-free down alternative ",The Citizenry,out_of_stock,assets\products\scandinavian\board-4225368\product-scandinavian-the-citizenry-veta-pillow-22-x-22-ivory-06-01.jpg;assets\products\scandinavian\board-4225368\product-scandinavian-the-citizenry-veta-pillow-22-x-22-ivory-06-02.jpg;assets\products\scandinavian\board-4225368\product-scandinavian-the-citizenry-veta-pillow-22-x-22-ivory-06-03.jpg;assets\products\scandinavian\board-4225368\product-scandinavian-the-citizenry-veta-pillow-22-x-22-ivory-06-04.jpg;assets\products\scandinavian\board-4225368\product-scandinavian-the-citizenry-veta-pillow-22-x-22-ivory-06-05.jpg,https://havenly.com/products/details/The-Citizenry-Veta-Pillow-22-x-22-Ivory-The-Citizenry-107274348,4225368
Adar Marble Bookends (Set of 2),Decor & Pillows,scandinavian,Modern|Minimal|Scandinavian,$88,"5.75"" W x 4"" L",beige marble,beige marble,"A study in geometry, the Adar Marble Bookends are crafted from marble to bring a streamlined, modern touch to bookshelves and built-ins. Their straightforward lines are clean and simple, emphasizing shapes that create moments of interest in a contemporary style.",McGee & Co.,in_stock,assets\products\scandinavian\board-4225368\product-scandinavian-adar-marble-bookends-set-of-2-07-01.jpg;assets\products\scandinavian\board-4225368\product-scandinavian-adar-marble-bookends-set-of-2-07-02.jpg;assets\products\scandinavian\board-4225368\product-scandinavian-adar-marble-bookends-set-of-2-07-03.jpg;assets\products\scandinavian\board-4225368\product-scandinavian-adar-marble-bookends-set-of-2-07-04.jpg;assets\products\scandinavian\board-4225368\product-scandinavian-adar-marble-bookends-set-of-2-07-05.jpg,https://havenly.com/products/details/Adar-Marble-Bookends-Set-of-2-McGee-Co-109092908,4225368
Reeded Bowl,Decor & Pillows,scandinavian,Modern|Minimal|Scandinavian,$66,"12"" D x 6"" H",Stoneware,Neutral,,McGee & Co.,in_stock,assets\products\scandinavian\board-4225368\product-scandinavian-reeded-bowl-08-01.jpg,https://havenly.com/products/details/Reeded-Bowl-McGee-Co-126306258,4225368
Corre Candleholder - Small,Decor & Pillows,scandinavian,Modern|Minimal|Scandinavian,$28,4.25 x 4.25 x 6.75,Earthenware,Cream,"The Corre Candleholder has a soft rounded aesthetic in a calming neutral glaze. Made from earthenware, the base is cinched in the center and topped with a rounded pedestal. This candleholder makes a modern statement and looks great in multiples.",Elk Home,in_stock,assets\products\scandinavian\board-4225368\product-scandinavian-corre-candleholder-small-09-01.jpg;assets\products\scandinavian\board-4225368\product-scandinavian-corre-candleholder-small-09-02.jpg;assets\products\scandinavian\board-4225368\product-scandinavian-corre-candleholder-small-09-03.jpg;assets\products\scandinavian\board-4225368\product-scandinavian-corre-candleholder-small-09-04.jpg;assets\products\scandinavian\board-4225368\product-scandinavian-corre-candleholder-small-09-05.jpg,https://havenly.com/products/details/Corre-Candleholder-Small-Elk-Home-130254077,4225368
Arcas Vase - Small,Decor & Pillows,scandinavian,Modern|Minimal|Scandinavian,$22,5.5 x 5.5 x 5.5,Earthenware,Cream,"The Arcas Vase is a small decorative bud vase with a rounded body and small mouth opening. The earthenware vessel is painted with a soft matte ivory finish, adding to its calming neutral look.",Elk Home,out_of_stock,assets\products\scandinavian\board-4225368\product-scandinavian-arcas-vase-small-10-01.jpg;assets\products\scandinavian\board-4225368\product-scandinavian-arcas-vase-small-10-02.jpg;assets\products\scandinavian\board-4225368\product-scandinavian-arcas-vase-small-10-03.jpg;assets\products\scandinavian\board-4225368\product-scandinavian-arcas-vase-small-10-04.jpg;assets\products\scandinavian\board-4225368\product-scandinavian-arcas-vase-small-10-05.jpg,https://havenly.com/products/details/Arcas-Vase-Small-Elk-Home-130254082,4225368
Corre Candleholder - Large,Decor & Pillows,scandinavian,Modern|Minimal|Scandinavian,$34,4.0 x 4.0 x 9.0,Earthenware,Cream,"The Corre Candleholder has a soft rounded aesthetic in a calming neutral glaze. Made from earthenware, the base is cinched in the center and topped with a rounded pedestal. This candleholder makes a modern statement and looks great in multiples.",Elk Home,in_stock,assets\products\scandinavian\board-4225368\product-scandinavian-corre-candleholder-large-11-01.jpg;assets\products\scandinavian\board-4225368\product-scandinavian-corre-candleholder-large-11-02.jpg;assets\products\scandinavian\board-4225368\product-scandinavian-corre-candleholder-large-11-03.jpg;assets\products\scandinavian\board-4225368\product-scandinavian-corre-candleholder-large-11-04.jpg;assets\products\scandinavian\board-4225368\product-scandinavian-corre-candleholder-large-11-05.jpg,https://havenly.com/products/details/Corre-Candleholder-Large-Elk-Home-130254104,4225368
Booth Bowl - Small,Decor & Pillows,scandinavian,Modern|Minimal|Scandinavian,$38,4.75 x 4.75 x 3.5,Earthenware,Black,"The Booth Bowl is a small footed earthenware bowl with a playful shape and a modern, matte black finish. Its rounded body and tubular legs create a sculptural silhouette, ideal for displaying alone or filled with treasures.",Elk Home,out_of_stock,assets\products\scandinavian\board-4225368\product-scandinavian-booth-bowl-small-12-01.jpg;assets\products\scandinavian\board-4225368\product-scandinavian-booth-bowl-small-12-02.jpg;assets\products\scandinavian\board-4225368\product-scandinavian-booth-bowl-small-12-03.jpg;assets\products\scandinavian\board-4225368\product-scandinavian-booth-bowl-small-12-04.jpg;assets\products\scandinavian\board-4225368\product-scandinavian-booth-bowl-small-12-05.jpg,https://havenly.com/products/details/Booth-Bowl-Small-Elk-Home-130254706,4225368
Ferraro Vase - Folded Black,Decor & Pillows,scandinavian,Modern|Minimal|Scandinavian,$110,6.5 x 6.5 x 15.0,Earthenware,Black,The Ferraro Folded Vase is an earthenware vase with a raw concrete exterior texture and a high gloss interior. The unique shape and paper-thin ceramic appears to be slightly folded at the mouth opening. This vase makes a bold modern statement and is available in matte black or matte white.,Elk Home,in_stock,assets\products\scandinavian\board-4225368\product-scandinavian-ferraro-vase-folded-black-13-01.jpg;assets\products\scandinavian\board-4225368\product-scandinavian-ferraro-vase-folded-black-13-02.jpg;assets\products\scandinavian\board-4225368\product-scandinavian-ferraro-vase-folded-black-13-03.jpg;assets\products\scandinavian\board-4225368\product-scandinavian-ferraro-vase-folded-black-13-04.jpg;assets\products\scandinavian\board-4225368\product-scandinavian-ferraro-vase-folded-black-13-05.jpg,https://havenly.com/products/details/Ferraro-Vase-Folded-Black-Elk-Home-130254962,4225368
Studio Vase,Decor & Pillows,scandinavian,Modern|Minimal|Scandinavian,$62,6.75 x 6.75 x 10.25,Glass,Frosted White,"The Studio Vase is a faceted, angular earthenware vase with a textured matte white finish. With an elongated stylized shape, this vase makes a modern, sculptural statement on a table or display area.",Elk Home,in_stock,assets\products\scandinavian\board-4225368\product-scandinavian-studio-vase-14-01.jpg;assets\products\scandinavian\board-4225368\product-scandinavian-studio-vase-14-02.jpg;assets\products\scandinavian\board-4225368\product-scandinavian-studio-vase-14-03.jpg,https://havenly.com/products/details/Studio-Vase-Elk-Home-132537559,4225368
"Orianna Abstract Ivory/ Silver Area Rug (9'2""X11'9"")",Rugs,scandinavian,Modern|Minimal|Scandinavian,$1029.35,"9'2""X11'9""",52% shrink polyester 48% viscose,Ivory Silver,"The Cirque collection artistically melds contemporary appeal with the timeless and intricate beauty of antique designs. The Orianna area rug boasts a stunningly abrashed abstract pattern in a neutral mix of ivory, silver, and gray hues. The mottled colorway creates an elegantly distressed look on this power-loomed viscose and polyester accent, soft with textured high-low pile. This rug thrives in medium and low-traffic spaces, such as bedrooms, formal dining areas, and formal living rooms.. Powe",Jaipur Living,out_of_stock,assets\products\scandinavian\board-4225368\product-scandinavian-orianna-abstract-ivory-silver-area-rug-9-2-x11-9-01-01.jpg;assets\products\scandinavian\board-4225368\product-scandinavian-orianna-abstract-ivory-silver-area-rug-9-2-x11-9-01-02.jpg;assets\products\scandinavian\board-4225368\product-scandinavian-orianna-abstract-ivory-silver-area-rug-9-2-x11-9-01-03.jpg;assets\products\scandinavian\board-4225368\product-scandinavian-orianna-abstract-ivory-silver-area-rug-9-2-x11-9-01-04.jpg;assets\products\scandinavian\board-4225368\product-scandinavian-orianna-abstract-ivory-silver-area-rug-9-2-x11-9-01-05.jpg,https://havenly.com/products/details/Orianna-Abstract-Ivory-Silver-Area-Rug-9-2-X11-9-Jaipur-Living-51136229,4225368
"Arren Black 5-Light Linear Pendant with Round Silver Glass Shades 42""",Lighting,scandinavian,Modern|Minimal|Scandinavian,$529,"42""Wx8""Dx7.25""H",Metal,Black,"Arren suspends five silver glass shades from an iron fixture finished in black, the sleek round pendants hanging from a rectangular ceiling plate and adjustable black fabric cords. Boasting clean lines and graceful proportions, the Arren Black Linear 5-Light Pendant with Silver Round Shades creates a striking line of light above a long island or table. Designed by Amanda Ip of Slate Design exclusively for us, this pendant is part of our Arren collection of flexible lighting options with a custom",Crate and Barrel,in_stock,assets\products\scandinavian\board-4225368\product-scandinavian-arren-black-5-light-linear-pendant-with-round-silver-glass-s-01-01.jpg;assets\products\scandinavian\board-4225368\product-scandinavian-arren-black-5-light-linear-pendant-with-round-silver-glass-s-01-02.jpg;assets\products\scandinavian\board-4225368\product-scandinavian-arren-black-5-light-linear-pendant-with-round-silver-glass-s-01-03.jpg,https://havenly.com/products/details/Arren-Black-5-Light-Linear-Pendant-with-Round-Silver-Glass-Shades-42-Crate-and-Barrel-63575865,4225368
Coy Chandelier - Black ,Lighting,scandinavian,Modern|Minimal|Scandinavian,$449,55 x 39.5 x 54,"Steel, lightbulbs",black,"Black Mobile Chandelier, Rotating Linear Base, G9 Bulbs Included, Curved Metal Shade, Mid-century Modern Design | Article Coy Modern Lighting & Decor. Come on, don't be shy now. With its leaf-like shades curled around a warm bulb, the Coy Chandelier evokes the natural, organic shapes found throughout mid-century design. A perfect companion to your dining room, the Coy is ready to illuminate your next soiree.",Article,in_stock,assets\products\scandinavian\board-4225368\product-scandinavian-coy-chandelier-black-02-01.jpg;assets\products\scandinavian\board-4225368\product-scandinavian-coy-chandelier-black-02-02.jpg;assets\products\scandinavian\board-4225368\product-scandinavian-coy-chandelier-black-02-03.jpg;assets\products\scandinavian\board-4225368\product-scandinavian-coy-chandelier-black-02-04.jpg,https://havenly.com/products/groups/article-coychandelier-9349?vendorVariantId=146862666,4225368
Corbett 5 Light 53.5 Inch Pendant - Greige,Lighting,scandinavian,Modern|Minimal|Scandinavian,$227.88,"48"" X 32"" X 45""","glass, metal",smoke,"Instantly elevate the dynamic feel of any room with this absolutely stunning Corbett Pendant. Corbett's retro-inspired silhouette is given a thoroughly modern upgrade in its shimmering brass gold finish and smoking gray open globe shades, making it a designer favorite.",Safavieh,in_stock,assets\products\scandinavian\board-4225368\product-scandinavian-corbett-5-light-53-5-inch-pendant-greige-03-01.jpg;assets\products\scandinavian\board-4225368\product-scandinavian-corbett-5-light-53-5-inch-pendant-greige-03-02.jpg;assets\products\scandinavian\board-4225368\product-scandinavian-corbett-5-light-53-5-inch-pendant-greige-03-03.jpg,https://havenly.com/products/details/Corbett-5-Light-53-5-Inch-Pendant-Greige-Safavieh-72812269,4225368
Draco Pendant Lamp,Lighting,scandinavian,Modern|Minimal|Scandinavian,$1125,48”W x 48”D x 35.5”H,Steel,Black,"Light up the night with this magnificent, large pendant light. With 15 round, glass globes, it will dazzle and illuminate your space. The large size makes it perfect for above a dining table or as a center piece to a living room., Iron frame, Requires 10 lightbulbs, No bulbs included, The large size of this piece, coupled with its striking feature of 15 round glass globes, ensure that the Draco pendant lamp is a stunning piece of modern lighting.",Moes Home Collection,out_of_stock,assets\products\scandinavian\board-4225368\product-scandinavian-draco-pendant-lamp-04-01.jpg;assets\products\scandinavian\board-4225368\product-scandinavian-draco-pendant-lamp-04-02.jpg;assets\products\scandinavian\board-4225368\product-scandinavian-draco-pendant-lamp-04-03.jpg;assets\products\scandinavian\board-4225368\product-scandinavian-draco-pendant-lamp-04-04.jpg;assets\products\scandinavian\board-4225368\product-scandinavian-draco-pendant-lamp-04-05.jpg,https://havenly.com/products/details/Draco-Pendant-Lamp-Moes-Home-Collection-131940560,4225368
dweLED Corso 1 - Light LED Pendant,Lighting,scandinavian,Modern|Minimal|Scandinavian,"${'id': '47616722658', 'price': 486, '__typename': 'PriceModel'} (was $604)",4'' H x 43'' W x 43'' D,-,white,"leverly hidden LED modules and a circular frosted diffuser floating inside a halo of spun aluminum work together for a beautiful, even illumination. Note the two new finishes (white and black) along with the original aluminum. Energy efficient integrated LED's provide a long-lasting maintenance-free bright and even illumination. 10ft of wire included to extend pendant up to a total of 120in, adjustable through a push-pin locking mechanism at the canopy. dweLED Finish: White, Size: 4"" H x 18"" W x",Perigold,in_stock,assets\products\scandinavian\board-4225368\product-scandinavian-dweled-corso-1-light-led-pendant-05-01.jpg,https://havenly.com/products/details/dweLED-Corso-1-Light-LED-Pendant-Perigold-88851788,4225368
SONNEMAN Stix 6 - Light LED Chandelier,Lighting,scandinavian,Modern|Minimal|Scandinavian,$4360,0.75'' H X 39.5'' W X 0.75'' D,Metal,Bright Satin Aluminum,tix led pendant represents an arrangement of precise square legs that form a variety of illuminated mobile sculptures with the freedom to arrange the composition and angles of the elements. Led illumination from the most minimal geometric profile achieves the modernist architectural ideal of less is more. SONNEMAN Finish: Bright Satin Aluminu,Perigold,in_stock,assets\products\scandinavian\board-4225368\product-scandinavian-sonneman-stix-6-light-led-chandelier-06-01.jpg,https://havenly.com/products/details/SONNEMAN-Stix-6-Light-LED-Chandelier-Perigold-79700718,4225368
Herringbone Throw,Bedding & Bath,scandinavian,Modern|Minimal|Scandinavian,$47,"50"" x 60""",100% Cotton,Cream,Found: the perfect temper to your statement blue velvet Reading Room chair. Our Herringbone Throw boasts a beautiful neutral gray color and subtle herringbone weave for added visual appeal.,Reese's Book Club x Havenly,in_stock,assets\products\scandinavian\board-4225368\product-scandinavian-herringbone-throw-01-01.jpg;assets\products\scandinavian\board-4225368\product-scandinavian-herringbone-throw-01-02.jpg;assets\products\scandinavian\board-4225368\product-scandinavian-herringbone-throw-01-03.jpg,https://havenly.com/products/details/Herringbone-Throw-Reese-s-Book-Club-x-Havenly-115575873,4225368
Belham Round Iron Mirror,Art & Mirrors,scandinavian,Modern|Minimal|Scandinavian,$396,"35"" x 35""","MDF, Iron, Mirror",Black,This Sophisticated Round Mirror Showcases A Solid Iron Frame With A Raised Rounded Edge Finished In An Aged Black. The Simplicity Of The Design Enables Easy Placement In An Array Of Styled Spaces.,Uttermost,out_of_stock,assets\products\scandinavian\board-4225368\product-scandinavian-belham-round-iron-mirror-01-01.jpg;assets\products\scandinavian\board-4225368\product-scandinavian-belham-round-iron-mirror-01-02.jpg;assets\products\scandinavian\board-4225368\product-scandinavian-belham-round-iron-mirror-01-03.jpg;assets\products\scandinavian\board-4225368\product-scandinavian-belham-round-iron-mirror-01-04.jpg;assets\products\scandinavian\board-4225368\product-scandinavian-belham-round-iron-mirror-01-05.jpg,https://havenly.com/products/details/Belham-Round-Iron-Mirror-Uttermost-85972951,4225368
Assertive By Johan Manschot Wall Art,Art & Mirrors,scandinavian,Modern|Minimal|Scandinavian,$1399,"35 x 77""",Paper,Black,"<div data-content-type=""html"" data-appearance=""default"" data-element=""main"">&lt;p&gt;Texas-based painter Johan Manschot keeps it stark and simple, with a big black brushstroke on clean-white background. Printed on top-quality watercolor paper and framed within natural oak for a gallery-quality look. Handmade in Austin, Texas.&lt;/p&gt;  &lt;ul&gt; &lt;li&gt;Size shown is print size, add frame thickness to print size for total frame size&lt;/li&gt; &lt;li&gt;Weight: 45 lbs&lt;/li&gt; &lt;li&",Interior Define,in_stock,assets\products\scandinavian\board-4225368\product-scandinavian-assertive-by-johan-manschot-wall-art-02-01.jpg;assets\products\scandinavian\board-4225368\product-scandinavian-assertive-by-johan-manschot-wall-art-02-02.jpg;assets\products\scandinavian\board-4225368\product-scandinavian-assertive-by-johan-manschot-wall-art-02-03.jpg;assets\products\scandinavian\board-4225368\product-scandinavian-assertive-by-johan-manschot-wall-art-02-04.jpg,https://havenly.com/products/details/Assertive-By-Johan-Manschot-Wall-Art-Interior-Define-144106548,4225368
Terra Nova Abstract Framed Print,Art & Mirrors,scandinavian,Modern|Minimal|Scandinavian,$652.8,"2"" x 51.75"" x 39.75"".","PINE,MDF, LINEN, PAPER.","Black Frame With White Linen Liner, No Glass, Abstract Pri.nt With Navy, Indigo",This Striking Modern Abstract Is A Show-stopping Piece With Its Unique Contrast Between Muted Gold And Rich Navy Blue. The Print Is Accented By A White Linen Liner And A Solid Wood Frame In Black With A Light Gray Wash That Accentuates The Natural Wood Grain. Artwork By Dina Dargo.,Uttermost,in_stock,assets\products\scandinavian\board-4225368\product-scandinavian-terra-nova-abstract-framed-print-03-01.jpg;assets\products\scandinavian\board-4225368\product-scandinavian-terra-nova-abstract-framed-print-03-02.jpg;assets\products\scandinavian\board-4225368\product-scandinavian-terra-nova-abstract-framed-print-03-03.jpg;assets\products\scandinavian\board-4225368\product-scandinavian-terra-nova-abstract-framed-print-03-04.jpg;assets\products\scandinavian\board-4225368\product-scandinavian-terra-nova-abstract-framed-print-03-05.jpg,https://havenly.com/products/details/Terra-Nova-Abstract-Framed-Print-Uttermost-121050045,4225368
Emmer Charcoal Oak Bookcase,Other,scandinavian,Modern|Minimal|Scandinavian,"${'id': '47678690134', 'price': 639, '__typename': 'PriceModel'} (was $799)","30""Wx15.5""Dx72.5""H",WOOD,Grey,"Our handsome and hardworking Emmer home office collection mixes materials for a warm and casual look. Made of oak veneer stained a chic charcoal grey, the bookshelf showcases side panels of beautifully textured grasscloth framed in wood. Great for storing books or displaying photos and collectibles, the bookcase has a sleek streamlined design that refreshes the home office or library with textural contrast. The Emmer charcoal oak bookcase is a Crate & Barrel exclusive.   • Oak veneer, hardwood a",Crate and Barrel,out_of_stock,assets\products\scandinavian\board-4225368\product-scandinavian-emmer-charcoal-oak-bookcase-01-01.jpg;assets\products\scandinavian\board-4225368\product-scandinavian-emmer-charcoal-oak-bookcase-01-02.jpg;assets\products\scandinavian\board-4225368\product-scandinavian-emmer-charcoal-oak-bookcase-01-03.jpg,https://havenly.com/products/details/Emmer-Charcoal-Oak-Bookcase-Crate-and-Barrel-91161782,4225368
Midnight Accent Table,Other,scandinavian,Modern|Minimal|Scandinavian,$340.8,"12.5"" x 12.5"" x 22.5""","BLACK MARBLE POLYMER, STEEL","This Accent Table Makes A Dramatic Statement With Its Sleek, All Black Design. The Slim Steel Rod Is Accented By A Black Ricestone Top And Foot With A Noticeably Porous Texture.","This Accent Table Makes A Dramatic Statement With Its Sleek, All Black Design. The Slim Steel Rod Is Accented By A Black Man-made Stone Top And Foot With A Noticeably Porous Texture.",Uttermost,out_of_stock,assets\products\scandinavian\board-4225368\product-scandinavian-midnight-accent-table-02-01.jpg;assets\products\scandinavian\board-4225368\product-scandinavian-midnight-accent-table-02-02.jpg;assets\products\scandinavian\board-4225368\product-scandinavian-midnight-accent-table-02-03.jpg;assets\products\scandinavian\board-4225368\product-scandinavian-midnight-accent-table-02-04.jpg;assets\products\scandinavian\board-4225368\product-scandinavian-midnight-accent-table-02-05.jpg,https://havenly.com/products/details/Midnight-Accent-Table-Uttermost-121050026,4225368
"Silves Black Performance Boucle Outdoor Throw Pillow 20''x20""",Other,scandinavian,Modern|Minimal|Scandinavian,$54.95,"20""Wx20""H",POLYESTER,BLACK,"Handwoven of recycled yarns, outdoor pillow is characterized by the nubby texture and soft hand of boucle in neutral black. CB2 exclusive.  -Handwoven -100% recycled polyester performance fabric -100% poly fill -Reversible -Outdoor performance fabric is fade- and weather-resistant -Outdoor-safe; cover or store indoors during inclement weather and when not in use -Spot-clean only -Made in India Silves Black Performance Boucle Outdoor Throw Pillow 20''x20""",CB2,in_stock,assets\products\scandinavian\board-4225368\product-scandinavian-silves-black-performance-boucle-outdoor-throw-pillow-20-x20-03-01.jpg;assets\products\scandinavian\board-4225368\product-scandinavian-silves-black-performance-boucle-outdoor-throw-pillow-20-x20-03-02.jpg;assets\products\scandinavian\board-4225368\product-scandinavian-silves-black-performance-boucle-outdoor-throw-pillow-20-x20-03-03.jpg,https://havenly.com/products/details/Silves-Black-Performance-Boucle-Outdoor-Throw-Pillow-20-x20-CB2-126295769,4225368
"Sculptural Marble Decorative Objects, Set of 2",Other,scandinavian,Modern|Minimal|Scandinavian,$44,"5""H, 6.5""W, 1.5""D",marble,White,"Crafted from a marble palette of whispering whites and gorgeous greys, these midcentury-modern-inspired sculptures lend a touch of timeless tranquility to any interior. Sculptural Marble Decorative Objects, Set of 2 by Anthropologie in White",Anthropologie,out_of_stock,assets\products\scandinavian\board-4225368\product-scandinavian-sculptural-marble-decorative-objects-set-of-2-04-01.jpg,https://havenly.com/products/details/Sculptural-Marble-Decorative-Objects-Set-of-2-Anthropologie-131596598,4225368
Volker White Coffee Table,Other,scandinavian,Modern|Minimal|Scandinavian,$1317.6,"45.49"" x 49.8"" x 13.8""",CARB PHASE 2 WITH JAVAWOOD,"This Unique Geometric Coffee Table Features A Low Profile, Perfect For Viewing The Sunburst Top In Mango Veneer In A Fresh White Ceruse Finish.","This Unique Geometric Coffee Table Features A Low Profile, Perfect For Viewing The Sunburst Top In Mango Veneer In A Fresh White Ceruse Finish.",Uttermost,out_of_stock,assets\products\scandinavian\board-4225368\product-scandinavian-volker-white-coffee-table-05-01.jpg;assets\products\scandinavian\board-4225368\product-scandinavian-volker-white-coffee-table-05-02.jpg;assets\products\scandinavian\board-4225368\product-scandinavian-volker-white-coffee-table-05-03.jpg;assets\products\scandinavian\board-4225368\product-scandinavian-volker-white-coffee-table-05-04.jpg,https://havenly.com/products/details/Volker-White-Coffee-Table-Uttermost-105617155,4225368
"Stairway 96"" Black Metal Wall Mount Bookcase",Furniture,scandinavian,Modern|Minimal|Scandinavian,$499,"30""Wx12""Dx96""H",WOOD,Black,"Minimalism scales to the max in a modern rise of black. Seven shelves ladder sky high a CB2 record high at 8 feet in engineered wood with dark lacquer. Powdercoated aluminum frame with hidden hardware accentuates neutral black construction. Mounts sturdy to the wall. Create a vertical work space with Stairway Black Wall Mounted Bookcase. CB2 exclusive.  -Black powdercoated aluminum frame -Seven engineered wood shelves with black lacquer -Clean with soft cloth -Made in Vietnam Stairway 96"" Black ",CB2,in_stock,assets\products\scandinavian\board-4225398\product-scandinavian-stairway-96-black-metal-wall-mount-bookcase-01-01.jpg;assets\products\scandinavian\board-4225398\product-scandinavian-stairway-96-black-metal-wall-mount-bookcase-01-02.jpg;assets\products\scandinavian\board-4225398\product-scandinavian-stairway-96-black-metal-wall-mount-bookcase-01-03.jpg;assets\products\scandinavian\board-4225398\product-scandinavian-stairway-96-black-metal-wall-mount-bookcase-01-04.jpg;assets\products\scandinavian\board-4225398\product-scandinavian-stairway-96-black-metal-wall-mount-bookcase-01-05.jpg,https://havenly.com/products/details/Stairway-96-Black-Metal-Wall-Mount-Bookcase-CB2-125968948,4225398
James Sleeper Sofa,Furniture,scandinavian,Modern|Minimal|Scandinavian,$3250,2 Cushions Included,Standard Down Cushion/Standard Mattress,Blizzard Performance Brush Knit,"James beautifully marries modern design with a transitional feel. Its to-the-floor platform and hidden legs are sleek, while subtle crowns in the seat and arms keep it soft. In keeping with its linear design, James' wide arms and back frame are finished with structural piping for a balanced look. Top it all off with cozy side cushions, and you have yourself the modern, lounge-ready sofa of your dreams.Sleeper queen mattress dimensions: 60""W x 72""L x 5.5""H",Interior Define,in_stock,assets\products\scandinavian\board-4225398\product-scandinavian-james-sleeper-sofa-02-01.jpg;assets\products\scandinavian\board-4225398\product-scandinavian-james-sleeper-sofa-02-02.jpg;assets\products\scandinavian\board-4225398\product-scandinavian-james-sleeper-sofa-02-03.jpg;assets\products\scandinavian\board-4225398\product-scandinavian-james-sleeper-sofa-02-04.jpg;assets\products\scandinavian\board-4225398\product-scandinavian-james-sleeper-sofa-02-05.jpg,https://havenly.com/products/details/James-Sleeper-Sofa-Interior-Define-131943221,4225398
Saabira Fiberstone Medium Planter,Decor & Pillows,scandinavian,Modern|Minimal|Scandinavian,$119,"15"" dia. x 15.5""H","polyester resin, fiberglass and stone",charcoal,"Handsome planters play the supporting role with style, showcasing greenery indoors or out. Curved wide-mouth containers in neutral charcoal grey are cast from an innovative blend of stone, plastic and cement that adds strength while reducing weight.",Crate and Barrel,in_stock,assets\products\scandinavian\board-4225398\product-scandinavian-saabira-fiberstone-medium-planter-01-01.jpg,https://havenly.com/products/details/Saabira-Fiberstone-Medium-Planter-Crate-and-Barrel-6036092,4225398
Faux Olive Tree,Decor & Pillows,scandinavian,Modern|Minimal|Scandinavian,$499,"38"" Diameter x 84""",Plastic,Green,"Refresh the room with a touch of the Mediterranean. Our lifelike, seven-foot-tall olive tree fools the eye with its realistic branches and soft green leaves characteristic of the olive tree. Although already potted in its own container, we recommend ""planting"" it in one of the many attractive planters in our collection. Polyester, plastic, Styrofoam and wire. Dust with a dry cloth or blow dry on cool. For indoor use only. Keep out of direct sunlight. Made in China.",Crate and Barrel,in_stock,assets\products\scandinavian\board-4225398\product-scandinavian-faux-olive-tree-02-01.jpg;assets\products\scandinavian\board-4225398\product-scandinavian-faux-olive-tree-02-02.jpg;assets\products\scandinavian\board-4225398\product-scandinavian-faux-olive-tree-02-03.jpg;assets\products\scandinavian\board-4225398\product-scandinavian-faux-olive-tree-02-04.jpg,https://havenly.com/products/details/Faux-Olive-Tree-Crate-and-Barrel-73445676,4225398
"Mango Wood Footed Bowl, Black",Decor & Pillows,scandinavian,Modern|Minimal|Scandinavian,$66,"12"" Diameter x 4.5""",Mango Wood,Black,"This footed bowl works great for display or serving purposes. Made out of mango wood and featuring a sleek black color, this modern bowl looks great on countertops. Perfect for storing fresh fruits or snacks, or for serving friends and family in style",Bloomingville,back_ordered,assets\products\scandinavian\board-4225398\product-scandinavian-mango-wood-footed-bowl-black-03-01.jpg;assets\products\scandinavian\board-4225398\product-scandinavian-mango-wood-footed-bowl-black-03-02.jpg;assets\products\scandinavian\board-4225398\product-scandinavian-mango-wood-footed-bowl-black-03-03.jpg;assets\products\scandinavian\board-4225398\product-scandinavian-mango-wood-footed-bowl-black-03-04.jpg;assets\products\scandinavian\board-4225398\product-scandinavian-mango-wood-footed-bowl-black-03-05.jpg,https://havenly.com/products/details/Mango-Wood-Footed-Bowl-Black-Bloomingville-88390789,4225398
Black Stoneware Pitcher,Decor & Pillows,scandinavian,Modern|Minimal|Scandinavian,$30,"7"" x 4.75"" x 9""",Stoneware,Black,"Whether having guests or enjoying family time around the table, use this pitcher for quick drink refills.  It is beautiful and can be placed on the table along with other food items.  When a glass is empty, there is no need to leave the conversation for refills.  Just reach for this amazing and convenient pitcher.",Bloomingville,back_ordered,assets\products\scandinavian\board-4225398\product-scandinavian-black-stoneware-pitcher-04-01.jpg;assets\products\scandinavian\board-4225398\product-scandinavian-black-stoneware-pitcher-04-02.jpg,https://havenly.com/products/details/Black-Stoneware-Pitcher-Bloomingville-91145909,4225398
Valo Matte White Ceramic Vase,Decor & Pillows,scandinavian,Modern|Minimal|Scandinavian,"${'id': '47662448013', 'price': 19.97, '__typename': 'PriceModel'} (was $49.95)","9"" dia. x 15""H",Ceramic,White,"Ceramic vase intrigues with modern curves. Glazed in matte white with subtle grey striping, vessel gracefully presents bouquets and dried botanicals. Layers beautifully when displayed in a group. CB2 exclusive.     Earthenware with matte white glaze  Watertight; no drainage hole  Wipe with a soft cloth  Botanicals not included  Made in Portugal Valo Matte White Vase",CB2,out_of_stock,assets\products\scandinavian\board-4225398\product-scandinavian-valo-matte-white-ceramic-vase-05-01.jpg;assets\products\scandinavian\board-4225398\product-scandinavian-valo-matte-white-ceramic-vase-05-02.jpg;assets\products\scandinavian\board-4225398\product-scandinavian-valo-matte-white-ceramic-vase-05-03.jpg,https://havenly.com/products/details/Valo-Matte-White-Ceramic-Vase-CB2-118118384,4225398
Faye Vase - Small White,Decor & Pillows,scandinavian,Modern|Minimal|Scandinavian,$58,6.75 x 6.75 x 10.0,Earthenware,White,"The Faye vases are a series of simple vase shapes designed to be grouped together to create a stylish vignette. The vase are offered in solid black or white, with matte or high gloss finishes.",Elk Home,in_stock,assets\products\scandinavian\board-4225398\product-scandinavian-faye-vase-small-white-06-01.jpg;assets\products\scandinavian\board-4225398\product-scandinavian-faye-vase-small-white-06-02.jpg;assets\products\scandinavian\board-4225398\product-scandinavian-faye-vase-small-white-06-03.jpg;assets\products\scandinavian\board-4225398\product-scandinavian-faye-vase-small-white-06-04.jpg;assets\products\scandinavian\board-4225398\product-scandinavian-faye-vase-small-white-06-05.jpg,https://havenly.com/products/details/Faye-Vase-Small-White-Elk-Home-130253950,4225398
Arcas Vase - Small,Decor & Pillows,scandinavian,Modern|Minimal|Scandinavian,$22,5.5 x 5.5 x 5.5,Earthenware,Cream,"The Arcas Vase is a small decorative bud vase with a rounded body and small mouth opening. The earthenware vessel is painted with a soft matte ivory finish, adding to its calming neutral look.",Elk Home,out_of_stock,assets\products\scandinavian\board-4225398\product-scandinavian-arcas-vase-small-07-01.jpg;assets\products\scandinavian\board-4225398\product-scandinavian-arcas-vase-small-07-02.jpg;assets\products\scandinavian\board-4225398\product-scandinavian-arcas-vase-small-07-03.jpg;assets\products\scandinavian\board-4225398\product-scandinavian-arcas-vase-small-07-04.jpg;assets\products\scandinavian\board-4225398\product-scandinavian-arcas-vase-small-07-05.jpg,https://havenly.com/products/details/Arcas-Vase-Small-Elk-Home-130254082,4225398
Belle Bowl,Decor & Pillows,scandinavian,Modern|Minimal|Scandinavian,$178,10.5 x 10.5 x 4.5,Wood,Whitewash,"The Belle Bowl is inspired by Italian midcentury design. The low bowl, made from mango wood in a white washed finish, flares out at the center, creating a striking silhouette. Display as sculpture on any surface.",Elk Home,in_stock,assets\products\scandinavian\board-4225398\product-scandinavian-belle-bowl-08-01.jpg;assets\products\scandinavian\board-4225398\product-scandinavian-belle-bowl-08-02.jpg;assets\products\scandinavian\board-4225398\product-scandinavian-belle-bowl-08-03.jpg;assets\products\scandinavian\board-4225398\product-scandinavian-belle-bowl-08-04.jpg;assets\products\scandinavian\board-4225398\product-scandinavian-belle-bowl-08-05.jpg,https://havenly.com/products/details/Belle-Bowl-Elk-Home-130254710,4225398
The Citizenry Hansa Vase Set of 2 | Black,Decor & Pillows,scandinavian,Modern|Minimal|Scandinavian,"${'id': '47721415229', 'price': 110, '__typename': 'PriceModel'} (was $138)",-,Ceramic,Black,"An effortlessly cool gift that everyone will love, these mix-and-match ceramic vases blend rounded edges with a matte finish that can’t be missed. Pair them together or solo for a minimal accent that still makes a statement. Handcrafted in a workshop just outside of Delhi, India, each piece is made start-to-finish in a fair trade environment. | The Citizenry Hansa Vase Set of 2 | Black<br>Measurements: Matte Black: 6""Matte Ivory: 6""",The Citizenry,out_of_stock,assets\products\scandinavian\board-4225398\product-scandinavian-the-citizenry-hansa-vase-set-of-2-black-09-01.jpg;assets\products\scandinavian\board-4225398\product-scandinavian-the-citizenry-hansa-vase-set-of-2-black-09-02.jpg;assets\products\scandinavian\board-4225398\product-scandinavian-the-citizenry-hansa-vase-set-of-2-black-09-03.jpg;assets\products\scandinavian\board-4225398\product-scandinavian-the-citizenry-hansa-vase-set-of-2-black-09-04.jpg;assets\products\scandinavian\board-4225398\product-scandinavian-the-citizenry-hansa-vase-set-of-2-black-09-05.jpg,https://havenly.com/products/details/The-Citizenry-Hansa-Vase-Set-of-2-Black-The-Citizenry-143154893,4225398
"Olive Linen Throw Pillow - 20"" x 20""",Decor & Pillows,scandinavian,Modern|Minimal|Scandinavian,$70,"20"" x 20"" x 5""","95% Polyester, 5% Linen,Down Alternative Fill","Olive, Green",No lounge-worthy reading space is complete with a few (or a few too many) throw pillows. This cozy companion is here to support you when you inevitably fall asleep while speed-reading one last chapter at 2am.  Estimated Delivery Date: late April,Reese's Book Club x Havenly,out_of_stock,assets\products\scandinavian\board-4225398\product-scandinavian-olive-linen-throw-pillow-20-x-20-10-01.jpg;assets\products\scandinavian\board-4225398\product-scandinavian-olive-linen-throw-pillow-20-x-20-10-02.jpg;assets\products\scandinavian\board-4225398\product-scandinavian-olive-linen-throw-pillow-20-x-20-10-03.jpg,https://havenly.com/products/details/Olive-Linen-Throw-Pillow-20-x-20-Reese-s-Book-Club-x-Havenly-115575838,4225398
"Barkley Rug, Mocha, 7'6"" x 9'6""",Rugs,scandinavian,Modern|Minimal|Scandinavian,$1629,"7'6"" x 9'6""","Wool, Viscose","Ivory, Mocha, Silver","Our products are designed for particular people, by particular people. It’s why we obsess over colors and create new, intricate textures that are made to last. Beautifully-designed rugs that will look great now—and decades from now. Breathe order, balance and calm into any setting with the new, hand-loomed Barkley Collection. These linear, tonal designs in wool and shimmery viscose are at once casual, chic and ultra sophisticated, with intricately shaded neutrals like charcoal, ivory, mocha and ",Loloi Rugs,in_stock,assets\products\scandinavian\board-4225398\product-scandinavian-barkley-rug-mocha-7-6-x-9-6-01-01.jpg;assets\products\scandinavian\board-4225398\product-scandinavian-barkley-rug-mocha-7-6-x-9-6-01-02.jpg,https://havenly.com/products/details/Barkley-Rug-Mocha-7-6-x-9-6-Loloi-Rugs-6321800,4225398
Tanner Chandelier,Lighting,scandinavian,Modern|Minimal|Scandinavian,"${'id': '47660500453', 'price': 629.95, '__typename': 'PriceModel'} (was $898)","12""H, 36"" diameter","Wood, milk glass, iron; brushed brass finish",Black,"Glass globes resting on a contemporary wood beam structure create a chandelier design that is centerpiece-worthy for a dining room, living room, or hall. This item is UL listed, meaning it has been tested and approved to meet the government-regulated safety standards for the USA. Use with electrical outlets 110-120v or lower, as anything higher can cause fire or injury. If you're purchasing this item for use outside of the United States, employ the adapter and voltage converter suited for your c",Anthropologie,out_of_stock,assets\products\scandinavian\board-4225398\product-scandinavian-tanner-chandelier-01-01.jpg,https://havenly.com/products/details/Tanner-Chandelier-Anthropologie-85585749,4225398
Koepel Large Table Lamp - Gunmetal,Lighting,scandinavian,Modern|Minimal|Scandinavian,$159,18 x 12.5 x 12.5,"Glass, steel, textile cord",Gunmetal,"Gunmetal Table Lamp, Smoked Glass Base, Mid-Century Design | Article Koepel Modern Lighting & Decor. The Koepel table lamp features an iconic retro mushroom shape in an upscale 21st century style. With a gunmetal finished dome top and smoked glass base, the Koepel is ready to illuminate your late-night strokes of genius or add distinguished ambience to your evening whiskey tastings. Groovy, baby.",Article,out_of_stock,assets\products\scandinavian\board-4225398\product-scandinavian-koepel-large-table-lamp-gunmetal-02-01.jpg;assets\products\scandinavian\board-4225398\product-scandinavian-koepel-large-table-lamp-gunmetal-02-02.jpg;assets\products\scandinavian\board-4225398\product-scandinavian-koepel-large-table-lamp-gunmetal-02-03.jpg;assets\products\scandinavian\board-4225398\product-scandinavian-koepel-large-table-lamp-gunmetal-02-04.jpg;assets\products\scandinavian\board-4225398\product-scandinavian-koepel-large-table-lamp-gunmetal-02-05.jpg,https://havenly.com/products/details/Koepel-Large-Table-Lamp-Gunmetal-Article-87366992,4225398
Cloud Organic Glass Globe Floor Lamp,Lighting,scandinavian,Modern|Minimal|Scandinavian,$798,"65""H, 21.75"" diameter","Iron base, glass shades",Black,"This item is UL listed, meaning it has been tested and approved to meet the government-regulated safety standards for the USA. Use with electrical outlets 110-120v or lower, as anything higher can cause fire or injury. If you're purchasing this item for use outside of the United States, employ the adapter and voltage converter suited for your country. Cloud Organic Glass Globe Floor Lamp by Anthropologie in Black",Anthropologie,out_of_stock,assets\products\scandinavian\board-4225398\product-scandinavian-cloud-organic-glass-globe-floor-lamp-03-01.jpg,https://havenly.com/products/details/Cloud-Organic-Glass-Globe-Floor-Lamp-Anthropologie-132416321,4225398
Poetic Architectures No 7 by Valeria Sidanez - Vertical Grain 1.5 White Oak,Art & Mirrors,scandinavian,Modern|Minimal|Scandinavian,$699,18.0 x 1.5 x 28.0,"Vertical Oak Mouldng, Textured Fine Paper","Vertical Grain 1.5 White Oak, Textured Fine Art Paper","Textural layers craft a linear feel among neutrals from Barcelona-based artist Valeria Sida?±ez, who works with collage, paint and drawing. Double hanging orientation allows the perfect piece for mixing and matching or as a standalone statement. If not currently in stock, this piece ships within three weeks. Handmade in Austin, Texas.",Four Hands,in_stock,assets\products\scandinavian\board-4225398\product-scandinavian-poetic-architectures-no-7-by-valeria-sidanez-vertical-grain--01-01.jpg;assets\products\scandinavian\board-4225398\product-scandinavian-poetic-architectures-no-7-by-valeria-sidanez-vertical-grain--01-02.jpg;assets\products\scandinavian\board-4225398\product-scandinavian-poetic-architectures-no-7-by-valeria-sidanez-vertical-grain--01-03.jpg;assets\products\scandinavian\board-4225398\product-scandinavian-poetic-architectures-no-7-by-valeria-sidanez-vertical-grain--01-04.jpg;assets\products\scandinavian\board-4225398\product-scandinavian-poetic-architectures-no-7-by-valeria-sidanez-vertical-grain--01-05.jpg,https://havenly.com/products/details/Poetic-Architectures-No-7-by-Valeria-Sidanez-Vertical-Grain-1-5-White-Oak-Four-Hands-130679070,4225398
Andre Black Wall Sconce Light,Other,scandinavian,Modern|Minimal|Scandinavian,"${'id': '47662446496', 'price': 144.99, '__typename': 'PriceModel'} (was $199)","9.9""Wx8.1""Dx9.9""H",METAL,Black,"Graceful in brushed matte black iron, our Andre sconce adorns your home like a piece of minimalist jewelry. Slender, parallel tubes curve to support a conical shade that washes walls with light. Hung over an armchair, paired up on either side of a bookcase or in multiples down a hallway, the elegant wall light offers an illuminating mix of task and ambient lighting.   • Brushed black iron  • 5&quot;-dia. ceiling plate  • E12 bulb type  • 1 socket  • Accommodates one 40W incandescent or 9W LED bu",Crate and Barrel,out_of_stock,assets\products\scandinavian\board-4225398\product-scandinavian-andre-black-wall-sconce-light-01-01.jpg;assets\products\scandinavian\board-4225398\product-scandinavian-andre-black-wall-sconce-light-01-02.jpg;assets\products\scandinavian\board-4225398\product-scandinavian-andre-black-wall-sconce-light-01-03.jpg;assets\products\scandinavian\board-4225398\product-scandinavian-andre-black-wall-sconce-light-01-04.jpg,https://havenly.com/products/details/Andre-Black-Wall-Sconce-Light-Crate-and-Barrel-126401485,4225398
Combine by Dan Hobday - Black 2.5 Maple,Other,scandinavian,Modern|Minimal|Scandinavian,$1299,60.0 x 2.5 x 40.0,"American Maple, Textured Fine Art Paper, Tape","Black 2.5 Maple, Textured Fine Art Paper","Artist Dan Hobday finds inspiration in the coastal landscapes of his hometown of Devon, England. The open feel of this mixed medium piece combines watercolor, charcoal and ink lines. Handmade in Austin, Texas.",Four Hands,in_stock,assets\products\scandinavian\board-4225398\product-scandinavian-combine-by-dan-hobday-black-2-5-maple-02-01.jpg;assets\products\scandinavian\board-4225398\product-scandinavian-combine-by-dan-hobday-black-2-5-maple-02-02.jpg;assets\products\scandinavian\board-4225398\product-scandinavian-combine-by-dan-hobday-black-2-5-maple-02-03.jpg;assets\products\scandinavian\board-4225398\product-scandinavian-combine-by-dan-hobday-black-2-5-maple-02-04.jpg;assets\products\scandinavian\board-4225398\product-scandinavian-combine-by-dan-hobday-black-2-5-maple-02-05.jpg,https://havenly.com/products/details/Combine-by-Dan-Hobday-Black-2-5-Maple-Four-Hands-139140074,4225398
"Davis 48"" Zinc Wall Shelf",Furniture,scandinavian,Modern|Minimal|Scandinavian,"${'id': '47634938478', 'price': 39.97, '__typename': 'PriceModel'} (was $69)","48""Wx4.5""Dx2.25""H",METAL,Black,"Sleek and contemporary ledge has a clean, contemporary look and multiple uses around the house. A Crate and Barrel exclusive, the multipurpose wall shelf serves as a kitchen spice rack, picture rail or office display shelf.  Need some  tips on how to decorate your walls ? We'll show you how the pros do it.     100% steel with zinc finish  Hardware not included  Dust with soft cloth  Made in Taiwan Davis 48"" Zinc Wall Shelf.",Crate and Barrel,out_of_stock,assets\products\scandinavian\board-4226900\product-scandinavian-davis-48-zinc-wall-shelf-01-01.jpg;assets\products\scandinavian\board-4226900\product-scandinavian-davis-48-zinc-wall-shelf-01-02.jpg,https://havenly.com/products/details/Davis-48-Zinc-Wall-Shelf-Crate-and-Barrel-6662754,4226900
"Level 43"" Leather Bench - Bella Black",Furniture,scandinavian,Modern|Minimal|Scandinavian,"${'id': '47631957387', 'price': 399, '__typename': 'PriceModel'} (was $499)",17.5 x 43 x 17.5,"Kiln dried Pine, plywood, powder coated steel, high resiliency foam with polyester fiber. Semi- aniline leather.",Bella Black,"43"" Tufted Black Leather Bench, Metal Legs | Article Level Modern Furniture. Featuring a comfortable tufted seat set atop unique curving powder-coated steel legs, this version of our Level Bench is ready for your more intimate gatherings and seating needs. Add it to a cozy foyer as a rest stop, or pull it up to your dining nook when you need the compact proportions for your party of two.",Article,out_of_stock,assets\products\scandinavian\board-4226900\product-scandinavian-level-43-leather-bench-bella-black-02-01.jpg,https://havenly.com/products/details/Level-43-Leather-Bench-Bella-Black-Article-87009185,4226900
Fargesia Bookshelf,Furniture,scandinavian,Modern|Minimal|Scandinavian,$758,24.0 x 10.0 x 64.0,Natural Materials,Natural,"The Fargesia Bookshelf is a study in natural simplicity. The tall etagere style bookcase has open sides and the entire frame, including the shelves, are wrapped in natural bamboo.",Elk Home,out_of_stock,assets\products\scandinavian\board-4226900\product-scandinavian-fargesia-bookshelf-03-01.jpg;assets\products\scandinavian\board-4226900\product-scandinavian-fargesia-bookshelf-03-02.jpg;assets\products\scandinavian\board-4226900\product-scandinavian-fargesia-bookshelf-03-03.jpg;assets\products\scandinavian\board-4226900\product-scandinavian-fargesia-bookshelf-03-04.jpg,https://havenly.com/products/details/Fargesia-Bookshelf-Elk-Home-132534470,4226900
"The Citizenry Contigo Lumbar Pillow | 12"" x 48"" | Sand",Decor & Pillows,scandinavian,Modern|Minimal|Scandinavian,$299,"12"" x 48""","Front: 71% Wool, 22% Baby Alpaca, 7% Polyamide. Back: 100% Cotton",Sand,"Timeless, luxurious, and the perfect cozy layer for cooler temps – say hello to your new handsome bedfellow. The warm hue of sand and hand-loomed detailing make it a perfect addition to any room, whether as a focal point or a finishing touch. And the thick texture of the soft Peruvian alpaca and highland wool makes this pillow a must for cozying up. Each pillow is handwoven by a group of master artisans in Lima, Peru. All made start-to-finish in a fair trade environment. This pillow comes ready ",The Citizenry,out_of_stock,assets\products\scandinavian\board-4226900\product-scandinavian-the-citizenry-contigo-lumbar-pillow-12-x-48-sand-01-01.jpg;assets\products\scandinavian\board-4226900\product-scandinavian-the-citizenry-contigo-lumbar-pillow-12-x-48-sand-01-02.jpg;assets\products\scandinavian\board-4226900\product-scandinavian-the-citizenry-contigo-lumbar-pillow-12-x-48-sand-01-03.jpg;assets\products\scandinavian\board-4226900\product-scandinavian-the-citizenry-contigo-lumbar-pillow-12-x-48-sand-01-04.jpg;assets\products\scandinavian\board-4226900\product-scandinavian-the-citizenry-contigo-lumbar-pillow-12-x-48-sand-01-05.jpg,https://havenly.com/products/details/The-Citizenry-Contigo-Lumbar-Pillow-12-x-48-Sand-The-Citizenry-107275954,4226900
"Loloi Layla Red / Navy 9'-0"" x 12'-0""",Rugs,scandinavian,Modern|Minimal|Scandinavian,$570,9' x 12',"100% Polyester, Canvas","Red, Navy","The Layla Collection is traditional and timeless, with a beautiful lived-in design that captures the spirit of an old-world rug. This traditional power-loomed rug is crafted in China of 100% polyester with a classic and sophisticated color palette and subtle patina. Clean spills immediately by blotting with a clean, dry sponge or cloth. Professional cleaning recommended.  Appropriate rug pad is highly recommended on all surfaces to prevent slipping, add cushion, and improve durability.  For vacu",Loloi Rugs,in_stock,assets\products\scandinavian\board-4226900\product-scandinavian-loloi-layla-red-navy-9-0-x-12-0-01-01.jpg;assets\products\scandinavian\board-4226900\product-scandinavian-loloi-layla-red-navy-9-0-x-12-0-01-02.jpg;assets\products\scandinavian\board-4226900\product-scandinavian-loloi-layla-red-navy-9-0-x-12-0-01-03.jpg;assets\products\scandinavian\board-4226900\product-scandinavian-loloi-layla-red-navy-9-0-x-12-0-01-04.jpg;assets\products\scandinavian\board-4226900\product-scandinavian-loloi-layla-red-navy-9-0-x-12-0-01-05.jpg,https://havenly.com/products/details/Loloi-Layla-Red-Navy-9-0-x-12-0-Loloi-Rugs-82068993,4226900
"Buchanan Tan Textured 31""H x 16""W x 16""D Accent Table Lamp",Lighting,scandinavian,Modern|Minimal|Scandinavian,$400,x,"Linen, Polyester, Faux Croc, Metal, Brass, 100% Metal","Tan, White",Embodying time-honored designs that have been revered for generations; the Buchanan Collection redefines vintage charm from room to room within any home dÃ?Â©cor. These pieces are expertly crafted and hand finished to perfection ensuring quality; helping to make these pieces a mainstay in your home. Crafted in China from Linen; Polyester; Faux Crocodile; Metal; Brass; Metal. For optimal product care; wipe clean with a dry cloth as needed. Manufacturers 30 Day Limited Warranty.,Surya,out_of_stock,assets\products\scandinavian\board-4226900\product-scandinavian-buchanan-tan-textured-31-h-x-16-w-x-16-d-accent-table-lamp-01-01.jpg;assets\products\scandinavian\board-4226900\product-scandinavian-buchanan-tan-textured-31-h-x-16-w-x-16-d-accent-table-lamp-01-02.jpg,https://havenly.com/products/details/Buchanan-Tan-Textured-31-H-x-16-W-x-16-D-Accent-Table-Lamp-Surya-8176078,4226900
Durango Terracotta Accent Lamp,Lighting,scandinavian,Modern|Minimal|Scandinavian,$249.6,"13"" x 13"" x 18""","Ceramic,Iron","This Accent Lamp Features A Ceramic Base Finished In An Earthy Terra Cotta Rust That Transitions Into A Crackled Aged White Glaze, Accented With Light Antique Brass Plated Details.","This Accent Lamp Features A Ceramic Base Finished In An Earthy Terracotta Rust That Transitions Into A Crackled Aged White Glaze, Accented With Light Antique Brass Plated Details. The Lamp Is Paired With A White Linen Drum Shade.",Uttermost,in_stock,assets\products\scandinavian\board-4226900\product-scandinavian-durango-terracotta-accent-lamp-02-01.jpg;assets\products\scandinavian\board-4226900\product-scandinavian-durango-terracotta-accent-lamp-02-02.jpg;assets\products\scandinavian\board-4226900\product-scandinavian-durango-terracotta-accent-lamp-02-03.jpg;assets\products\scandinavian\board-4226900\product-scandinavian-durango-terracotta-accent-lamp-02-04.jpg;assets\products\scandinavian\board-4226900\product-scandinavian-durango-terracotta-accent-lamp-02-05.jpg,https://havenly.com/products/details/Durango-Terracotta-Accent-Lamp-Uttermost-85973045,4226900
"Aranya Gold 65""H x 22""W x 1""D Full Length Mirror",Art & Mirrors,scandinavian,Modern|Minimal|Scandinavian,$535,"22""H x 65""W x 1.4""D","Frame: Aluminum, Substrate: Aluminum",Brass,"Reflect your style with the Aranya mirror, an embodiment of minimalist modern design. This sleek mirror is a perfect addition to any space craving a touch of elegance and simplicity. It integrates effortlessly into your decor, delivering functionality along with its distinctive modern charm. Maintaining the pristine condition of this mirror is effortless - just steer clear from harsh cleaners to preserve its stunning finish. Let the Aranya mirror bring a refreshing perspective into your home tod",Surya,in_stock,assets\products\scandinavian\board-4226900\product-scandinavian-aranya-gold-65-h-x-22-w-x-1-d-full-length-mirror-01-01.jpg,https://havenly.com/products/groups/surya-32134-0-5271?vendorVariantId=126290057,4226900
Viewpoint I & Ii By Aileen Fitzgerald,Art & Mirrors,scandinavian,Modern|Minimal|Scandinavian,$699,24.0 x 1.5 x 24.0,Wood,Brown,"Inspired by the Texas Hill Country, Austin-based artist and registered nurse Aileen Fitzgerald paints atmospheric landscapes reminiscent of early Impressionism with a heavy emphasis on light. Framed within white oak for a gallery-quality look. If not currently in stock, this texture-enhanced piece ships within three weeks. Handmade in Austin, Texas.",Four Hands,in_stock,assets\products\scandinavian\board-4226900\product-scandinavian-viewpoint-i-ii-by-aileen-fitzgerald-02-01.jpg;assets\products\scandinavian\board-4226900\product-scandinavian-viewpoint-i-ii-by-aileen-fitzgerald-02-02.jpg;assets\products\scandinavian\board-4226900\product-scandinavian-viewpoint-i-ii-by-aileen-fitzgerald-02-03.jpg;assets\products\scandinavian\board-4226900\product-scandinavian-viewpoint-i-ii-by-aileen-fitzgerald-02-04.jpg;assets\products\scandinavian\board-4226900\product-scandinavian-viewpoint-i-ii-by-aileen-fitzgerald-02-05.jpg,https://havenly.com/products/details/Viewpoint-I-Ii-By-Aileen-Fitzgerald-Four-Hands-126619954,4226900
MIRROR,Art & Mirrors,scandinavian,Modern|Minimal|Scandinavian,$200,"38""w x 28""h x 1""d","MDF,MIRROR",ANTIQUE GOLD FINISH,"Perfect over a mantel, this Baroque style mirror features scroll embellishments at key focal points. This beautiful frame is finished in an antique gold that complements the ornate details. It is sure to be the center of attention at family gatherings. Al",Uttermost,out_of_stock,assets\products\scandinavian\board-4226900\product-scandinavian-mirror-03-01.jpg;assets\products\scandinavian\board-4226900\product-scandinavian-mirror-03-02.jpg;assets\products\scandinavian\board-4226900\product-scandinavian-mirror-03-03.jpg;assets\products\scandinavian\board-4226900\product-scandinavian-mirror-03-04.jpg;assets\products\scandinavian\board-4226900\product-scandinavian-mirror-03-05.jpg,https://havenly.com/products/details/MIRROR-Uttermost-126942485,4226900
Tonal Study Ii By Coup D'esprit Ltd,Art & Mirrors,scandinavian,Modern|Minimal|Scandinavian,$799,30.0 x 2.0 x 40.0,"Rustic Walnut, Fredrix 558 Raw Canv","Rustic Walnut, Fredrix 558 Raw Canvas","A shapely, abstract work by Bangkok-based art house Coup D'Esprit. Handmade in Austin, Texas.",Four Hands,in_stock,assets\products\scandinavian\board-4226900\product-scandinavian-tonal-study-ii-by-coup-d-esprit-ltd-04-01.jpg;assets\products\scandinavian\board-4226900\product-scandinavian-tonal-study-ii-by-coup-d-esprit-ltd-04-02.jpg;assets\products\scandinavian\board-4226900\product-scandinavian-tonal-study-ii-by-coup-d-esprit-ltd-04-03.jpg;assets\products\scandinavian\board-4226900\product-scandinavian-tonal-study-ii-by-coup-d-esprit-ltd-04-04.jpg;assets\products\scandinavian\board-4226900\product-scandinavian-tonal-study-ii-by-coup-d-esprit-ltd-04-05.jpg,https://havenly.com/products/details/Tonal-Study-Ii-By-Coup-D-esprit-Ltd-Four-Hands-132426966,4226900
Brushed Organic Cotton Deep Indigo Blue King Bed Blanket,Other,scandinavian,Modern|Minimal|Scandinavian,"${'id': '47634662135', 'price': 79.97, '__typename': 'PriceModel'} (was $279.95)","109""W x90""L",Organic Cotton,Dark Blue,"Our upgrade on a timeless classic, this oversized dark blue blanket warms the bed with supersoft brushed organic cotton in a mix of weaves. The tightly woven border adds visual interest and durability to the perfectly simple indigo blanket. To make a dreamy bed, layer with our other bedding in an array of blue hues.     64% organic cotton and 36% viscose  All-natural AZO-free dyes  No added phthalates  Reverses to same  3"" smaller-weave border  1"" hem  Dry clean only  Made in India Brushed Organ",Crate and Barrel,out_of_stock,assets\products\scandinavian\board-4226900\product-scandinavian-brushed-organic-cotton-deep-indigo-blue-king-bed-blanket-01-01.jpg;assets\products\scandinavian\board-4226900\product-scandinavian-brushed-organic-cotton-deep-indigo-blue-king-bed-blanket-01-02.jpg;assets\products\scandinavian\board-4226900\product-scandinavian-brushed-organic-cotton-deep-indigo-blue-king-bed-blanket-01-03.jpg;assets\products\scandinavian\board-4226900\product-scandinavian-brushed-organic-cotton-deep-indigo-blue-king-bed-blanket-01-04.jpg,https://havenly.com/products/details/Brushed-Organic-Cotton-Deep-Indigo-Blue-King-Bed-Blanket-Crate-and-Barrel-137692132,4226900
Kaleb Upholstered Platform Bed,Other,scandinavian,Modern|Minimal|Scandinavian,$2145,/,/,Olive,"<div data-content-type=""html"" data-appearance=""default"" data-element=""main"">&lt;p&gt;A fully upholstered, modern platform bed that's big on comfort. Kaleb's side rails, footboard, and hidden legs provide a sleek look while still feeling soft. Its linear headboard features a slight pitch for even more comfort.&lt;/p&gt;  &lt;p&gt;Box springs are optional with Kaleb's slat support system. Not compatible with adjustable frames.&lt;/p&gt;</div>",Interior Define,out_of_stock,assets\products\scandinavian\board-4226900\product-scandinavian-kaleb-upholstered-platform-bed-02-01.jpg;assets\products\scandinavian\board-4226900\product-scandinavian-kaleb-upholstered-platform-bed-02-02.jpg;assets\products\scandinavian\board-4226900\product-scandinavian-kaleb-upholstered-platform-bed-02-03.jpg;assets\products\scandinavian\board-4226900\product-scandinavian-kaleb-upholstered-platform-bed-02-04.jpg;assets\products\scandinavian\board-4226900\product-scandinavian-kaleb-upholstered-platform-bed-02-05.jpg,https://havenly.com/products/details/Kaleb-Upholstered-Platform-Bed-Interior-Define-140360885,4226900
"Stairway 96"" Black Metal Wall Mount Bookcase",Furniture,scandinavian,Modern|Minimal|Scandinavian,$499,"30""Wx12""Dx96""H",WOOD,Black,"Minimalism scales to the max in a modern rise of black. Seven shelves ladder sky high a CB2 record high at 8 feet in engineered wood with dark lacquer. Powdercoated aluminum frame with hidden hardware accentuates neutral black construction. Mounts sturdy to the wall. Create a vertical work space with Stairway Black Wall Mounted Bookcase. CB2 exclusive.  -Black powdercoated aluminum frame -Seven engineered wood shelves with black lacquer -Clean with soft cloth -Made in Vietnam Stairway 96"" Black ",CB2,in_stock,assets\products\scandinavian\board-4232417\product-scandinavian-stairway-96-black-metal-wall-mount-bookcase-01-01.jpg;assets\products\scandinavian\board-4232417\product-scandinavian-stairway-96-black-metal-wall-mount-bookcase-01-02.jpg;assets\products\scandinavian\board-4232417\product-scandinavian-stairway-96-black-metal-wall-mount-bookcase-01-03.jpg;assets\products\scandinavian\board-4232417\product-scandinavian-stairway-96-black-metal-wall-mount-bookcase-01-04.jpg;assets\products\scandinavian\board-4232417\product-scandinavian-stairway-96-black-metal-wall-mount-bookcase-01-05.jpg,https://havenly.com/products/details/Stairway-96-Black-Metal-Wall-Mount-Bookcase-CB2-125968948,4232417
Patton Black Nightstand,Furniture,scandinavian,Modern|Minimal|Scandinavian,$1005,"24""W x 16""D x 20.75""H",wood,black,"<div data-content-type=""html"" data-appearance=""default"" data-element=""main"">&lt;p&gt;A beautiful contrast of natural blackened oak wood against a sleek iron sheet base, the Patton nightstand is a natural storage solution at home in any style. This solid oak bedside table is fitted with a single spacious drawer and clean lines for a seamless, contemporary finish — a handy storage essential.&lt;/p&gt;  &lt;ul&gt; &lt;li&gt;24""W x 16""D x 20.75""H&lt;/li&gt; &lt;li&gt;Package Weight: 48lbs&lt;/li",Interior Define,out_of_stock,assets\products\scandinavian\board-4232417\product-scandinavian-patton-black-nightstand-02-01.jpg;assets\products\scandinavian\board-4232417\product-scandinavian-patton-black-nightstand-02-02.jpg;assets\products\scandinavian\board-4232417\product-scandinavian-patton-black-nightstand-02-03.jpg;assets\products\scandinavian\board-4232417\product-scandinavian-patton-black-nightstand-02-04.jpg;assets\products\scandinavian\board-4232417\product-scandinavian-patton-black-nightstand-02-05.jpg,https://havenly.com/products/details/Patton-Black-Nightstand-Interior-Define-141803538,4232417
James Sleeper Sofa,Furniture,scandinavian,Modern|Minimal|Scandinavian,$3245,"84""L x 40""D x 35""H",Performance Classic Weave - Bisque,Bisque,"James beautifully marries modern design with a transitional feel. Its to-the-floor platform and hidden legs are sleek, while subtle crowns in the seat and arms keep it soft. In keeping with its linear design, James' wide arms and back frame are finished with structural piping for a balanced look. Top it all off with cozy side cushions, and you have yourself the modern, lounge-ready sofa of your dreams.Sleeper queen mattress dimensions: 60""W x 72""L x 5.5""H",Interior Define,out_of_stock,assets\products\scandinavian\board-4232417\product-scandinavian-james-sleeper-sofa-03-01.jpg;assets\products\scandinavian\board-4232417\product-scandinavian-james-sleeper-sofa-03-02.jpg;assets\products\scandinavian\board-4232417\product-scandinavian-james-sleeper-sofa-03-03.jpg;assets\products\scandinavian\board-4232417\product-scandinavian-james-sleeper-sofa-03-04.jpg;assets\products\scandinavian\board-4232417\product-scandinavian-james-sleeper-sofa-03-05.jpg,https://havenly.com/products/details/James-Sleeper-Sofa-Interior-Define-153745557,4232417
Saabira Fiberstone Medium Planter,Decor & Pillows,scandinavian,Modern|Minimal|Scandinavian,$119,"15"" dia. x 15.5""H","polyester resin, fiberglass and stone",charcoal,"Handsome planters play the supporting role with style, showcasing greenery indoors or out. Curved wide-mouth containers in neutral charcoal grey are cast from an innovative blend of stone, plastic and cement that adds strength while reducing weight.",Crate and Barrel,in_stock,assets\products\scandinavian\board-4232417\product-scandinavian-saabira-fiberstone-medium-planter-01-01.jpg,https://havenly.com/products/details/Saabira-Fiberstone-Medium-Planter-Crate-and-Barrel-6036092,4232417
Faux Olive Tree,Decor & Pillows,scandinavian,Modern|Minimal|Scandinavian,$499,"38"" Diameter x 84""",Plastic,Green,"Refresh the room with a touch of the Mediterranean. Our lifelike, seven-foot-tall olive tree fools the eye with its realistic branches and soft green leaves characteristic of the olive tree. Although already potted in its own container, we recommend ""planting"" it in one of the many attractive planters in our collection. Polyester, plastic, Styrofoam and wire. Dust with a dry cloth or blow dry on cool. For indoor use only. Keep out of direct sunlight. Made in China.",Crate and Barrel,in_stock,assets\products\scandinavian\board-4232417\product-scandinavian-faux-olive-tree-02-01.jpg;assets\products\scandinavian\board-4232417\product-scandinavian-faux-olive-tree-02-02.jpg;assets\products\scandinavian\board-4232417\product-scandinavian-faux-olive-tree-02-03.jpg;assets\products\scandinavian\board-4232417\product-scandinavian-faux-olive-tree-02-04.jpg,https://havenly.com/products/details/Faux-Olive-Tree-Crate-and-Barrel-73445676,4232417
"Mango Wood Footed Bowl, Black",Decor & Pillows,scandinavian,Modern|Minimal|Scandinavian,$66,"12"" Diameter x 4.5""",Mango Wood,Black,"This footed bowl works great for display or serving purposes. Made out of mango wood and featuring a sleek black color, this modern bowl looks great on countertops. Perfect for storing fresh fruits or snacks, or for serving friends and family in style",Bloomingville,back_ordered,assets\products\scandinavian\board-4232417\product-scandinavian-mango-wood-footed-bowl-black-03-01.jpg;assets\products\scandinavian\board-4232417\product-scandinavian-mango-wood-footed-bowl-black-03-02.jpg;assets\products\scandinavian\board-4232417\product-scandinavian-mango-wood-footed-bowl-black-03-03.jpg;assets\products\scandinavian\board-4232417\product-scandinavian-mango-wood-footed-bowl-black-03-04.jpg;assets\products\scandinavian\board-4232417\product-scandinavian-mango-wood-footed-bowl-black-03-05.jpg,https://havenly.com/products/details/Mango-Wood-Footed-Bowl-Black-Bloomingville-88390789,4232417
Black Stoneware Pitcher,Decor & Pillows,scandinavian,Modern|Minimal|Scandinavian,$30,"7"" x 4.75"" x 9""",Stoneware,Black,"Whether having guests or enjoying family time around the table, use this pitcher for quick drink refills.  It is beautiful and can be placed on the table along with other food items.  When a glass is empty, there is no need to leave the conversation for refills.  Just reach for this amazing and convenient pitcher.",Bloomingville,back_ordered,assets\products\scandinavian\board-4232417\product-scandinavian-black-stoneware-pitcher-04-01.jpg;assets\products\scandinavian\board-4232417\product-scandinavian-black-stoneware-pitcher-04-02.jpg,https://havenly.com/products/details/Black-Stoneware-Pitcher-Bloomingville-91145909,4232417
"Olive Linen Throw Pillow - 20"" x 20""",Decor & Pillows,scandinavian,Modern|Minimal|Scandinavian,$70,"20"" x 20"" x 5""","95% Polyester, 5% Linen,Down Alternative Fill","Olive, Green",No lounge-worthy reading space is complete with a few (or a few too many) throw pillows. This cozy companion is here to support you when you inevitably fall asleep while speed-reading one last chapter at 2am.  Estimated Delivery Date: late April,Reese's Book Club x Havenly,out_of_stock,assets\products\scandinavian\board-4232417\product-scandinavian-olive-linen-throw-pillow-20-x-20-05-01.jpg;assets\products\scandinavian\board-4232417\product-scandinavian-olive-linen-throw-pillow-20-x-20-05-02.jpg;assets\products\scandinavian\board-4232417\product-scandinavian-olive-linen-throw-pillow-20-x-20-05-03.jpg,https://havenly.com/products/details/Olive-Linen-Throw-Pillow-20-x-20-Reese-s-Book-Club-x-Havenly-115575838,4232417
Valo Matte White Ceramic Vase,Decor & Pillows,scandinavian,Modern|Minimal|Scandinavian,"${'id': '47662448013', 'price': 19.97, '__typename': 'PriceModel'} (was $49.95)","9"" dia. x 15""H",Ceramic,White,"Ceramic vase intrigues with modern curves. Glazed in matte white with subtle grey striping, vessel gracefully presents bouquets and dried botanicals. Layers beautifully when displayed in a group. CB2 exclusive.     Earthenware with matte white glaze  Watertight; no drainage hole  Wipe with a soft cloth  Botanicals not included  Made in Portugal Valo Matte White Vase",CB2,out_of_stock,assets\products\scandinavian\board-4232417\product-scandinavian-valo-matte-white-ceramic-vase-06-01.jpg;assets\products\scandinavian\board-4232417\product-scandinavian-valo-matte-white-ceramic-vase-06-02.jpg;assets\products\scandinavian\board-4232417\product-scandinavian-valo-matte-white-ceramic-vase-06-03.jpg,https://havenly.com/products/details/Valo-Matte-White-Ceramic-Vase-CB2-118118384,4232417
Faye Vase - Small White,Decor & Pillows,scandinavian,Modern|Minimal|Scandinavian,$58,6.75 x 6.75 x 10.0,Earthenware,White,"The Faye vases are a series of simple vase shapes designed to be grouped together to create a stylish vignette. The vase are offered in solid black or white, with matte or high gloss finishes.",Elk Home,in_stock,assets\products\scandinavian\board-4232417\product-scandinavian-faye-vase-small-white-07-01.jpg;assets\products\scandinavian\board-4232417\product-scandinavian-faye-vase-small-white-07-02.jpg;assets\products\scandinavian\board-4232417\product-scandinavian-faye-vase-small-white-07-03.jpg;assets\products\scandinavian\board-4232417\product-scandinavian-faye-vase-small-white-07-04.jpg;assets\products\scandinavian\board-4232417\product-scandinavian-faye-vase-small-white-07-05.jpg,https://havenly.com/products/details/Faye-Vase-Small-White-Elk-Home-130253950,4232417
Arcas Vase - Small,Decor & Pillows,scandinavian,Modern|Minimal|Scandinavian,$22,5.5 x 5.5 x 5.5,Earthenware,Cream,"The Arcas Vase is a small decorative bud vase with a rounded body and small mouth opening. The earthenware vessel is painted with a soft matte ivory finish, adding to its calming neutral look.",Elk Home,out_of_stock,assets\products\scandinavian\board-4232417\product-scandinavian-arcas-vase-small-08-01.jpg;assets\products\scandinavian\board-4232417\product-scandinavian-arcas-vase-small-08-02.jpg;assets\products\scandinavian\board-4232417\product-scandinavian-arcas-vase-small-08-03.jpg;assets\products\scandinavian\board-4232417\product-scandinavian-arcas-vase-small-08-04.jpg;assets\products\scandinavian\board-4232417\product-scandinavian-arcas-vase-small-08-05.jpg,https://havenly.com/products/details/Arcas-Vase-Small-Elk-Home-130254082,4232417
Belle Bowl,Decor & Pillows,scandinavian,Modern|Minimal|Scandinavian,$178,10.5 x 10.5 x 4.5,Wood,Whitewash,"The Belle Bowl is inspired by Italian midcentury design. The low bowl, made from mango wood in a white washed finish, flares out at the center, creating a striking silhouette. Display as sculpture on any surface.",Elk Home,in_stock,assets\products\scandinavian\board-4232417\product-scandinavian-belle-bowl-09-01.jpg;assets\products\scandinavian\board-4232417\product-scandinavian-belle-bowl-09-02.jpg;assets\products\scandinavian\board-4232417\product-scandinavian-belle-bowl-09-03.jpg;assets\products\scandinavian\board-4232417\product-scandinavian-belle-bowl-09-04.jpg;assets\products\scandinavian\board-4232417\product-scandinavian-belle-bowl-09-05.jpg,https://havenly.com/products/details/Belle-Bowl-Elk-Home-130254710,4232417
The Citizenry Hansa Vase Set of 2 | Black,Decor & Pillows,scandinavian,Modern|Minimal|Scandinavian,"${'id': '47721415229', 'price': 110, '__typename': 'PriceModel'} (was $138)",-,Ceramic,Black,"An effortlessly cool gift that everyone will love, these mix-and-match ceramic vases blend rounded edges with a matte finish that can’t be missed. Pair them together or solo for a minimal accent that still makes a statement. Handcrafted in a workshop just outside of Delhi, India, each piece is made start-to-finish in a fair trade environment. | The Citizenry Hansa Vase Set of 2 | Black<br>Measurements: Matte Black: 6""Matte Ivory: 6""",The Citizenry,out_of_stock,assets\products\scandinavian\board-4232417\product-scandinavian-the-citizenry-hansa-vase-set-of-2-black-10-01.jpg;assets\products\scandinavian\board-4232417\product-scandinavian-the-citizenry-hansa-vase-set-of-2-black-10-02.jpg;assets\products\scandinavian\board-4232417\product-scandinavian-the-citizenry-hansa-vase-set-of-2-black-10-03.jpg;assets\products\scandinavian\board-4232417\product-scandinavian-the-citizenry-hansa-vase-set-of-2-black-10-04.jpg;assets\products\scandinavian\board-4232417\product-scandinavian-the-citizenry-hansa-vase-set-of-2-black-10-05.jpg,https://havenly.com/products/details/The-Citizenry-Hansa-Vase-Set-of-2-Black-The-Citizenry-143154893,4232417
"Barkley Rug, Mocha, 7'6"" x 9'6""",Rugs,scandinavian,Modern|Minimal|Scandinavian,$1629,"7'6"" x 9'6""","Wool, Viscose","Ivory, Mocha, Silver","Our products are designed for particular people, by particular people. It’s why we obsess over colors and create new, intricate textures that are made to last. Beautifully-designed rugs that will look great now—and decades from now. Breathe order, balance and calm into any setting with the new, hand-loomed Barkley Collection. These linear, tonal designs in wool and shimmery viscose are at once casual, chic and ultra sophisticated, with intricately shaded neutrals like charcoal, ivory, mocha and ",Loloi Rugs,in_stock,assets\products\scandinavian\board-4232417\product-scandinavian-barkley-rug-mocha-7-6-x-9-6-01-01.jpg;assets\products\scandinavian\board-4232417\product-scandinavian-barkley-rug-mocha-7-6-x-9-6-01-02.jpg,https://havenly.com/products/details/Barkley-Rug-Mocha-7-6-x-9-6-Loloi-Rugs-6321800,4232417
Loloi Bennett Ivory / Bark 8'6 x 11'6,Rugs,scandinavian,Modern|Minimal|Scandinavian,$6139,8'6 x 11'6,62% Wool | 26% Rayon | 7% Polyester | 5% Other Fiber,IVORY / BARK,"Dimensional yet soft, the Bennett Collection is hand-knotted of wool, rayon and polyester in India. Featuring a new carve like high-low pile, Bennett has an ivory base with abstract tonal designs. Plus, it's plush underfoot. Clean spills, including water, immediately by blotting with a clean, white dry sponge or cloth. Avoid exposure to all liquids. Professional cleaning recommended. Appropriate rug pad is highly recommended on all surfaces to prevent slipping, add cushion, and improve durabilit",Loloi Rugs,in_stock,assets\products\scandinavian\board-4232417\product-scandinavian-loloi-bennett-ivory-bark-8-6-x-11-6-02-01.jpg,https://havenly.com/products/details/Loloi-Bennett-Ivory-Bark-8-6-x-11-6-Loloi-Rugs-88906943,4232417
"POLLY RUG - IVORY / NATURAL - 7'-9"" x 9'-9""",Rugs,scandinavian,Modern|Minimal|Scandinavian,$540,"7'9"" x 9'9""","Wool | Jute, Backing: No Backing",IVORY / NATURAL,"Hand-tufted of wool and jute pile, the Polly collection for Chris Loves Julia x Loloi brings a fresh take on modern yet classic designs. With striking gridded designs toned down by a neutral color palette, Polly is a timeless choice for any room. Polly is also GoodWeave certified, ensuring our commitment to ethical production and the support of weavers' communities.",Loloi Rugs,out_of_stock,assets\products\scandinavian\board-4232417\product-scandinavian-polly-rug-ivory-natural-7-9-x-9-9-03-01.jpg;assets\products\scandinavian\board-4232417\product-scandinavian-polly-rug-ivory-natural-7-9-x-9-9-03-02.jpg;assets\products\scandinavian\board-4232417\product-scandinavian-polly-rug-ivory-natural-7-9-x-9-9-03-03.jpg;assets\products\scandinavian\board-4232417\product-scandinavian-polly-rug-ivory-natural-7-9-x-9-9-03-04.jpg;assets\products\scandinavian\board-4232417\product-scandinavian-polly-rug-ivory-natural-7-9-x-9-9-03-05.jpg,https://havenly.com/products/details/POLLY-RUG-IVORY-NATURAL-7-9-x-9-9-Loloi-Rugs-116015345,4232417
Tanner Chandelier,Lighting,scandinavian,Modern|Minimal|Scandinavian,"${'id': '47660500453', 'price': 629.95, '__typename': 'PriceModel'} (was $898)","12""H, 36"" diameter","Wood, milk glass, iron; brushed brass finish",Black,"Glass globes resting on a contemporary wood beam structure create a chandelier design that is centerpiece-worthy for a dining room, living room, or hall. This item is UL listed, meaning it has been tested and approved to meet the government-regulated safety standards for the USA. Use with electrical outlets 110-120v or lower, as anything higher can cause fire or injury. If you're purchasing this item for use outside of the United States, employ the adapter and voltage converter suited for your c",Anthropologie,out_of_stock,assets\products\scandinavian\board-4232417\product-scandinavian-tanner-chandelier-01-01.jpg,https://havenly.com/products/details/Tanner-Chandelier-Anthropologie-85585749,4232417
Koepel Large Table Lamp - Gunmetal,Lighting,scandinavian,Modern|Minimal|Scandinavian,$159,18 x 12.5 x 12.5,"Glass, steel, textile cord",Gunmetal,"Gunmetal Table Lamp, Smoked Glass Base, Mid-Century Design | Article Koepel Modern Lighting & Decor. The Koepel table lamp features an iconic retro mushroom shape in an upscale 21st century style. With a gunmetal finished dome top and smoked glass base, the Koepel is ready to illuminate your late-night strokes of genius or add distinguished ambience to your evening whiskey tastings. Groovy, baby.",Article,out_of_stock,assets\products\scandinavian\board-4232417\product-scandinavian-koepel-large-table-lamp-gunmetal-02-01.jpg;assets\products\scandinavian\board-4232417\product-scandinavian-koepel-large-table-lamp-gunmetal-02-02.jpg;assets\products\scandinavian\board-4232417\product-scandinavian-koepel-large-table-lamp-gunmetal-02-03.jpg;assets\products\scandinavian\board-4232417\product-scandinavian-koepel-large-table-lamp-gunmetal-02-04.jpg;assets\products\scandinavian\board-4232417\product-scandinavian-koepel-large-table-lamp-gunmetal-02-05.jpg,https://havenly.com/products/details/Koepel-Large-Table-Lamp-Gunmetal-Article-87366992,4232417
Cloud Organic Glass Globe Floor Lamp,Lighting,scandinavian,Modern|Minimal|Scandinavian,$798,"65""H, 21.75"" diameter","Iron base, glass shades",Black,"This item is UL listed, meaning it has been tested and approved to meet the government-regulated safety standards for the USA. Use with electrical outlets 110-120v or lower, as anything higher can cause fire or injury. If you're purchasing this item for use outside of the United States, employ the adapter and voltage converter suited for your country. Cloud Organic Glass Globe Floor Lamp by Anthropologie in Black",Anthropologie,out_of_stock,assets\products\scandinavian\board-4232417\product-scandinavian-cloud-organic-glass-globe-floor-lamp-03-01.jpg,https://havenly.com/products/details/Cloud-Organic-Glass-Globe-Floor-Lamp-Anthropologie-132416321,4232417
Poetic Architectures No 7 by Valeria Sidanez - Vertical Grain 1.5 White Oak,Art & Mirrors,scandinavian,Modern|Minimal|Scandinavian,$699,18.0 x 1.5 x 28.0,"Vertical Oak Mouldng, Textured Fine Paper","Vertical Grain 1.5 White Oak, Textured Fine Art Paper","Textural layers craft a linear feel among neutrals from Barcelona-based artist Valeria Sida?±ez, who works with collage, paint and drawing. Double hanging orientation allows the perfect piece for mixing and matching or as a standalone statement. If not currently in stock, this piece ships within three weeks. Handmade in Austin, Texas.",Four Hands,in_stock,assets\products\scandinavian\board-4232417\product-scandinavian-poetic-architectures-no-7-by-valeria-sidanez-vertical-grain--01-01.jpg;assets\products\scandinavian\board-4232417\product-scandinavian-poetic-architectures-no-7-by-valeria-sidanez-vertical-grain--01-02.jpg;assets\products\scandinavian\board-4232417\product-scandinavian-poetic-architectures-no-7-by-valeria-sidanez-vertical-grain--01-03.jpg;assets\products\scandinavian\board-4232417\product-scandinavian-poetic-architectures-no-7-by-valeria-sidanez-vertical-grain--01-04.jpg;assets\products\scandinavian\board-4232417\product-scandinavian-poetic-architectures-no-7-by-valeria-sidanez-vertical-grain--01-05.jpg,https://havenly.com/products/details/Poetic-Architectures-No-7-by-Valeria-Sidanez-Vertical-Grain-1-5-White-Oak-Four-Hands-130679070,4232417
Andre Black Wall Sconce Light,Other,scandinavian,Modern|Minimal|Scandinavian,"${'id': '47662446496', 'price': 144.99, '__typename': 'PriceModel'} (was $199)","9.9""Wx8.1""Dx9.9""H",METAL,Black,"Graceful in brushed matte black iron, our Andre sconce adorns your home like a piece of minimalist jewelry. Slender, parallel tubes curve to support a conical shade that washes walls with light. Hung over an armchair, paired up on either side of a bookcase or in multiples down a hallway, the elegant wall light offers an illuminating mix of task and ambient lighting.   • Brushed black iron  • 5&quot;-dia. ceiling plate  • E12 bulb type  • 1 socket  • Accommodates one 40W incandescent or 9W LED bu",Crate and Barrel,out_of_stock,assets\products\scandinavian\board-4232417\product-scandinavian-andre-black-wall-sconce-light-01-01.jpg;assets\products\scandinavian\board-4232417\product-scandinavian-andre-black-wall-sconce-light-01-02.jpg;assets\products\scandinavian\board-4232417\product-scandinavian-andre-black-wall-sconce-light-01-03.jpg;assets\products\scandinavian\board-4232417\product-scandinavian-andre-black-wall-sconce-light-01-04.jpg,https://havenly.com/products/details/Andre-Black-Wall-Sconce-Light-Crate-and-Barrel-126401485,4232417
Combine by Dan Hobday - Black 2.5 Maple,Other,scandinavian,Modern|Minimal|Scandinavian,$1299,60.0 x 2.5 x 40.0,"American Maple, Textured Fine Art Paper, Tape","Black 2.5 Maple, Textured Fine Art Paper","Artist Dan Hobday finds inspiration in the coastal landscapes of his hometown of Devon, England. The open feel of this mixed medium piece combines watercolor, charcoal and ink lines. Handmade in Austin, Texas.",Four Hands,in_stock,assets\products\scandinavian\board-4232417\product-scandinavian-combine-by-dan-hobday-black-2-5-maple-02-01.jpg;assets\products\scandinavian\board-4232417\product-scandinavian-combine-by-dan-hobday-black-2-5-maple-02-02.jpg;assets\products\scandinavian\board-4232417\product-scandinavian-combine-by-dan-hobday-black-2-5-maple-02-03.jpg;assets\products\scandinavian\board-4232417\product-scandinavian-combine-by-dan-hobday-black-2-5-maple-02-04.jpg;assets\products\scandinavian\board-4232417\product-scandinavian-combine-by-dan-hobday-black-2-5-maple-02-05.jpg,https://havenly.com/products/details/Combine-by-Dan-Hobday-Black-2-5-Maple-Four-Hands-139140074,4232417
"DAR-03 Sand / Charcoal 6'-7"" x 9'-3""",Other,scandinavian,Modern|Minimal|Scandinavian,$278,"6'-7"" x 9'-3""",100% Polyester Pile,Sand / Charcoal,"The Darby Collection is a power-loomed area rug with a dimensional, ribbed texture that mimics the look and feel of a hand-knotted rug at a more accessible price point. The rug's neutral palette is sophisticated and versatile, fitting into contemporary living rooms, cozy bedrooms, and any room that needs a bit of texture. This collection is made of 100% durable polyester in Turkey and OEKO-TEX® certified, ensuring its materials don't contain harmful substances.",Loloi Rugs,out_of_stock,assets\products\scandinavian\board-4232417\product-scandinavian-dar-03-sand-charcoal-6-7-x-9-3-03-01.jpg;assets\products\scandinavian\board-4232417\product-scandinavian-dar-03-sand-charcoal-6-7-x-9-3-03-02.jpg;assets\products\scandinavian\board-4232417\product-scandinavian-dar-03-sand-charcoal-6-7-x-9-3-03-03.jpg;assets\products\scandinavian\board-4232417\product-scandinavian-dar-03-sand-charcoal-6-7-x-9-3-03-04.jpg;assets\products\scandinavian\board-4232417\product-scandinavian-dar-03-sand-charcoal-6-7-x-9-3-03-05.jpg,https://havenly.com/products/details/DAR-03-Sand-Charcoal-6-7-x-9-3-Loloi-Rugs-130726464,4232417
"Redondo 21"" Two-Tone Wood Round Nursery Side Table",Furniture,scandinavian,Transitional|Scandinavian|California Cool|Warm Transitional,"${'id': '47724111748', 'price': 319.95, '__typename': 'PriceModel'} (was $399)","21""Wx19""Dx23""H",wood,"White, Natural","Effortlessly cool and totally timeless, our clean-lined Redondo kids' furniture collection boasts West Coast-inspired designs that you'll love forever and a day. Built with solid oak and made to grow with them, the round nightstand's two-toned color scheme of natural wood and warm beige complements gender-neutral nurseries through big-kid bedrooms with evolving styles. The legs and top shelf showcase the wood's gorgeous grain, while the beige-hued bottom shelf features a basket-style design that",Crate & Kids,in_stock,assets\products\scandinavian\board-4233177\product-scandinavian-redondo-21-two-tone-wood-round-nursery-side-table-01-01.jpg;assets\products\scandinavian\board-4233177\product-scandinavian-redondo-21-two-tone-wood-round-nursery-side-table-01-02.jpg,https://havenly.com/products/details/Redondo-21-Two-Tone-Wood-Round-Nursery-Side-Table-Crate-Kids-109038033,4233177
Snoozer Cream Storage Ottoman,Furniture,scandinavian,Transitional|Scandinavian|California Cool|Warm Transitional,$399,"22""Wx22""Dx16.3""H",FABRIC,NATURAL,"Store favorite toys and beloved blankies in style with this storage ottoman designed by Leanne Ford. Crafted with exaggeratedly deep channels for a playful stacked look, the versatile piece offers extra seating, hidden storage and a place to rest tired feet. Upholstered in family-friendly, irresistibly nubby boucle, the cream ottoman opens easily with a lift-off top. To create a snuggly spot for reading, feeding and rocking to sleep, pair the Snoozer Cream Storage Ottoman with the coordinating g",Crate & Kids,out_of_stock,assets\products\scandinavian\board-4233177\product-scandinavian-snoozer-cream-storage-ottoman-02-01.jpg;assets\products\scandinavian\board-4233177\product-scandinavian-snoozer-cream-storage-ottoman-02-02.jpg;assets\products\scandinavian\board-4233177\product-scandinavian-snoozer-cream-storage-ottoman-02-03.jpg;assets\products\scandinavian\board-4233177\product-scandinavian-snoozer-cream-storage-ottoman-02-04.jpg;assets\products\scandinavian\board-4233177\product-scandinavian-snoozer-cream-storage-ottoman-02-05.jpg,https://havenly.com/products/details/Snoozer-Cream-Storage-Ottoman-Crate-Kids-129969189,4233177
4 Drawer Scandi-Minimalist Chest - White,Furniture,scandinavian,Transitional|Scandinavian|California Cool|Warm Transitional,$462.6,"45.5"" H x 27.5"" L x 18"" W 76LBS","MDF, Pine Wood.Painted White chassis with Natural Pine legs",White,"An ode to modern Scandinavian design, this elegant dresser will look perfect just about anywhere in your abode. Use its streamlined silhouette to your advantage to simplify your living room and store spare linens within the drawers, or perhaps files in your home office. And of course, it’ll complement your modern, contemporary, Japandi, or Scandi-inspired sanctuary perfectly, where you can use its four drawers to house your wardrobe. Whether you pair this solid wood dresser with the matching nig",Walker Edison,out_of_stock,assets\products\scandinavian\board-4233177\product-scandinavian-4-drawer-scandi-minimalist-chest-white-03-01.jpg;assets\products\scandinavian\board-4233177\product-scandinavian-4-drawer-scandi-minimalist-chest-white-03-02.jpg;assets\products\scandinavian\board-4233177\product-scandinavian-4-drawer-scandi-minimalist-chest-white-03-03.jpg;assets\products\scandinavian\board-4233177\product-scandinavian-4-drawer-scandi-minimalist-chest-white-03-04.jpg;assets\products\scandinavian\board-4233177\product-scandinavian-4-drawer-scandi-minimalist-chest-white-03-05.jpg,https://havenly.com/products/details/4-Drawer-Scandi-Minimalist-Chest-White-Walker-Edison-141334598,4233177
Wally Ivory Boucle Nursery Glider Chair,Furniture,scandinavian,Transitional|Scandinavian|California Cool|Warm Transitional,$799,"25""Wx32""Dx37.5""H",Fabric,Off White,"For late-night feedings, storybook readings and snuggly moments in between, our Wally Boucle Glider boasts the softness, support and gentle motion needed to help lull baby to sleep. We don't know what we love more: the chic, statement-making design or how soft and cozy the ivory boucle fabric feels. With a 360-degree swivel and smooth, rhythmic glider, the sleek black metal base does a lot more than just look good. Pair it with the matching storage ottoman sold separately to complete the room.  ",Crate & Kids,in_stock,assets\products\scandinavian\board-4233177\product-scandinavian-wally-ivory-boucle-nursery-glider-chair-04-01.jpg;assets\products\scandinavian\board-4233177\product-scandinavian-wally-ivory-boucle-nursery-glider-chair-04-02.jpg;assets\products\scandinavian\board-4233177\product-scandinavian-wally-ivory-boucle-nursery-glider-chair-04-03.jpg;assets\products\scandinavian\board-4233177\product-scandinavian-wally-ivory-boucle-nursery-glider-chair-04-04.jpg;assets\products\scandinavian\board-4233177\product-scandinavian-wally-ivory-boucle-nursery-glider-chair-04-05.jpg,https://havenly.com/products/details/Wally-Ivory-Boucle-Nursery-Glider-Chair-Crate-Kids-148992829,4233177
Bear Woven Kids Hamper with Handles,Decor & Pillows,scandinavian,Transitional|Scandinavian|California Cool|Warm Transitional,$109,"16.16""Wx16.16""Dx23.5""H",natural plant material,natural,"You'll never catch our Bear Hamper napping on the job. While most cubs are content to doze in caves, this one concentrates on all-day cleanup duty. It's got plenty of room for laundry, and the sturdy water hyacinth weave can even handle toy storage. Handmade and adorably detailed, this woven hamper also sports cut-out carrying handles for easy transport.Get inspired to make the most of your child's space with storage ideas for kids' bedrooms, playrooms and closets.   • Bear-shaped hamper  • Feat",Crate & Kids,in_stock,assets\products\scandinavian\board-4233177\product-scandinavian-bear-woven-kids-hamper-with-handles-01-01.jpg;assets\products\scandinavian\board-4233177\product-scandinavian-bear-woven-kids-hamper-with-handles-01-02.jpg,https://havenly.com/products/details/Bear-Woven-Kids-Hamper-with-Handles-Crate-Kids-21950564,4233177
"Mist Blue Organic Cotton Velvet Light Blocking Window Curtain Panel 44""x84""",Decor & Pillows,scandinavian,Transitional|Scandinavian|California Cool|Warm Transitional,"${'id': '47674855148', 'price': 39.97, '__typename': 'PriceModel'} (was $109)","44""Wx84""D",Organic Cotton,Blue,"A good night's sleep calls for a dark room; a kid's space begs for a soft touch. These organic cotton velvet curtains deliver both, combining all the light-blocking qualities you want for bedtime or naptime with cozy, kid-friendly texture. The soothing mist blue fabric is set off by a slate blue binding for a subtle color pop. Hang from the back tabs for a traditional pleated style, use the rod pocket for a more gathered effect or add curtain clips for a laid-back look.   • 100% organic cotton, ",Crate & Kids,out_of_stock,assets\products\scandinavian\board-4233177\product-scandinavian-mist-blue-organic-cotton-velvet-light-blocking-window-curtai-02-01.jpg;assets\products\scandinavian\board-4233177\product-scandinavian-mist-blue-organic-cotton-velvet-light-blocking-window-curtai-02-02.jpg;assets\products\scandinavian\board-4233177\product-scandinavian-mist-blue-organic-cotton-velvet-light-blocking-window-curtai-02-03.jpg;assets\products\scandinavian\board-4233177\product-scandinavian-mist-blue-organic-cotton-velvet-light-blocking-window-curtai-02-04.jpg;assets\products\scandinavian\board-4233177\product-scandinavian-mist-blue-organic-cotton-velvet-light-blocking-window-curtai-02-05.jpg,https://havenly.com/products/details/Mist-Blue-Organic-Cotton-Velvet-Light-Blocking-Window-Curtain-Panel-44-x84-Crate-Kids-145227320,4233177
"Fossay Shag Beige Indoor 6'7"" x 9' Machine Woven Rug",Rugs,scandinavian,Transitional|Scandinavian|California Cool|Warm Transitional,$320,"6'7"" x 9'",100% Polyester,-,"Step into the luxurious world of Art Deco Modern with the Fossay Shag area rug, a delightful fusion of style and comfort that's sure to elevate any room. Imagine sinking your toes into its plush high pile, crafted from durable polyester that promises both softness and longevity. Expertly machine woven in Turkey, this rug seamlessly combines modern flair with timeless elegance. Whether placed under a coffee table or as a statement piece in your living space, it?s designed to captivate attention w",Surya,in_stock,assets\products\scandinavian\board-4233177\product-scandinavian-fossay-shag-beige-indoor-6-7-x-9-machine-woven-rug-01-01.jpg,https://havenly.com/products/details/Fossay-Shag-Beige-Indoor-6-7-x-9-Machine-Woven-Rug-Surya-142192155,4233177
"Woven Rope Flushmount, Ivory",Lighting,scandinavian,Transitional|Scandinavian|California Cool|Warm Transitional,$199,"19"" x 19"" x 18""",Paper,Natural,"With its dome shaped silhouette and woven details, our Ivory Linen Rope Flush Mount Light was crafted to add visual interest to kid's rooms and nurseries. The simple, neutral color palette is versatile enough to fit in with oh-so many types of decor. Plus, this artfully designed hanging light is a smart choice for small rooms. (After all, why waste precious floor space?) Easy to mix and match with different furniture styles. Paper, rope and iron. Always avoid the use of all chemicals and abrasiv",Crate and Barrel,out_of_stock,assets\products\scandinavian\board-4233177\product-scandinavian-woven-rope-flushmount-ivory-01-01.jpg;assets\products\scandinavian\board-4233177\product-scandinavian-woven-rope-flushmount-ivory-01-02.jpg;assets\products\scandinavian\board-4233177\product-scandinavian-woven-rope-flushmount-ivory-01-03.jpg;assets\products\scandinavian\board-4233177\product-scandinavian-woven-rope-flushmount-ivory-01-04.jpg,https://havenly.com/products/details/Woven-Rope-Flushmount-Ivory-Crate-and-Barrel-106918580,4233177
Dot White Ceramic Kids Table Lamp,Lighting,scandinavian,Transitional|Scandinavian|California Cool|Warm Transitional,"${'id': '47674855198', 'price': 74.97, '__typename': 'PriceModel'} (was $149)","10""Wx10""Dx16.75""H",-,White,"Our Dot White Ceramic Table Lamp shines a light on timeless mid-century style for the nursery, bedroom and beyond. To create the graphic dots, artisans use a three-step wax-resist technique: They apply a translucent glaze to the handcrafted textured ceramic base, then paint on the dots in wax, and finish with a glossy cream glaze. And just like that, the wax resists the second glaze to allow the textured ceramic dot pattern to show through. Topping it off is a flax-hued linen drum shade to provi",Crate & Kids,out_of_stock,assets\products\scandinavian\board-4233177\product-scandinavian-dot-white-ceramic-kids-table-lamp-02-01.jpg;assets\products\scandinavian\board-4233177\product-scandinavian-dot-white-ceramic-kids-table-lamp-02-02.jpg;assets\products\scandinavian\board-4233177\product-scandinavian-dot-white-ceramic-kids-table-lamp-02-03.jpg;assets\products\scandinavian\board-4233177\product-scandinavian-dot-white-ceramic-kids-table-lamp-02-04.jpg;assets\products\scandinavian\board-4233177\product-scandinavian-dot-white-ceramic-kids-table-lamp-02-05.jpg,https://havenly.com/products/details/Dot-White-Ceramic-Kids-Table-Lamp-Crate-Kids-126283937,4233177
Thorne Green Metal Dual-Head Floor Lamp,Lighting,scandinavian,Transitional|Scandinavian|California Cool|Warm Transitional,"${'id': '47689657304', 'price': 129.99, '__typename': 'PriceModel'} (was $189)","15.25""Wx9.88""Dx55""H",Metal,Green,"Here's a bright idea-we created a modern floor lamp with a minimal look and maximum functionality. A pair of adjustable arms allows you to get lighting at the perfect angle, making it a perfect task lamp for homework and art projects. And with its sleek design and trend-forward green finish, it can fit in wherever you need to lighten things up.   • Steel with plastic cord  • Matte green finish  • 60&quot; clear cord with polarized plug  • In-line switch  • 2 E26 sockets  • Accommodates 2 bulbs u",Crate & Kids,out_of_stock,assets\products\scandinavian\board-4233177\product-scandinavian-thorne-green-metal-dual-head-floor-lamp-03-01.jpg;assets\products\scandinavian\board-4233177\product-scandinavian-thorne-green-metal-dual-head-floor-lamp-03-02.jpg;assets\products\scandinavian\board-4233177\product-scandinavian-thorne-green-metal-dual-head-floor-lamp-03-03.jpg;assets\products\scandinavian\board-4233177\product-scandinavian-thorne-green-metal-dual-head-floor-lamp-03-04.jpg,https://havenly.com/products/details/Thorne-Green-Metal-Dual-Head-Floor-Lamp-Crate-Kids-138221235,4233177
Flo Fluted Sage Green Ceramic Kids Table Lamp,Lighting,scandinavian,Transitional|Scandinavian|California Cool|Warm Transitional,$149,"14""Dx15""H","Ceramic base with matte sage green glase, nickel-finished metal harp, linen shade",Sage Green,Go with the flo. Our stylish Flo Fluted Ceramic Table Lamp goes anywhere you need the perfect amount of light. Place it on your kid's nightstand for bedtime stories or use it as task lighting in a study space. It even works in shared spaces where the whole family hangs out together. Simple design pairs a gender-neutral sage green vase-shaped ceramic base with a classic off-white pleated linen shade. Coordinating Flo Fluted Floor Lamps also available.   • Ceramic base with matte sage green glaze ,Crate and Barrel,out_of_stock,assets\products\scandinavian\board-4233177\product-scandinavian-flo-fluted-sage-green-ceramic-kids-table-lamp-04-01.jpg;assets\products\scandinavian\board-4233177\product-scandinavian-flo-fluted-sage-green-ceramic-kids-table-lamp-04-02.jpg;assets\products\scandinavian\board-4233177\product-scandinavian-flo-fluted-sage-green-ceramic-kids-table-lamp-04-03.jpg,https://havenly.com/products/details/Flo-Fluted-Sage-Green-Ceramic-Kids-Table-Lamp-Crate-and-Barrel-126572237,4233177
"Turoy 32.5"" Swivel Lounge Chair - Wicklow Gray",Furniture,scandinavian,Modern|Minimal|Scandinavian,$699,"28.5""H x 32.5""W x 32""D","Kiln dried pine wood frame, matte black steel base, foam and polyester filling. Fabric - 83% Polyester, 15% Acrylic, 2% Wool. Martindale test - 90,000 rubs",Wicklow Gray,"Light Gray Fabric Swivel Chair, Black Metal Base, Scandinavian Design | Article Turoy Modern Furniture. Sit like a Bond villain whose only real diabolical concern is comfort. The Turoy can swivel dramatically or just regularly; it really depends on your mood—and the chair's extra-soft, textured fabric will leave you in a good one whenever you decide to lounge in it.",Article,in_stock,assets\products\scandinavian\board-4237170\product-scandinavian-turoy-32-5-swivel-lounge-chair-wicklow-gray-01-01.jpg;assets\products\scandinavian\board-4237170\product-scandinavian-turoy-32-5-swivel-lounge-chair-wicklow-gray-01-02.jpg;assets\products\scandinavian\board-4237170\product-scandinavian-turoy-32-5-swivel-lounge-chair-wicklow-gray-01-03.jpg;assets\products\scandinavian\board-4237170\product-scandinavian-turoy-32-5-swivel-lounge-chair-wicklow-gray-01-04.jpg;assets\products\scandinavian\board-4237170\product-scandinavian-turoy-32-5-swivel-lounge-chair-wicklow-gray-01-05.jpg,https://havenly.com/products/groups/article-turoyswivel-chair-9719?vendorVariantId=82075943,4237170
BEAUFORT BLEACHED WOOD LOW DRESSER,Furniture,scandinavian,Modern|Minimal|Scandinavian,$1299,"66""W x 20""D x 28""H","mango wood, solid acacia",White Washed,,CB2,in_stock,assets\products\scandinavian\board-4237170\product-scandinavian-beaufort-bleached-wood-low-dresser-02-01.jpg;assets\products\scandinavian\board-4237170\product-scandinavian-beaufort-bleached-wood-low-dresser-02-02.jpg;assets\products\scandinavian\board-4237170\product-scandinavian-beaufort-bleached-wood-low-dresser-02-03.jpg,https://havenly.com/products/details/BEAUFORT-BLEACHED-WOOD-LOW-DRESSER-CB2-89271128,4237170
Whim Accent Table,Furniture,scandinavian,Modern|Minimal|Scandinavian,$369,15.0 X 18.0 X 15.0,White Cement,White,"A pawn in no one’s game, the Whim accent table sits queen in your castle. With sculptured simplicity, this tidy little table brings a refined elegance to any room in the house. Easy to move and style around, the Whim can serve as an accent table, a stool, or even a plant stand. Available in jet black and white, pair Whims together for a play on light and dark., A smooth cylindrical side table, Made from fiber reinforced concrete, Available in black & white, With sculptured simplicity, the Whim a",Moes Home Collection,out_of_stock,assets\products\scandinavian\board-4237170\product-scandinavian-whim-accent-table-03-01.jpg;assets\products\scandinavian\board-4237170\product-scandinavian-whim-accent-table-03-02.jpg;assets\products\scandinavian\board-4237170\product-scandinavian-whim-accent-table-03-03.jpg;assets\products\scandinavian\board-4237170\product-scandinavian-whim-accent-table-03-04.jpg,https://havenly.com/products/details/Whim-Accent-Table-Moes-Home-Collection-131941274,4237170
Mini Black Bowl,Decor & Pillows,scandinavian,Modern|Minimal|Scandinavian,$3.95,"3.5""Wx3.25""Dx1""H",STONEWARE,Black,"Mini bowls designed to suit your meal, décor or mood. Aaron Probyn's suite of nine small-sized bowls yields big results, offering your choice of size, shape and material for serving sauces, spices and condiments. Great for kitchen prep, too. Black stoneware bowl assumes a graceful curved oval.     Designed by Aaron Probyn  100% stoneware  Dishwasher-, microwave- and oven-safe to 350 degrees  Imported Mini Black Bowl",Crate and Barrel,in_stock,assets\products\scandinavian\board-4237170\product-scandinavian-mini-black-bowl-01-01.jpg;assets\products\scandinavian\board-4237170\product-scandinavian-mini-black-bowl-01-02.jpg,https://havenly.com/products/details/Mini-Black-Bowl-Crate-and-Barrel-6658802,4237170
Medium Black Marble Box,Decor & Pillows,scandinavian,Modern|Minimal|Scandinavian,$49.95,"""7.5""""Wx4""""Dx1.5""""H""",marble,Black,Marble storage box stores knickknacks on dressers or desks. Veining will be unique in each piece due to natural properties of marble. CB2 exclusive.  -Marble -Variation in veining and activity of marble is to be expected; each will be unique -Imported Medium Black Marble Box,CB2,out_of_stock,assets\products\scandinavian\board-4237170\product-scandinavian-medium-black-marble-box-02-01.jpg;assets\products\scandinavian\board-4237170\product-scandinavian-medium-black-marble-box-02-02.jpg;assets\products\scandinavian\board-4237170\product-scandinavian-medium-black-marble-box-02-03.jpg;assets\products\scandinavian\board-4237170\product-scandinavian-medium-black-marble-box-02-04.jpg;assets\products\scandinavian\board-4237170\product-scandinavian-medium-black-marble-box-02-05.jpg,https://havenly.com/products/details/Medium-Black-Marble-Box-CB2-20728832,4237170
Faux Silver Dollar Eucalyptus Stem,Decor & Pillows,scandinavian,Modern|Minimal|Scandinavian,$26.95,"16"" x 48"" x 4""",Faux,Green,"This faux stem exquisitely recreates the delicate, gray-green coins and buds of the silver dollar eucalyptus, a burst of playful greenery that lasts indefinitely. Group several into an effusive arrangement, add to faux floral displays, or show off a single stem in a tall vase. Polyester, plastic and iron wire. Keep dry and out of direct sunlight. Store covered in a cool, dry place. Dust with dry cloth or blow dry on cool setting. Made in China.",Crate and Barrel,in_stock,assets\products\scandinavian\board-4237170\product-scandinavian-faux-silver-dollar-eucalyptus-stem-03-01.jpg;assets\products\scandinavian\board-4237170\product-scandinavian-faux-silver-dollar-eucalyptus-stem-03-02.jpg;assets\products\scandinavian\board-4237170\product-scandinavian-faux-silver-dollar-eucalyptus-stem-03-03.jpg;assets\products\scandinavian\board-4237170\product-scandinavian-faux-silver-dollar-eucalyptus-stem-03-04.jpg,https://havenly.com/products/details/Faux-Silver-Dollar-Eucalyptus-Stem-Crate-and-Barrel-85580840,4237170
"Ema Medium White Ceramic Vase 12.7""",Decor & Pillows,scandinavian,Modern|Minimal|Scandinavian,"${'id': '47675654790', 'price': 19.97, '__typename': 'PriceModel'} (was $39.95)","5.5"" dia. x 12.7""H",CERAMIC,White,"With a stippled surface reminiscent of the moon, Ema transforms a classic vase shape with an otherworldly finish. Countless dainty depressions texture the thick white glaze, occasionally revealing the warm hue of the ridged earthenware below. The resulting organic look complements fresh, faux and dried botanicals. Part of our Ema collection, the Ema ceramic white vase is a Crate & Barrel exclusive.     Glazed and painted earthenware  Vase is watertight, making it ideal for filling with water to ",Crate and Barrel,out_of_stock,assets\products\scandinavian\board-4237170\product-scandinavian-ema-medium-white-ceramic-vase-12-7-04-01.jpg;assets\products\scandinavian\board-4237170\product-scandinavian-ema-medium-white-ceramic-vase-12-7-04-02.jpg,https://havenly.com/products/details/Ema-Medium-White-Ceramic-Vase-12-7-Crate-and-Barrel-90997866,4237170
"Ema Small White Ceramic Vase 8""",Decor & Pillows,scandinavian,Modern|Minimal|Scandinavian,"${'id': '47671295970', 'price': 12.97, '__typename': 'PriceModel'} (was $24.95)","5"" dia. x 8""H",CERAMIC,White,"With stippled surfaces reminiscent of the moon, Ema transforms classic vase shapes with an otherworldly finish. Countless dainty depressions texture the thick white glaze, revealing the warmly hued earthenware or glossy black glaze below. The resulting organic look complements fresh, faux and dried botanicals. Our Ema ceramic vases are Crate & Barrel exclusives.     Glazed and painted earthenware  Vase is watertight, making it ideal for filling with water to display fresh botanicals  Wipe clean ",Crate and Barrel,out_of_stock,assets\products\scandinavian\board-4237170\product-scandinavian-ema-small-white-ceramic-vase-8-05-01.jpg;assets\products\scandinavian\board-4237170\product-scandinavian-ema-small-white-ceramic-vase-8-05-02.jpg;assets\products\scandinavian\board-4237170\product-scandinavian-ema-small-white-ceramic-vase-8-05-03.jpg,https://havenly.com/products/details/Ema-Small-White-Ceramic-Vase-8-Crate-and-Barrel-90998502,4237170
"White Marble Knot 9"" Sculpture",Decor & Pillows,scandinavian,Modern|Minimal|Scandinavian,"${'id': '47723782767', 'price': 87.2, '__typename': 'PriceModel'} (was $109)","9""Wx7""Dx7""H",STONE/CEMENT,White,"Made of pure white marble, our exclusive knot sculpture makes an intriguing statement on a sideboard or bookshelf. Skilled artisans hand carve each mesmerizing composition of two joined links in a marvel of workmanship. The donut-shaped rings are overscaled with polished smooth curves to bring out the veining and color nuance unique to each stone.   • Handcarved  • Polished white marble  • Made in India White Marble Knot 9"" Sculpture.",Crate and Barrel,in_stock,assets\products\scandinavian\board-4237170\product-scandinavian-white-marble-knot-9-sculpture-06-01.jpg;assets\products\scandinavian\board-4237170\product-scandinavian-white-marble-knot-9-sculpture-06-02.jpg,https://havenly.com/products/details/White-Marble-Knot-9-Sculpture-Crate-and-Barrel-107025127,4237170
"The Citizenry La Duna Lumbar Pillow | 12"" x 48"" | Ivory",Decor & Pillows,scandinavian,Modern|Minimal|Scandinavian,$279,"12"" x 48""",Front: 100% Highland Wool. Back: 100% Cotton,Ivory,"At first glance, this beauty of a lumbar is a true neutral stunner. Take a closer look, and you’ll fall even more in love with its textured feel and hand-braided detailing. Crafted from Peruvian highland wool, this cream lumbar pillow is snuggle-up soft. Featuring a fresh cream hue, this piece goes with pretty much any palette of bedding or accent pillows. Each pillow is made by a group of 26 master artisans in Lima, Peru. All made start-to-finish in a fair trade environment. Also available as a",The Citizenry,out_of_stock,assets\products\scandinavian\board-4237170\product-scandinavian-the-citizenry-la-duna-lumbar-pillow-12-x-48-ivory-07-01.jpg;assets\products\scandinavian\board-4237170\product-scandinavian-the-citizenry-la-duna-lumbar-pillow-12-x-48-ivory-07-02.jpg;assets\products\scandinavian\board-4237170\product-scandinavian-the-citizenry-la-duna-lumbar-pillow-12-x-48-ivory-07-03.jpg;assets\products\scandinavian\board-4237170\product-scandinavian-the-citizenry-la-duna-lumbar-pillow-12-x-48-ivory-07-04.jpg;assets\products\scandinavian\board-4237170\product-scandinavian-the-citizenry-la-duna-lumbar-pillow-12-x-48-ivory-07-05.jpg,https://havenly.com/products/details/The-Citizenry-La-Duna-Lumbar-Pillow-12-x-48-Ivory-The-Citizenry-107274335,4237170
Glory Orchid,Decor & Pillows,scandinavian,Modern|Minimal|Scandinavian,$168,"12"" x 12"" x 15.75""","POLYESTER,PLASTIC,IRON,STONE,GLASS","Clear Glass Container, White Flowers","Symbolic Of Faith And Beauty, This White Orchid Adds An Elegant Touch To Any Tabletop. The Plant Is Placed In A Clear Glass Container With Faux Water And Natural River Stones.",Uttermost,back_ordered,assets\products\scandinavian\board-4237170\product-scandinavian-glory-orchid-08-01.jpg;assets\products\scandinavian\board-4237170\product-scandinavian-glory-orchid-08-02.jpg;assets\products\scandinavian\board-4237170\product-scandinavian-glory-orchid-08-03.jpg;assets\products\scandinavian\board-4237170\product-scandinavian-glory-orchid-08-04.jpg;assets\products\scandinavian\board-4237170\product-scandinavian-glory-orchid-08-05.jpg,https://havenly.com/products/details/Glory-Orchid-Uttermost-124375579,4237170
"Linen Curtain, Antique White Linen, 50"" x 108"", Blackout",Decor & Pillows,scandinavian,Modern|Minimal|Scandinavian,$209,"50"" x 108""","Fabric - 55% Linen, 45% Viscose, Blackout",Antique White,"All panels sold individually -- Our two-in-one construction with duo hanging options gives you the best of both worlds. Use the rod pocket for a soft, bunched look, and the back tabs for a tailored, pleated look Antique White Linen:  Composition: 55% Linen, 45% Viscose",The Inside,in_stock,assets\products\scandinavian\board-4237170\product-scandinavian-linen-curtain-antique-white-linen-50-x-108-blackout-09-01.jpg;assets\products\scandinavian\board-4237170\product-scandinavian-linen-curtain-antique-white-linen-50-x-108-blackout-09-02.jpg;assets\products\scandinavian\board-4237170\product-scandinavian-linen-curtain-antique-white-linen-50-x-108-blackout-09-03.jpg,https://havenly.com/products/details/Linen-Curtain-Antique-White-Linen-50-x-108-Blackout-The-Inside-143328689,4237170
"Weston Black Mid-Century Modern Chandelier Light 45""",Lighting,scandinavian,Modern|Minimal|Scandinavian,$999,"45"" dia. x 19""H",Steel and Solid Walnut,Black,"Inspired by mid-century modern design, our Weston chandelier captures the design movement's impeccable pairing of clean lines and organic materials. Turned solid walnut tops each of the eight conical shades, echoing their flared silhouettes and bringing warmth to the blackened steel fixture. The adjustable swivel shades hang from slender radiating arms and a tapered ceiling plate that continues the rounded-angle theme. Weston feels right at home in an entryway or above one of our pedestal base d",Crate and Barrel,in_stock,assets\products\scandinavian\board-4237170\product-scandinavian-weston-black-mid-century-modern-chandelier-light-45-01-01.jpg;assets\products\scandinavian\board-4237170\product-scandinavian-weston-black-mid-century-modern-chandelier-light-45-01-02.jpg;assets\products\scandinavian\board-4237170\product-scandinavian-weston-black-mid-century-modern-chandelier-light-45-01-03.jpg;assets\products\scandinavian\board-4237170\product-scandinavian-weston-black-mid-century-modern-chandelier-light-45-01-04.jpg;assets\products\scandinavian\board-4237170\product-scandinavian-weston-black-mid-century-modern-chandelier-light-45-01-05.jpg,https://havenly.com/products/details/Weston-Black-Mid-Century-Modern-Chandelier-Light-45-Crate-and-Barrel-126750565,4237170
Odyssey Sconce - Black Gunmetal,Lighting,scandinavian,Modern|Minimal|Scandinavian,$749,4.25 x 5.5 x 15.0,"Brass, Glass, Thermoplastic","Black Gunmetal, Opal Matte Glass, Black Cord",A single elongated glass cylinder balances and floats from a burnished brass frame. Matte glass is specially manufactured to evenly diffuse light. The finish on the brass frame is achieved through a specialized process that turns the brass into an almost black hue before the rod is polished smooth. Brass and glass are 98% recyclable. Designed and sustainably crafted in Poland by Schwung.,Four Hands,in_stock,assets\products\scandinavian\board-4237170\product-scandinavian-odyssey-sconce-black-gunmetal-02-01.jpg;assets\products\scandinavian\board-4237170\product-scandinavian-odyssey-sconce-black-gunmetal-02-02.jpg;assets\products\scandinavian\board-4237170\product-scandinavian-odyssey-sconce-black-gunmetal-02-03.jpg;assets\products\scandinavian\board-4237170\product-scandinavian-odyssey-sconce-black-gunmetal-02-04.jpg;assets\products\scandinavian\board-4237170\product-scandinavian-odyssey-sconce-black-gunmetal-02-05.jpg,https://havenly.com/products/groups/four-hands-245049-85674?vendorVariantId=139810949,4237170
Hypoallergenic Lightweight King Duvet Insert,Bedding & Bath,scandinavian,Modern|Minimal|Scandinavian,"${'id': '47673908777', 'price': 99.97, '__typename': 'PriceModel'} (was $239.95)","106""W x96""D",SYNTHETIC,White,"All-season comfort in a quality down alternative. Synthetic microfiber clusters have a down-like feel and superior loft. Shell is 230-thread-count cambric cotton with a sewn-through construction that keeps fill in place. Down duvet insert also available.     100% cambric cotton cover  Microfiber cluster fill  Sized to fit our duvet covers  Machine wash in warm water, like colors, no bleach  Tumble dry, medium heat until thoroughly dry  For best results, professional laundering is recommended  Ma",Crate and Barrel,out_of_stock,assets\products\scandinavian\board-4237170\product-scandinavian-hypoallergenic-lightweight-king-duvet-insert-01-01.jpg;assets\products\scandinavian\board-4237170\product-scandinavian-hypoallergenic-lightweight-king-duvet-insert-01-02.jpg;assets\products\scandinavian\board-4237170\product-scandinavian-hypoallergenic-lightweight-king-duvet-insert-01-03.jpg,https://havenly.com/products/details/Hypoallergenic-Lightweight-King-Duvet-Insert-Crate-and-Barrel-6646186,4237170
The Citizenry Stonewashed Linen Duvet Cover | King/Cal King | Duvet + Sham Set | Light Grey,Bedding & Bath,scandinavian,Modern|Minimal|Scandinavian,"${'id': '47661892652', 'price': 286, '__typename': 'PriceModel'} (was $408)",King/Cal King | Duvet + Sham Set,"100% French flax; woven to 160 g/sm, handcrafted in Portugal",Light Grey,"Set the stage for an effortlessly cool bedroom. Breathable yet warm, this duvet cover is the perfect layer from summer to winter. Garment washed to give you an airy, soft, most perfectly worn feel ever (no, really). Available in luxe, earthy hues, this duvet cover is designed to mix and match with our bedding collection to create a look that’s inherently your own. Made using only the finest French flax and woven in the oldest, family-run linen mill in Portugal, each piece is Oeko-Tex® certified ",The Citizenry,out_of_stock,assets\products\scandinavian\board-4237170\product-scandinavian-the-citizenry-stonewashed-linen-duvet-cover-king-cal-king-du-02-01.jpg;assets\products\scandinavian\board-4237170\product-scandinavian-the-citizenry-stonewashed-linen-duvet-cover-king-cal-king-du-02-02.jpg;assets\products\scandinavian\board-4237170\product-scandinavian-the-citizenry-stonewashed-linen-duvet-cover-king-cal-king-du-02-03.jpg;assets\products\scandinavian\board-4237170\product-scandinavian-the-citizenry-stonewashed-linen-duvet-cover-king-cal-king-du-02-04.jpg;assets\products\scandinavian\board-4237170\product-scandinavian-the-citizenry-stonewashed-linen-duvet-cover-king-cal-king-du-02-05.jpg,https://havenly.com/products/details/The-Citizenry-Stonewashed-Linen-Duvet-Cover-King-Cal-King-Duvet-Sham-Set-Light-Grey-The-Citizenry-139480739,4237170
The Citizenry Catalina Boucle Bed Blanket | Ivory,Bedding & Bath,scandinavian,Modern|Minimal|Scandinavian,"${'id': '47630038212', 'price': 376, '__typename': 'PriceModel'} (was $579)","Bed Blanket - 80""W x 96""HFully covers a queen or king sized bed.","63% Alpaca, 23% Wool, 14% Polyamide",Ivory,"We’re all about the coziness, and this bed blanket just might take the cake. The unique wool blend is the perfect combination of texture and softness, woven to create an extra thick, warm feel. Style on a couch, accent chair, or bed (yes, it comes in a bed blanket size) – anywhere you want to layer in warmth. Handwoven by master weavers in a quiet mountain village in the Peruvian Andes, each throw takes up to a week to complete. All made exclusively in a fair trade environment. | The Citizenry C",The Citizenry,out_of_stock,assets\products\scandinavian\board-4237170\product-scandinavian-the-citizenry-catalina-boucle-bed-blanket-ivory-03-01.jpg;assets\products\scandinavian\board-4237170\product-scandinavian-the-citizenry-catalina-boucle-bed-blanket-ivory-03-02.jpg;assets\products\scandinavian\board-4237170\product-scandinavian-the-citizenry-catalina-boucle-bed-blanket-ivory-03-03.jpg;assets\products\scandinavian\board-4237170\product-scandinavian-the-citizenry-catalina-boucle-bed-blanket-ivory-03-04.jpg;assets\products\scandinavian\board-4237170\product-scandinavian-the-citizenry-catalina-boucle-bed-blanket-ivory-03-05.jpg,https://havenly.com/products/details/The-Citizenry-Catalina-Boucle-Bed-Blanket-Ivory-The-Citizenry-143759414,4237170
Dimension I by Coup D' Esprit - Vertical Grain 2.5 White Oak,Art & Mirrors,scandinavian,Modern|Minimal|Scandinavian,$1099,30.0 x 2.5 x 40.0,WOOD,WHITE,"Linear cutouts from layered mat boards, by Bangkok-based art house Coup D'Esprit, framed within vertical white grain oak for a gallery-quality look. Handmade in Austin, Texas.",Four Hands,in_stock,assets\products\scandinavian\board-4237170\product-scandinavian-dimension-i-by-coup-d-esprit-vertical-grain-2-5-white-oak-01-01.jpg;assets\products\scandinavian\board-4237170\product-scandinavian-dimension-i-by-coup-d-esprit-vertical-grain-2-5-white-oak-01-02.jpg;assets\products\scandinavian\board-4237170\product-scandinavian-dimension-i-by-coup-d-esprit-vertical-grain-2-5-white-oak-01-03.jpg;assets\products\scandinavian\board-4237170\product-scandinavian-dimension-i-by-coup-d-esprit-vertical-grain-2-5-white-oak-01-04.jpg;assets\products\scandinavian\board-4237170\product-scandinavian-dimension-i-by-coup-d-esprit-vertical-grain-2-5-white-oak-01-05.jpg,https://havenly.com/products/details/Dimension-I-by-Coup-D-Esprit-Vertical-Grain-2-5-White-Oak-Four-Hands-126619986,4237170
Dimension II by Coup D' Esprit - Vertical Grain 2.5 White Oak,Art & Mirrors,scandinavian,Modern|Minimal|Scandinavian,$1099,30.0 x 2.5 x 40.0,paper,white,"Linear cutouts from layered mat boards, by Bangkok-based art house Coup d'Esprit, framed within vertical white grain oak for a gallery-quality look. Handmade in Austin, Texas.",Four Hands,in_stock,assets\products\scandinavian\board-4237170\product-scandinavian-dimension-ii-by-coup-d-esprit-vertical-grain-2-5-white-oak-02-01.jpg;assets\products\scandinavian\board-4237170\product-scandinavian-dimension-ii-by-coup-d-esprit-vertical-grain-2-5-white-oak-02-02.jpg;assets\products\scandinavian\board-4237170\product-scandinavian-dimension-ii-by-coup-d-esprit-vertical-grain-2-5-white-oak-02-03.jpg;assets\products\scandinavian\board-4237170\product-scandinavian-dimension-ii-by-coup-d-esprit-vertical-grain-2-5-white-oak-02-04.jpg;assets\products\scandinavian\board-4237170\product-scandinavian-dimension-ii-by-coup-d-esprit-vertical-grain-2-5-white-oak-02-05.jpg,https://havenly.com/products/details/Dimension-II-by-Coup-D-Esprit-Vertical-Grain-2-5-White-Oak-Four-Hands-126619987,4237170
Breeze By Dan Hobday,Art & Mirrors,scandinavian,Modern|Minimal|Scandinavian,$1549,60.0 x 2.5 x 40.0,"Vertical Grain Oak, Textured Fine Paper","Vertical Grain 2.5 White Oak, Textured Fine Art Paper","Artist Dan Hobday finds inspiration in the coastal landscapes of his hometown of Devon, England. This original rendering is framed within vertical grain white oak for a museum-quality look. Handmade in Austin, Texas.",Four Hands,in_stock,assets\products\scandinavian\board-4237170\product-scandinavian-breeze-by-dan-hobday-03-01.jpg;assets\products\scandinavian\board-4237170\product-scandinavian-breeze-by-dan-hobday-03-02.jpg;assets\products\scandinavian\board-4237170\product-scandinavian-breeze-by-dan-hobday-03-03.jpg;assets\products\scandinavian\board-4237170\product-scandinavian-breeze-by-dan-hobday-03-04.jpg,https://havenly.com/products/groups/four-hands-230425-129478?vendorVariantId=133889917,4237170
"Matte Black 1"" Room Darkening Curtain Rod 52""-88""",Other,scandinavian,Modern|Minimal|Scandinavian,$79.95,"1"" dia. x 52"" - 88""H",METAL,Black,"This innovative curtain rod has a clever wrap-around design that allows curtains to cover the entire window, making the room darker and reducing outdoor noise. The helpful set includes a telescoping rod, hanging brackets and mounting hardware, all in striking matte black. Complete your window's modern look with our coordinating matte black easy-glide curtain rings and tiebacks. And to create the ultimate sleeping environment, pair this room-darkening curtain rod with a set of our blackout curtai",Crate and Barrel,out_of_stock,assets\products\scandinavian\board-4237170\product-scandinavian-matte-black-1-room-darkening-curtain-rod-52-88-01-01.jpg;assets\products\scandinavian\board-4237170\product-scandinavian-matte-black-1-room-darkening-curtain-rod-52-88-01-02.jpg;assets\products\scandinavian\board-4237170\product-scandinavian-matte-black-1-room-darkening-curtain-rod-52-88-01-03.jpg,https://havenly.com/products/details/Matte-Black-1-Room-Darkening-Curtain-Rod-52-88-Crate-and-Barrel-62006284,4237170
"Matte Black 1"" Room Darkening Curtain Rod 90""-144""",Other,scandinavian,Modern|Minimal|Scandinavian,$99,"90""-144""",METAL,Black,"This innovative curtain rod has a clever wrap-around design that allows curtains to cover the entire window, making the room darker and reducing outdoor noise. The helpful set includes a telescoping rod, hanging brackets and mounting hardware, all in striking matte black. Complete your window's modern look with our coordinating matte black easy-glide curtain rings and tiebacks. And to create the ultimate sleeping environment, pair this room-darkening curtain rod with a set of our blackout curtai",Crate and Barrel,out_of_stock,assets\products\scandinavian\board-4237170\product-scandinavian-matte-black-1-room-darkening-curtain-rod-90-144-02-01.jpg;assets\products\scandinavian\board-4237170\product-scandinavian-matte-black-1-room-darkening-curtain-rod-90-144-02-02.jpg;assets\products\scandinavian\board-4237170\product-scandinavian-matte-black-1-room-darkening-curtain-rod-90-144-02-03.jpg;assets\products\scandinavian\board-4237170\product-scandinavian-matte-black-1-room-darkening-curtain-rod-90-144-02-04.jpg,https://havenly.com/products/details/Matte-Black-1-Room-Darkening-Curtain-Rod-90-144-Crate-and-Barrel-62006289,4237170
"Matte Black Curtain Tiebacks, Set of 2",Other,scandinavian,Modern|Minimal|Scandinavian,$24.95,"7.15""Wx4.3""Dx1.75""H",METAL,Black,"Rounded J-shaped brackets in a modern matte black finish hold back gracefully gathered curtains to let in light and fresh air or to show off the view. Finished with cylindrical end caps, the set of two tiebacks is a sleek, helpful essential that adds beauty and practicality to any window. For a pulled-together look, pair with any of our matte black curtain rods and rings.     Steel and zinc alloy with matte black finish  Wipe clean with soft, dry cloth  Imported Matte Black Curtain Tiebacks, Set",Crate and Barrel,out_of_stock,assets\products\scandinavian\board-4237170\product-scandinavian-matte-black-curtain-tiebacks-set-of-2-03-01.jpg;assets\products\scandinavian\board-4237170\product-scandinavian-matte-black-curtain-tiebacks-set-of-2-03-02.jpg;assets\products\scandinavian\board-4237170\product-scandinavian-matte-black-curtain-tiebacks-set-of-2-03-03.jpg;assets\products\scandinavian\board-4237170\product-scandinavian-matte-black-curtain-tiebacks-set-of-2-03-04.jpg;assets\products\scandinavian\board-4237170\product-scandinavian-matte-black-curtain-tiebacks-set-of-2-03-05.jpg,https://havenly.com/products/details/Matte-Black-Curtain-Tiebacks-Set-of-2-Crate-and-Barrel-62006298,4237170
Kole Charcoal Solid Performance Nylon Area Rug 9'X12',Other,scandinavian,Modern|Minimal|Scandinavian,$1999,9'x12',SYNTHETIC,DARK GREY,"Lustrous performance rug creates a neutral, versatile foundation for any room. Perfect for high-traffic areas, nylon is extra-durable, resists stain absorption and is easy to keep clean. Because of the unique reflective quality of nylon, the silky rug shifts in tone based on how light hits it. Extra-soft with a half-inch pile, this rug will stand the test of time. CB2 exclusive.How will it look in your room? 12andamp;quot;x12andamp;quot; rug samples are available in stores for a fee refundable u",CB2,in_stock,assets\products\scandinavian\board-4237170\product-scandinavian-kole-charcoal-solid-performance-nylon-area-rug-9-x12-04-01.jpg;assets\products\scandinavian\board-4237170\product-scandinavian-kole-charcoal-solid-performance-nylon-area-rug-9-x12-04-02.jpg,https://havenly.com/products/groups/cb2-26610-6756?vendorVariantId=106184412,4237170
"Clemente 30"" Whitewashed Ash Charging Nightstand",Other,scandinavian,Modern|Minimal|Scandinavian,"${'id': '47705276104', 'price': 449.97, '__typename': 'PriceModel'} (was $599)","30""Wx18""Dx24""H",WOOD,White,"Made of solid ash and ash veneer, the nightstand brightens the bedroom with a clean, whitewash finish. Waterfall legs shape the square silhouette, sheltering a single drawer and an open shelf. To keep your night-lights on and devices powered, the nightstand includes two outlets and two USB ports. A Crate & Barrel exclusive, our whitewashed nightstand pairs with the Clemente dresser for a coordinated look.  By choosing FSC ®-certified furniture, you are supporting responsible management of the wo",Crate and Barrel,out_of_stock,assets\products\scandinavian\board-4237170\product-scandinavian-clemente-30-whitewashed-ash-charging-nightstand-05-01.jpg;assets\products\scandinavian\board-4237170\product-scandinavian-clemente-30-whitewashed-ash-charging-nightstand-05-02.jpg;assets\products\scandinavian\board-4237170\product-scandinavian-clemente-30-whitewashed-ash-charging-nightstand-05-03.jpg;assets\products\scandinavian\board-4237170\product-scandinavian-clemente-30-whitewashed-ash-charging-nightstand-05-04.jpg;assets\products\scandinavian\board-4237170\product-scandinavian-clemente-30-whitewashed-ash-charging-nightstand-05-05.jpg,https://havenly.com/products/details/Clemente-30-Whitewashed-Ash-Charging-Nightstand-Crate-and-Barrel-107025020,4237170
Kaleb Upholstered Platform Bed - Queen,Other,scandinavian,Modern|Minimal|Scandinavian,$1945,67.75 x 93 x 35,Performance Antimicrobial Chenille,Bone,"<div data-content-type=""html"" data-appearance=""default"" data-element=""main"">&lt;p&gt;A fully upholstered, modern platform bed that's big on comfort. Kaleb's side rails, footboard, and hidden legs provide a sleek look while still feeling soft. Its linear headboard features a slight pitch for even more comfort.&lt;/p&gt;  &lt;p&gt;Box springs are optional with Kaleb's slat support system. Not compatible with adjustable frames.&lt;/p&gt;</div>",Interior Define,in_stock,assets\products\scandinavian\board-4237170\product-scandinavian-kaleb-upholstered-platform-bed-queen-06-01.jpg;assets\products\scandinavian\board-4237170\product-scandinavian-kaleb-upholstered-platform-bed-queen-06-02.jpg;assets\products\scandinavian\board-4237170\product-scandinavian-kaleb-upholstered-platform-bed-queen-06-03.jpg;assets\products\scandinavian\board-4237170\product-scandinavian-kaleb-upholstered-platform-bed-queen-06-04.jpg;assets\products\scandinavian\board-4237170\product-scandinavian-kaleb-upholstered-platform-bed-queen-06-05.jpg,https://havenly.com/products/details/Kaleb-Upholstered-Platform-Bed-Queen-Interior-Define-134453550,4237170
Hollis Metal Framed Upholstered Chair,Furniture,scandinavian,Modern|Minimal|Scandinavian,$480,"21.6"" L x 20.5"" W x 30"" H",Performance Antimicrobial Chenille,Limestone,"Modern design meets Hollywood glam. Inspired by art deco design, the Hollis Chair is an undeniable statement piece. With a half-moon back, stylish curves, and sleek metal legs, Hollis is sure to dress up your dining space.Designer tip: Hollis' modern open frame design pairs beautifully with other softer, curved back silhouettes.Contract&nbsp;grade.",Interior Define,in_stock,assets\products\scandinavian\board-4246550\product-scandinavian-hollis-metal-framed-upholstered-chair-01-01.jpg;assets\products\scandinavian\board-4246550\product-scandinavian-hollis-metal-framed-upholstered-chair-01-02.jpg;assets\products\scandinavian\board-4246550\product-scandinavian-hollis-metal-framed-upholstered-chair-01-03.jpg;assets\products\scandinavian\board-4246550\product-scandinavian-hollis-metal-framed-upholstered-chair-01-04.jpg;assets\products\scandinavian\board-4246550\product-scandinavian-hollis-metal-framed-upholstered-chair-01-05.jpg,https://havenly.com/products/details/Hollis-Metal-Framed-Upholstered-Chair-Interior-Define-131341940,4246550
Reve Round Fluted White Marble Bowl,Decor & Pillows,scandinavian,Modern|Minimal|Scandinavian,"${'id': '47718724669', 'price': 246, '__typename': 'PriceModel'} (was $329)","12"" dia. x 3""H",MARBLE,WHITE,Solid chunk of Banswara Marble ripples round and round in impressively handcrafted bowl made in India. Ivory in color with subtle brown veining throughout. Decor piece is shaped using a unique tool armed by skilled craftsmen that delicately forms each and every flute-you won't see marble transformed like this anywhere else. CB2 exclusive.  -Handmade -100% Banswara Marble -Made in India Reve Round Fluted White Marble Bowl,CB2,in_stock,assets\products\scandinavian\board-4246550\product-scandinavian-reve-round-fluted-white-marble-bowl-01-01.jpg;assets\products\scandinavian\board-4246550\product-scandinavian-reve-round-fluted-white-marble-bowl-01-02.jpg,https://havenly.com/products/details/Reve-Round-Fluted-White-Marble-Bowl-CB2-82024427,4246550
"Nerida White Footed Centerpiece Bowl 18""",Decor & Pillows,scandinavian,Modern|Minimal|Scandinavian,"${'id': '47707707772', 'price': 64.97, '__typename': 'PriceModel'} (was $129.95)","17.91""Wx14.76""Dx10.24""H",CERAMIC,White,"Elevate pine cones, seashells and other seasonal bowl fillers and botanicals in our dramatically oversized Nerida centerpiece bowl. Perched upon a tapered base, the graceful bowl evokes the silhouette of a Roman drinking cup in earthenware glazed creamy white. Looped handles complete the soft geometry of the clean-curved bowl and invite you to reposition it beyond the dining table. Our Nerida white footed centerpiece bowl is a Crate & Barrel exclusive.     Glazed earthenware  Not watertight  Not",Crate and Barrel,out_of_stock,assets\products\scandinavian\board-4246550\product-scandinavian-nerida-white-footed-centerpiece-bowl-18-02-01.jpg;assets\products\scandinavian\board-4246550\product-scandinavian-nerida-white-footed-centerpiece-bowl-18-02-02.jpg;assets\products\scandinavian\board-4246550\product-scandinavian-nerida-white-footed-centerpiece-bowl-18-02-03.jpg,https://havenly.com/products/details/Nerida-White-Footed-Centerpiece-Bowl-18-Crate-and-Barrel-106720194,4246550
4-Piece Brushed Black Gallery Wall Frame Set,Decor & Pillows,scandinavian,Modern|Minimal|Scandinavian,$224.8,"4""x6"", 5""x7"", 8""x10"" and 11""x14""",Metal,Black,"Create an instant gallery with this four-frame set. Our brushed black frames add dark drama to photo displays with their shadow-box styling and oversized off-white mats. A Crate & Barrel exclusive, the set unites 4&quot;x6&quot;, 5&quot;x7&quot;, 8&quot;x10&quot; and 11&quot;x14&quot; frames with a brushed gunmetal finish. Display the quartet in a grid, in a line down a hallway or arranged as a staggered gallery wall.   • Iron or aluminum with brushed black powdercoat finish  • Glass  • Off-whit",Crate and Barrel,in_stock,assets\products\scandinavian\board-4246550\product-scandinavian-4-piece-brushed-black-gallery-wall-frame-set-03-01.jpg;assets\products\scandinavian\board-4246550\product-scandinavian-4-piece-brushed-black-gallery-wall-frame-set-03-02.jpg;assets\products\scandinavian\board-4246550\product-scandinavian-4-piece-brushed-black-gallery-wall-frame-set-03-03.jpg,https://havenly.com/products/details/4-Piece-Brushed-Black-Gallery-Wall-Frame-Set-Crate-and-Barrel-118843776,4246550
"Facette White Vase 8.5"" by Athena Calderone",Decor & Pillows,scandinavian,Modern|Minimal|Scandinavian,$59.95,"8""Wx7.25""Dx8.5""H",CERAMIC,White,"Everyone needs the perfect vase that acts as a decorative object or a container for dried botanicals. Enter Facette. Imperfect to the core with a texture inspired by hand-troweled finishes, the faceted white vase can stand alone or hold dried blooms. Athena Calderone especially loves a pair of her well-weighted vases displayed on an entry table with dried branches or a single petite Facette holding faux peonies atop a favorite book on a coffee table.  We've partnered with bestselling author, int",Crate and Barrel,in_stock,assets\products\scandinavian\board-4246550\product-scandinavian-facette-white-vase-8-5-by-athena-calderone-04-01.jpg;assets\products\scandinavian\board-4246550\product-scandinavian-facette-white-vase-8-5-by-athena-calderone-04-02.jpg;assets\products\scandinavian\board-4246550\product-scandinavian-facette-white-vase-8-5-by-athena-calderone-04-03.jpg;assets\products\scandinavian\board-4246550\product-scandinavian-facette-white-vase-8-5-by-athena-calderone-04-04.jpg;assets\products\scandinavian\board-4246550\product-scandinavian-facette-white-vase-8-5-by-athena-calderone-04-05.jpg,https://havenly.com/products/groups/crate-and-barrel-1014009-147380?vendorVariantId=119461296,4246550
Atura Black Taper Candle Holder Small,Decor & Pillows,scandinavian,Modern|Minimal|Scandinavian,"${'id': '47680892283', 'price': 8.97, '__typename': 'PriceModel'} (was $44.95)","3.1""Wx3.1""Dx12.3""H",Metal,Black,"In this modern design by London-based Studio ANANSI, a single taper candle is supported by a graceful sand-cast base with a textured matte black finish. Taper candle holders can be styled as a centerpiece on the dining table, mantel or entry console table. CB2 exclusive.  -Designed by Studio ANANSI -Sand-cast aluminum with matte black finish -Taper candles not included -Made in India Atura Black Taper Candle Holder Small",CB2,out_of_stock,assets\products\scandinavian\board-4246550\product-scandinavian-atura-black-taper-candle-holder-small-05-01.jpg;assets\products\scandinavian\board-4246550\product-scandinavian-atura-black-taper-candle-holder-small-05-02.jpg;assets\products\scandinavian\board-4246550\product-scandinavian-atura-black-taper-candle-holder-small-05-03.jpg,https://havenly.com/products/details/Atura-Black-Taper-Candle-Holder-Small-CB2-140143741,4246550
Vela Blackened Brass Wall Sconce Taper Candle Holder,Decor & Pillows,scandinavian,Modern|Minimal|Scandinavian,"${'id': '47680891614', 'price': 24.97, '__typename': 'PriceModel'} (was $49.95)","5""Wx5""Dx15.5""H",BRASS,Black,"Designed by  Brett Beldock , candle wall sconce is beautifully crafted of blackened unlacquered brass for a living finish that will naturally patina over time. Rounded platform tapers to a point, creating an elegant shape that makes a statement. Sized for a pillar candle, but can also hold a taper using the blackened brass nib hidden within the platform. CB2 exclusive.     Designed by  Brett Beldock   Solid unlacquered brass with blackened finish  Brass has no protective coating; pieces will var",CB2,out_of_stock,assets\products\scandinavian\board-4246550\product-scandinavian-vela-blackened-brass-wall-sconce-taper-candle-holder-06-01.jpg;assets\products\scandinavian\board-4246550\product-scandinavian-vela-blackened-brass-wall-sconce-taper-candle-holder-06-02.jpg;assets\products\scandinavian\board-4246550\product-scandinavian-vela-blackened-brass-wall-sconce-taper-candle-holder-06-03.jpg;assets\products\scandinavian\board-4246550\product-scandinavian-vela-blackened-brass-wall-sconce-taper-candle-holder-06-04.jpg,https://havenly.com/products/details/Vela-Blackened-Brass-Wall-Sconce-Taper-Candle-Holder-CB2-125333898,4246550
The Citizenry Hansa Vase | Matte Black,Decor & Pillows,scandinavian,Modern|Minimal|Scandinavian,"${'id': '47721415228', 'price': 55, '__typename': 'PriceModel'} (was $69)",Matte Black,Ceramic,Black,"An effortlessly cool gift that everyone will love, these mix-and-match ceramic vases blend rounded edges with a matte finish that can’t be missed. Pair them together or solo for a minimal accent that still makes a statement. Handcrafted in a workshop just outside of Delhi, India, each piece is made start-to-finish in a fair trade environment. | The Citizenry Hansa Vase | Matte Black<br>Measurements: Matte Black: 6""Matte Ivory: 6""",The Citizenry,out_of_stock,assets\products\scandinavian\board-4246550\product-scandinavian-the-citizenry-hansa-vase-matte-black-07-01.jpg;assets\products\scandinavian\board-4246550\product-scandinavian-the-citizenry-hansa-vase-matte-black-07-02.jpg;assets\products\scandinavian\board-4246550\product-scandinavian-the-citizenry-hansa-vase-matte-black-07-03.jpg;assets\products\scandinavian\board-4246550\product-scandinavian-the-citizenry-hansa-vase-matte-black-07-04.jpg;assets\products\scandinavian\board-4246550\product-scandinavian-the-citizenry-hansa-vase-matte-black-07-05.jpg,https://havenly.com/products/details/The-Citizenry-Hansa-Vase-Matte-Black-The-Citizenry-142433471,4246550
"20 Inches Square Stonewashed Linen Pillow with Fringe, Olive",Decor & Pillows,scandinavian,Modern|Minimal|Scandinavian,$35,20x20x0.25,"Cover: 100% Linen, Filler: 100% Polyester",Green,"A good quality pillow is essential for a restful and comfortable night's sleep, as it provides comfort and support for the head and neck. This collection has a perfect pillow for every need, offering a wide range of pillows with various shapes, sizes, materials, and designs. Depending on the sleeping style, choose from memory foam, cotton, latex, polyester, or down pillows in standard, queen, king, or body sizes and rectangular, square, round, or cervical shapes. Besides functionality, design op",Creative Co-Op,out_of_stock,assets\products\scandinavian\board-4246550\product-scandinavian-20-inches-square-stonewashed-linen-pillow-with-fringe-olive-08-01.jpg,https://havenly.com/products/details/20-Inches-Square-Stonewashed-Linen-Pillow-with-Fringe-Olive-Creative-Co-Op-132281668,4246550
Bradford Bowl,Decor & Pillows,scandinavian,Modern|Minimal|Scandinavian,$84,12.0 x 12.0 x 4.0,Wood,Black,"The Bradword Bowl is a decorative centerpiece bowl made from mango wood in a deep brown finish. The exterior of the bowl is notched with white chalky lines in a loose, organic style.",Elk Home,in_stock,assets\products\scandinavian\board-4246550\product-scandinavian-bradford-bowl-09-01.jpg;assets\products\scandinavian\board-4246550\product-scandinavian-bradford-bowl-09-02.jpg;assets\products\scandinavian\board-4246550\product-scandinavian-bradford-bowl-09-03.jpg;assets\products\scandinavian\board-4246550\product-scandinavian-bradford-bowl-09-04.jpg,https://havenly.com/products/details/Bradford-Bowl-Elk-Home-130254121,4246550
Roscoe Chandelier in Metal Brass,Lighting,scandinavian,Modern|Minimal|Scandinavian,"${'id': '47722683805', 'price': 1400, '__typename': 'PriceModel'} (was $2000)",Iron,"38"" Width x 38"" Depth x 162"" Height",Gold,"Statement-making fixtures with chic, modern flair, our Roscoe Lighting Collection is artisan-crafted from iron with complementing finishes to elevate your space. Stunning hand-blown glass globes encase the bulbs, dispersing light at every angle. | Roscoe Chandelier In Metal In Brass | Arhaus",Arhaus,in_stock,assets\products\scandinavian\board-4246550\product-scandinavian-roscoe-chandelier-in-metal-brass-01-01.jpg,https://havenly.com/products/details/Roscoe-Chandelier-in-Metal-Brass-Arhaus-133241492,4246550
"""Dark Modern Moment"" 49""x81"" Hand-Painted Raw Canvas Framed Wall Art",Art & Mirrors,scandinavian,Modern|Minimal|Scandinavian,"${'id': '47723782774', 'price': 1199.2, '__typename': 'PriceModel'} (was $1499)","49""Wx2.25""Dx81""H",CANVAS,Black and White,"Graphic, impactful and absolutely one of a kind. This abstract artwork explores positive and negative space with boldly painted black shapes on a white field. Each work of art is hand painted on raw canvas and framed in a contemporary floater of blonde wood. Large-scale and dramatic, the painting looks amazing showcased on a prominent wall or stairwell. Due to its handcrafted nature, each painting is unique and will exhibit slight variations.     Handpainted  Acrylic paint and gesso on raw canva",Crate and Barrel,in_stock,assets\products\scandinavian\board-4246550\product-scandinavian-dark-modern-moment-49-x81-hand-painted-raw-canvas-framed-wal-01-01.jpg;assets\products\scandinavian\board-4246550\product-scandinavian-dark-modern-moment-49-x81-hand-painted-raw-canvas-framed-wal-01-02.jpg;assets\products\scandinavian\board-4246550\product-scandinavian-dark-modern-moment-49-x81-hand-painted-raw-canvas-framed-wal-01-03.jpg;assets\products\scandinavian\board-4246550\product-scandinavian-dark-modern-moment-49-x81-hand-painted-raw-canvas-framed-wal-01-04.jpg;assets\products\scandinavian\board-4246550\product-scandinavian-dark-modern-moment-49-x81-hand-painted-raw-canvas-framed-wal-01-05.jpg,https://havenly.com/products/details/Dark-Modern-Moment-49-x81-Hand-Painted-Raw-Canvas-Framed-Wall-Art-Crate-and-Barrel-81562164,4246550
"""Fyre"" Hand-Carved White Tile Wall Art Decor 24""",Art & Mirrors,scandinavian,Modern|Minimal|Scandinavian,"${'id': '47703782773', 'price': 49.97, '__typename': 'PriceModel'} (was $119)","24"" sq. x 1.5""D",STONE/CEMENT,White,"A beautiful work of art with a story to tell, our Fyre wall tile is fashioned from volcanic debris by communities affected by the 1991 eruption of Mount Pinatubo in the Philippines. Working with a mix of ash, stone, sand, resin and fiberglass, these artisans carve a dramatic relief of bold, flowing shapes reflecting the volcano's abiding presence and power. Striking on its own, the tile can be used in multiples or paired with our Taso wall tile for a head-turning display.     Handcarved  Volcani",Crate and Barrel,out_of_stock,assets\products\scandinavian\board-4246550\product-scandinavian-fyre-hand-carved-white-tile-wall-art-decor-24-02-01.jpg;assets\products\scandinavian\board-4246550\product-scandinavian-fyre-hand-carved-white-tile-wall-art-decor-24-02-02.jpg;assets\products\scandinavian\board-4246550\product-scandinavian-fyre-hand-carved-white-tile-wall-art-decor-24-02-03.jpg;assets\products\scandinavian\board-4246550\product-scandinavian-fyre-hand-carved-white-tile-wall-art-decor-24-02-04.jpg;assets\products\scandinavian\board-4246550\product-scandinavian-fyre-hand-carved-white-tile-wall-art-decor-24-02-05.jpg,https://havenly.com/products/details/Fyre-Hand-Carved-White-Tile-Wall-Art-Decor-24-Crate-and-Barrel-106208583,4246550
"""Taso"" Hand-Carved White Tile Wall Decor 24""",Art & Mirrors,scandinavian,Modern|Minimal|Scandinavian,"${'id': '47710335508', 'price': 49.97, '__typename': 'PriceModel'} (was $119)","24"" sq. x 1.5""D",STONE/CEMENT,White,"A beautiful work of art with a story to tell, our Taso wall tile is fashioned from volcanic debris by communities affected by the 1991 eruption of Mount Pinatubo in the Philippines. Working with a mix of ash, stone, sand, resin and fiberglass, these artisans carve a lively relief of botanical shapes reflecting the region's lush plant life. Striking on its own, the tile can be used in multiples for head-turning wall decor.     Handcarved  Volcanic ash, sand and stone, powdered stone, resin and fi",Crate and Barrel,out_of_stock,assets\products\scandinavian\board-4246550\product-scandinavian-taso-hand-carved-white-tile-wall-decor-24-03-01.jpg;assets\products\scandinavian\board-4246550\product-scandinavian-taso-hand-carved-white-tile-wall-decor-24-03-02.jpg;assets\products\scandinavian\board-4246550\product-scandinavian-taso-hand-carved-white-tile-wall-decor-24-03-03.jpg;assets\products\scandinavian\board-4246550\product-scandinavian-taso-hand-carved-white-tile-wall-decor-24-03-04.jpg;assets\products\scandinavian\board-4246550\product-scandinavian-taso-hand-carved-white-tile-wall-decor-24-03-05.jpg,https://havenly.com/products/details/Taso-Hand-Carved-White-Tile-Wall-Decor-24-Crate-and-Barrel-106208618,4246550
Our Hands Are Open No. 14 by Tyler Guinn - Vertical Grain White Oak Floater,Art & Mirrors,scandinavian,Modern|Minimal|Scandinavian,$1699,38.5 x 2.0 x 48.0,"Vertical Grain White Oak Floater, Matte Canvas, Gallery Bracer",Vertical Grain White Oak Floater,"Based in Austin, Texas, abstract-expressionist painter Tyler Guinn looks to texture and organic sensibility to shape his wide variety of works, from geometric pieces and flowing landscapes to mark making and automatic writing. If not currently in stock, this texture-enhanced piece ships within three weeks. Handmade in Austin, Texas.",Four Hands,in_stock,assets\products\scandinavian\board-4246550\product-scandinavian-our-hands-are-open-no-14-by-tyler-guinn-vertical-grain-white-04-01.jpg;assets\products\scandinavian\board-4246550\product-scandinavian-our-hands-are-open-no-14-by-tyler-guinn-vertical-grain-white-04-02.jpg,https://havenly.com/products/groups/four-hands-240143-129630?vendorVariantId=139140177,4246550
Prayers Under The Olive Tree by Tyler Guinn - Vertical Grain White Oak Floater,Art & Mirrors,scandinavian,Modern|Minimal|Scandinavian,$3499,72.0 x 2.0 x 43.5,"Vertical Grain White Oak Floater, Matte Canvas, Gallery Bracer",Vertical Grain White Oak Floater,"Based in Austin, Texas, abstract-expressionist painter Tyler Guinn looks to texture and organic sensibility to shape his wide variety of works, from geometric pieces and flowing landscapes to mark making and automatic writing. If not currently in stock, this texture-enhanced piece ships within three weeks. Handmade in Austin, Texas.",Four Hands,in_stock,assets\products\scandinavian\board-4246550\product-scandinavian-prayers-under-the-olive-tree-by-tyler-guinn-vertical-grain-w-05-01.jpg;assets\products\scandinavian\board-4246550\product-scandinavian-prayers-under-the-olive-tree-by-tyler-guinn-vertical-grain-w-05-02.jpg;assets\products\scandinavian\board-4246550\product-scandinavian-prayers-under-the-olive-tree-by-tyler-guinn-vertical-grain-w-05-03.jpg;assets\products\scandinavian\board-4246550\product-scandinavian-prayers-under-the-olive-tree-by-tyler-guinn-vertical-grain-w-05-04.jpg;assets\products\scandinavian\board-4246550\product-scandinavian-prayers-under-the-olive-tree-by-tyler-guinn-vertical-grain-w-05-05.jpg,https://havenly.com/products/details/Prayers-Under-The-Olive-Tree-by-Tyler-Guinn-Vertical-Grain-White-Oak-Floater-Four-Hands-139811693,4246550
Scorch by FH Art Studio - Vertical Grain White Oak Floater,Art & Mirrors,scandinavian,Modern|Minimal|Scandinavian,$1649,72.0 x 2.0 x 48.0,"Vertical Grain White Oak Floater, Matte Canvas, Gallery Bracer",Vertical Grain White Oak Floater,"Matte canvas with spot gloss detailing offers a study in movement. Matte canvas is float mounted in a rustic walnut frame. Handmade in Austin, Texas.",Four Hands,in_stock,assets\products\scandinavian\board-4246550\product-scandinavian-scorch-by-fh-art-studio-vertical-grain-white-oak-floater-06-01.jpg;assets\products\scandinavian\board-4246550\product-scandinavian-scorch-by-fh-art-studio-vertical-grain-white-oak-floater-06-02.jpg;assets\products\scandinavian\board-4246550\product-scandinavian-scorch-by-fh-art-studio-vertical-grain-white-oak-floater-06-03.jpg;assets\products\scandinavian\board-4246550\product-scandinavian-scorch-by-fh-art-studio-vertical-grain-white-oak-floater-06-04.jpg;assets\products\scandinavian\board-4246550\product-scandinavian-scorch-by-fh-art-studio-vertical-grain-white-oak-floater-06-05.jpg,https://havenly.com/products/details/Scorch-by-FH-Art-Studio-Vertical-Grain-White-Oak-Floater-Four-Hands-139140204,4246550
Clayton 6 Light Linear Chandelier,Other,scandinavian,Modern|Minimal|Scandinavian,$832.8,"13"" x 42"" x 17.5""",STEEL,Deep Weathered Bronze,"Simple Clean Open Frame Lines Are The Focus Of This Vintage Farm Industrial 6 Lt.  Linear Chandelier. The Deep Dark Weathered Bronze Finish Is Modernized With A Matte Luster. 6-60 Watt Max, Candelabra Sockets. Bulbs Not Included. Supplied With 20' Wire, 3-12"" Stems, And 1-6"" Stem For Adjustable Installation.",Uttermost,in_stock,assets\products\scandinavian\board-4246550\product-scandinavian-clayton-6-light-linear-chandelier-01-01.jpg;assets\products\scandinavian\board-4246550\product-scandinavian-clayton-6-light-linear-chandelier-01-02.jpg;assets\products\scandinavian\board-4246550\product-scandinavian-clayton-6-light-linear-chandelier-01-03.jpg;assets\products\scandinavian\board-4246550\product-scandinavian-clayton-6-light-linear-chandelier-01-04.jpg;assets\products\scandinavian\board-4246550\product-scandinavian-clayton-6-light-linear-chandelier-01-05.jpg,https://havenly.com/products/details/Clayton-6-Light-Linear-Chandelier-Uttermost-105617009,4246550
"Black Leather Bolster Throw Pillow 24""x6""",Other,scandinavian,Modern|Minimal|Scandinavian,"${'id': '47680892595', 'price': 69.97, '__typename': 'PriceModel'} (was $109)","24"" dia. x 6""H",LEATHER,Black,"Classic bolster pillow gets an edgy update in smooth black leather with exposed brass zipper. 100% genuine leather means no two will be exactly the same; leather pillow will also fade and patina over time for a luxe, lived-in look. We stuffed this one for you-no insert needed. CB2 exclusive.  -Cover: Genuine black leather -Lining: 100% polyester -Fill: 100% cotton -Leather will age and soften over time with natural variations in color and markings -Exposed brass zipper -Spot-clean only -Made in ",CB2,out_of_stock,assets\products\scandinavian\board-4246550\product-scandinavian-black-leather-bolster-throw-pillow-24-x6-02-01.jpg;assets\products\scandinavian\board-4246550\product-scandinavian-black-leather-bolster-throw-pillow-24-x6-02-02.jpg;assets\products\scandinavian\board-4246550\product-scandinavian-black-leather-bolster-throw-pillow-24-x6-02-03.jpg,https://havenly.com/products/details/Black-Leather-Bolster-Throw-Pillow-24-x6-CB2-118118193,4246550
Decorative White Stoneware Pear,Other,scandinavian,Modern|Minimal|Scandinavian,$18.38,"4-3/4""L x 5-1/4""H",100% Stoneware,White,"Little touches on a shelf or table make all the difference.  Add this white pear next to your cookbooks in the kitchen or in the center of the table next to the salt and pepper.  No matter where you place this piece of fruit, it will add that little extra touch that makes all the difference in the world.",Creative Co-Op,out_of_stock,assets\products\scandinavian\board-4246550\product-scandinavian-decorative-white-stoneware-pear-03-01.jpg,https://havenly.com/products/details/Decorative-White-Stoneware-Pear-Creative-Co-Op-124317560,4246550
"""Clear Conscience"" by Joe Turner White Abstract Hand-Painted 70""x56"" Framed Wall Art",Other,scandinavian,Modern|Minimal|Scandinavian,$2199,"69.25""Wx2""Dx55.25""H",CANVAS,Natural,"Joe Turner transforms white paint into a sculptural work of art with surprising depth. Meandering curves-paths, rivers or thoughts, perhaps-intertwine, surrounded by dimensional crosshatches that create a rich surface. Painted by hand in thick acrylic paint on canvas, our reproduction captures the fascinating texture of the original. The long piece is presented in an understated wood floater frame that can be hung vertically or horizontally to suit your space and mood.   • Artist: Joe Turner  • ",Crate and Barrel,in_stock,assets\products\scandinavian\board-4246550\product-scandinavian-clear-conscience-by-joe-turner-white-abstract-hand-painted-7-04-01.jpg;assets\products\scandinavian\board-4246550\product-scandinavian-clear-conscience-by-joe-turner-white-abstract-hand-painted-7-04-02.jpg;assets\products\scandinavian\board-4246550\product-scandinavian-clear-conscience-by-joe-turner-white-abstract-hand-painted-7-04-03.jpg,https://havenly.com/products/groups/crate-and-barrel-1016802-7935?vendorVariantId=126401255,4246550
"""All Grown Up"" by Michel Smith Boyd Tan Brown Canvas 40""x60"" Framed Wall Art Print",Other,scandinavian,Modern|Minimal|Scandinavian,"${'id': '47665743914', 'price': 649.97, '__typename': 'PriceModel'} (was $1099)","41.5""Wx2""Dx61.5""H",Canvas,Natural,"Fluid strokes of black loop and curve to suggest the graceful pose of a seated figure in this print by Michel Smith Boyd. Our giclee print with gel accents brilliantly captures the saturated and washed tones of the brushed lines on beige that distinguish the original acrylic painting. Presented in a light grey-finished wood floater frame, the gallery-worthy print lends a graphic note to a bedroom or entryway wall.   • Artist: Michel Smith Boyd  • Giclee print on canvas with gel accents  • Floate",Crate and Barrel,out_of_stock,assets\products\scandinavian\board-4246550\product-scandinavian-all-grown-up-by-michel-smith-boyd-tan-brown-canvas-40-x60-fr-05-01.jpg;assets\products\scandinavian\board-4246550\product-scandinavian-all-grown-up-by-michel-smith-boyd-tan-brown-canvas-40-x60-fr-05-02.jpg;assets\products\scandinavian\board-4246550\product-scandinavian-all-grown-up-by-michel-smith-boyd-tan-brown-canvas-40-x60-fr-05-03.jpg;assets\products\scandinavian\board-4246550\product-scandinavian-all-grown-up-by-michel-smith-boyd-tan-brown-canvas-40-x60-fr-05-04.jpg,https://havenly.com/products/details/All-Grown-Up-by-Michel-Smith-Boyd-Tan-Brown-Canvas-40-x60-Framed-Wall-Art-Print-Crate-and-Barrel-137821268,4246550
"Jabas Black Woven Leather Throw Pillow with Feather-Down Insert 23""x23""",Other,scandinavian,Modern|Minimal|Scandinavian,$169,"23""Wx23""D",Leather,Black,"Inspired by the rich history of weaving in Jamaica, throw pillow by Studio ANANSI intertwines strips of buttery-soft black leather. Soft and supple, each piece is masterfully woven across the front to create a textured cover with a solid cotton duck back. Leather has inherent variations of color and texture, and each piece has been selected for its unique beauty; no two pillows will be alike. CB2 pillows include a pillow insert in your choice of feather down or down alternative. CB2 exclusive.  ",CB2,in_stock,assets\products\scandinavian\board-4246550\product-scandinavian-jabas-black-woven-leather-throw-pillow-with-feather-down-ins-06-01.jpg;assets\products\scandinavian\board-4246550\product-scandinavian-jabas-black-woven-leather-throw-pillow-with-feather-down-ins-06-02.jpg;assets\products\scandinavian\board-4246550\product-scandinavian-jabas-black-woven-leather-throw-pillow-with-feather-down-ins-06-03.jpg;assets\products\scandinavian\board-4246550\product-scandinavian-jabas-black-woven-leather-throw-pillow-with-feather-down-ins-06-04.jpg,https://havenly.com/products/groups/cb2-33842-146730?vendorVariantId=139143464,4246550
"Jabas Warm White Woven Leather Throw Pillow with Down-Alternative Insert 20""x20""",Other,scandinavian,Modern|Minimal|Scandinavian,$149,20 X 20,Leather,Off White,"Inspired by the rich history of weaving in Jamaica, throw pillow by Studio ANANSI intertwines strips of buttery-soft warm white leather. Soft and supple, each piece is masterfully woven across the front to create a textured cover with a solid cotton duck back. Leather has inherent variations of color and texture, and each piece has been selected for its unique beauty; no two pillows will be alike. CB2 pillows include a pillow insert in your choice of feather down or down alternative. CB2 exclusi",CB2,in_stock,assets\products\scandinavian\board-4246550\product-scandinavian-jabas-warm-white-woven-leather-throw-pillow-with-down-altern-07-01.jpg;assets\products\scandinavian\board-4246550\product-scandinavian-jabas-warm-white-woven-leather-throw-pillow-with-down-altern-07-02.jpg;assets\products\scandinavian\board-4246550\product-scandinavian-jabas-warm-white-woven-leather-throw-pillow-with-down-altern-07-03.jpg;assets\products\scandinavian\board-4246550\product-scandinavian-jabas-warm-white-woven-leather-throw-pillow-with-down-altern-07-04.jpg,https://havenly.com/products/groups/cb2-33844-6937?vendorVariantId=139143482,4246550
Leith Dining Table - Natural / Black - Safavieh,Other,scandinavian,Modern|Minimal|Scandinavian,$219.24,55.1in x 29.90in x 35.4in,"-, Metal, Mahogany Wood / Mdf","Natural / Black, Natural / Black, -","Inspired By Mid-Century Scandinavian Designs, This Leith Dining Table Abounds With Visual Intrigue. Leith'S Artfully Asymmetric Black Legs And Matching Painted Stripe Atop Its Natural Wood Surface Is Absolutely Eye-Catching, Revitalizing Your Decor With A Rich Sense Of Depth.",Safavieh,in_stock,assets\products\scandinavian\board-4246550\product-scandinavian-leith-dining-table-natural-black-safavieh-08-01.jpg;assets\products\scandinavian\board-4246550\product-scandinavian-leith-dining-table-natural-black-safavieh-08-02.jpg;assets\products\scandinavian\board-4246550\product-scandinavian-leith-dining-table-natural-black-safavieh-08-03.jpg;assets\products\scandinavian\board-4246550\product-scandinavian-leith-dining-table-natural-black-safavieh-08-04.jpg;assets\products\scandinavian\board-4246550\product-scandinavian-leith-dining-table-natural-black-safavieh-08-05.jpg,https://havenly.com/products/details/Leith-Dining-Table-Natural-Black-Safavieh-Safavieh-147140237,4246550
"Hudson 120"" Natural Linen Blend Woven Table Runner",Other,scandinavian,Modern|Minimal|Scandinavian,$100,"18""",Linen Blend,Natural,"Inspired by carefree weekends in the Hudson Valley, our Hudson table runner sets the mood with its easy, breezy style. Yarn-dyed a natural neutral, the linen-blend runner relaxes the table with organic texture and the unstructured look of fringed edges.   • 55% EUROPEAN FLAXr-certified linen and 45% viscose  • Woven  • Yarn-dyed  • Fringed hems  • Machine wash cold, tumble dry low; warm iron as needed  • Softens with washing  • Do not bleach or dry clean  • This product is labeled EUROPEAN FLAXr",Crate and Barrel,in_stock,assets\products\scandinavian\board-4246550\product-scandinavian-hudson-120-natural-linen-blend-woven-table-runner-09-01.jpg;assets\products\scandinavian\board-4246550\product-scandinavian-hudson-120-natural-linen-blend-woven-table-runner-09-02.jpg,https://havenly.com/products/details/Hudson-120-Natural-Linen-Blend-Woven-Table-Runner-Crate-and-Barrel-153813506,4246550
Atura Black Taper Candle Holder Medium,Other,scandinavian,Modern|Minimal|Scandinavian,"${'id': '47686049756', 'price': 28, '__typename': 'PriceModel'} (was $49.95)","3.8""Wx3.8""Dx16.35""H",Metal,Black,"In this modern design by London-based Studio ANANSI, a single taper candle is supported by a graceful sand-cast base with a textured matte black finish. Taper candle holders can be styled as a centerpiece on the dining table, mantel or entry console table. CB2 exclusive.  -Designed by Studio ANANSI -Sand-cast aluminum with matte black finish -Taper candles not included -Made in India Atura Black Taper Candle Holder Medium",CB2,out_of_stock,assets\products\scandinavian\board-4246550\product-scandinavian-atura-black-taper-candle-holder-medium-10-01.jpg;assets\products\scandinavian\board-4246550\product-scandinavian-atura-black-taper-candle-holder-medium-10-02.jpg;assets\products\scandinavian\board-4246550\product-scandinavian-atura-black-taper-candle-holder-medium-10-03.jpg,https://havenly.com/products/details/Atura-Black-Taper-Candle-Holder-Medium-CB2-140143685,4246550
"DAW-06 Natural 8'-10"" x 12'-2""",Other,scandinavian,Modern|Minimal|Scandinavian,$540,"8'-10"" x 12'-2""",100% Polypropylene Pile,Natural,"Made for sunny days ahead, the Dawn Collection is an indoor/outdoor rug that looks like a woven sisal rug but is power-loomed of 100% polypropylene, which makes it water- and mildew-resistant (so it's ready for rainy days ahead, too). Available in modern graphic patterns in tonal beige neutrals, Dawn has a short edge fringe that adds a playful and elevated feel to a rug that can handle a lot of foot (or paw) traffic whether outside on a patio or in a busy mudroom. Rinse off with a hose when need",Loloi Rugs,out_of_stock,assets\products\scandinavian\board-4246550\product-scandinavian-daw-06-natural-8-10-x-12-2-11-01.jpg,https://havenly.com/products/details/DAW-06-Natural-8-10-x-12-2-Loloi-Rugs-130725747,4246550
"Standard Felted  Rug Pad, 9' x 12', Rectangle",Other,scandinavian,Modern|Minimal|Scandinavian,$295,9' x 12',100% Felt,n/a,"Introducing the Standard Felted Pad, a versatile rug pad perfect for both hard surfaces and carpet alike. Proudly manufactured in the U.S.A., this felt rug pad is designed to provide a comfortable cushioning layer between your area rug and floor. Not only does it enhance the plush feel of your rugs, but it also helps keep them firmly in place, reducing slips and slides. Indulge in luxury beneath your feet with our American-made Standard Felted Pad - a perfect companion for any area rug!",Surya,in_stock,assets\products\scandinavian\board-4246550\product-scandinavian-standard-felted-rug-pad-9-x-12-rectangle-12-01.jpg;assets\products\scandinavian\board-4246550\product-scandinavian-standard-felted-rug-pad-9-x-12-rectangle-12-02.jpg,https://havenly.com/products/groups/surya-13724-0-1027?vendorVariantId=8170208,4246550
Marias Sky by Gold Rush Art Co. - Black,Other,scandinavian,Modern|Minimal|Scandinavian,$1499,48.0 x 2.5 x 48.0,"Tape, Vertical Grain White Oak, Acrylic Glazing","Black, Vertical Grain 2.5 White Oak, Clear Acrylic","Gold Rush Art Co. is a Los Angeles-based artist collective inspired by the city's film food and music scenes. Printed on top-quality watercolor paper and framed within natural oak. Handmade in Austin, Texas.",Four Hands,in_stock,assets\products\scandinavian\board-4246550\product-scandinavian-marias-sky-by-gold-rush-art-co-black-13-01.jpg;assets\products\scandinavian\board-4246550\product-scandinavian-marias-sky-by-gold-rush-art-co-black-13-02.jpg;assets\products\scandinavian\board-4246550\product-scandinavian-marias-sky-by-gold-rush-art-co-black-13-03.jpg;assets\products\scandinavian\board-4246550\product-scandinavian-marias-sky-by-gold-rush-art-co-black-13-04.jpg;assets\products\scandinavian\board-4246550\product-scandinavian-marias-sky-by-gold-rush-art-co-black-13-05.jpg,https://havenly.com/products/groups/four-hands-ulof-130138?vendorVariantId=139390783,4246550
They Cling To The Rock No.6 by Tyler Guinn - Vertical Grain White Oak Floater,Other,scandinavian,Modern|Minimal|Scandinavian,$1999,48.0 x 2.0 x 48.0,"Vertical Grain White Oak Floater, Matte Canvas, Gallery Bracer",Vertical Grain White Oak Floater,"Based in Austin, Texas, abstract-expressionist painter Tyler Guinn looks to texture and organic sensibility to shape his wide variety of works, from geometric pieces and flowing landscapes to mark making and automatic writing. If not currently in stock, this texture-enhanced piece ships within three weeks. Handmade in Austin, Texas.",Four Hands,in_stock,assets\products\scandinavian\board-4246550\product-scandinavian-they-cling-to-the-rock-no-6-by-tyler-guinn-vertical-grain-wh-14-01.jpg;assets\products\scandinavian\board-4246550\product-scandinavian-they-cling-to-the-rock-no-6-by-tyler-guinn-vertical-grain-wh-14-02.jpg,https://havenly.com/products/groups/four-hands-240149-129632?vendorVariantId=139140240,4246550
Surrey by Dan Hobday - Rustic Walnut Floater,Other,scandinavian,Modern|Minimal|Scandinavian,$949,48.0 x 2.0 x 48.0,"Rustic Walnut, Matte Canvas, Gallery Bracer","Rustic Walnut Floater, White","A seasoned graphic designer with a penchant for modern minimalism, artist Dan Hobday finds inspiration in the coastal landscapes of his hometown of Devon, England. Framed within rustic walnut for a museum-quality look. Handmade in Austin, Texas.",Four Hands,in_stock,assets\products\scandinavian\board-4246550\product-scandinavian-surrey-by-dan-hobday-rustic-walnut-floater-15-01.jpg;assets\products\scandinavian\board-4246550\product-scandinavian-surrey-by-dan-hobday-rustic-walnut-floater-15-02.jpg;assets\products\scandinavian\board-4246550\product-scandinavian-surrey-by-dan-hobday-rustic-walnut-floater-15-03.jpg;assets\products\scandinavian\board-4246550\product-scandinavian-surrey-by-dan-hobday-rustic-walnut-floater-15-04.jpg;assets\products\scandinavian\board-4246550\product-scandinavian-surrey-by-dan-hobday-rustic-walnut-floater-15-05.jpg,https://havenly.com/products/groups/four-hands-233155-129532?vendorVariantId=139391003,4246550
Gary 004 by Jade Dacay - Vertical Grain White Oak Floater,Other,scandinavian,Modern|Minimal|Scandinavian,$1999,60.0 x 2.0 x 40.0,"Vertical Grain White Oak Floater, Matte Canvas, Gallery Bracer",Vertical Grain White Oak Floater,"A San Franciscan with Hawaiian roots, artist Jade Dacay works high texture and calming hues into her minimalist collage and mixed media pieces. If not currently in stock, this texture-enhanced piece ships within three weeks. Handmade in Austin, Texas.",Four Hands,in_stock,assets\products\scandinavian\board-4246550\product-scandinavian-gary-004-by-jade-dacay-vertical-grain-white-oak-floater-16-01.jpg;assets\products\scandinavian\board-4246550\product-scandinavian-gary-004-by-jade-dacay-vertical-grain-white-oak-floater-16-02.jpg;assets\products\scandinavian\board-4246550\product-scandinavian-gary-004-by-jade-dacay-vertical-grain-white-oak-floater-16-03.jpg;assets\products\scandinavian\board-4246550\product-scandinavian-gary-004-by-jade-dacay-vertical-grain-white-oak-floater-16-04.jpg;assets\products\scandinavian\board-4246550\product-scandinavian-gary-004-by-jade-dacay-vertical-grain-white-oak-floater-16-05.jpg,https://havenly.com/products/details/Gary-004-by-Jade-Dacay-Vertical-Grain-White-Oak-Floater-Four-Hands-139140121,4246550
The Cling To The Rock No. 1 by Tyler Guinn - Rustic Walnut Floater,Other,scandinavian,Modern|Minimal|Scandinavian,$2499,72.0 x 2 x 49,Rustic Walnut Floater,"Rustic Walnut Floater, Matte Canvas","Based in Austin, Texas, abstract-expressionist painter Tyler Guinn looks to texture and organic sensibility to shape his wide variety of works, from geometric pieces and flowing landscapes to mark making and automatic writing. If not currently in stock, this texture-enhanced piece ships within three weeks. Handmade in Austin, Texas.",Four Hands,in_stock,assets\products\scandinavian\board-4246550\product-scandinavian-the-cling-to-the-rock-no-1-by-tyler-guinn-rustic-walnut-floa-17-01.jpg;assets\products\scandinavian\board-4246550\product-scandinavian-the-cling-to-the-rock-no-1-by-tyler-guinn-rustic-walnut-floa-17-02.jpg;assets\products\scandinavian\board-4246550\product-scandinavian-the-cling-to-the-rock-no-1-by-tyler-guinn-rustic-walnut-floa-17-03.jpg;assets\products\scandinavian\board-4246550\product-scandinavian-the-cling-to-the-rock-no-1-by-tyler-guinn-rustic-walnut-floa-17-04.jpg;assets\products\scandinavian\board-4246550\product-scandinavian-the-cling-to-the-rock-no-1-by-tyler-guinn-rustic-walnut-floa-17-05.jpg,https://havenly.com/products/groups/four-hands-240161-129633?vendorVariantId=146920214,4246550
and All The Stars In The Sky by Gold Rush	 - Natural Maple Floater,Other,scandinavian,Modern|Minimal|Scandinavian,$999,60.0 x 2.0 x 40.0,"American Maple, Matte Canvas","Natural Maple, Canvas","Gold Rush Art Co. is a Los Angeles-based artist collective inspired by the city's film food and music scenes. Printed on matte white canvas and framed within natural American maple, with hardware to hang vertically or horizontally. Handmade in Austin, Texas.",Four Hands,in_stock,assets\products\scandinavian\board-4246550\product-scandinavian-and-all-the-stars-in-the-sky-by-gold-rush-natural-maple-floa-18-01.jpg;assets\products\scandinavian\board-4246550\product-scandinavian-and-all-the-stars-in-the-sky-by-gold-rush-natural-maple-floa-18-02.jpg;assets\products\scandinavian\board-4246550\product-scandinavian-and-all-the-stars-in-the-sky-by-gold-rush-natural-maple-floa-18-03.jpg;assets\products\scandinavian\board-4246550\product-scandinavian-and-all-the-stars-in-the-sky-by-gold-rush-natural-maple-floa-18-04.jpg,https://havenly.com/products/groups/four-hands-228829-129461?vendorVariantId=133889880,4246550
Melted Woman by Getty Images - Vertical Grain White Oak Floater,Other,scandinavian,Modern|Minimal|Scandinavian,$2699,48.0 x 2.0 x 48.0,"Vertical Grain White Oak Floater, Gloss White Chromalux","Vertical Grain White Oak Floater, Gloss White Metal","Head in the cloudsâ€¦ Speaking to her background in collage and photo-manipulation, Ukrainian photographer Elena Vizerskaya's uniquely whimsical work is a high-definition metal print produced on ChromaLuxe using dye sublimation print technology. Float-mounted in a vertical grain floater frame of white-finished American oak for a modern, museum-quality look. Image courtesy of Getty Images.",Four Hands,in_stock,assets\products\scandinavian\board-4246550\product-scandinavian-melted-woman-by-getty-images-vertical-grain-white-oak-floate-19-01.jpg;assets\products\scandinavian\board-4246550\product-scandinavian-melted-woman-by-getty-images-vertical-grain-white-oak-floate-19-02.jpg;assets\products\scandinavian\board-4246550\product-scandinavian-melted-woman-by-getty-images-vertical-grain-white-oak-floate-19-03.jpg;assets\products\scandinavian\board-4246550\product-scandinavian-melted-woman-by-getty-images-vertical-grain-white-oak-floate-19-04.jpg;assets\products\scandinavian\board-4246550\product-scandinavian-melted-woman-by-getty-images-vertical-grain-white-oak-floate-19-05.jpg,https://havenly.com/products/details/Melted-Woman-by-Getty-Images-Vertical-Grain-White-Oak-Floater-Four-Hands-146920750,4246550
Memory Bliss by Molly Franken - Vertical Grain White Oak Floater,Other,scandinavian,Modern|Minimal|Scandinavian,$1399,45.0 x 2.0 x 60.0,"Vertical Grain White Oak Floater, Matte Canvas, Gallery Bracer",Vertical Grain White Oak Floater,"Self-taught artist Molly Franken works with tactile art, channeling inspiration from nature to create expressive works in watercolor, ink, acrylic and mixed media. Handmade in Austin, Texas.",Four Hands,out_of_stock,assets\products\scandinavian\board-4246550\product-scandinavian-memory-bliss-by-molly-franken-vertical-grain-white-oak-float-20-01.jpg;assets\products\scandinavian\board-4246550\product-scandinavian-memory-bliss-by-molly-franken-vertical-grain-white-oak-float-20-02.jpg;assets\products\scandinavian\board-4246550\product-scandinavian-memory-bliss-by-molly-franken-vertical-grain-white-oak-float-20-03.jpg;assets\products\scandinavian\board-4246550\product-scandinavian-memory-bliss-by-molly-franken-vertical-grain-white-oak-float-20-04.jpg;assets\products\scandinavian\board-4246550\product-scandinavian-memory-bliss-by-molly-franken-vertical-grain-white-oak-float-20-05.jpg,https://havenly.com/products/details/Memory-Bliss-by-Molly-Franken-Vertical-Grain-White-Oak-Floater-Four-Hands-139811657,4246550
Where The Wild Lilacs Grow by Tyler Guinn - Vertical Grain White Oak Floater,Other,scandinavian,Modern|Minimal|Scandinavian,$2199,48.0 x 2.0 x 60.0,"Vertical Grain White Oak Floater, Matte Canvas, Gallery Bracer",Vertical Grain White Oak Floater,"Based in Austin, Texas, abstract-expressionist painter Tyler Guinn looks to texture and organic sensibility to shape his wide variety of works, from geometric pieces and flowing landscapes to mark making and automatic writing. If not currently in stock, this texture-enhanced piece ships within three weeks. Handmade in Austin, Texas.",Four Hands,in_stock,assets\products\scandinavian\board-4246550\product-scandinavian-where-the-wild-lilacs-grow-by-tyler-guinn-vertical-grain-whi-21-01.jpg;assets\products\scandinavian\board-4246550\product-scandinavian-where-the-wild-lilacs-grow-by-tyler-guinn-vertical-grain-whi-21-02.jpg;assets\products\scandinavian\board-4246550\product-scandinavian-where-the-wild-lilacs-grow-by-tyler-guinn-vertical-grain-whi-21-03.jpg;assets\products\scandinavian\board-4246550\product-scandinavian-where-the-wild-lilacs-grow-by-tyler-guinn-vertical-grain-whi-21-04.jpg;assets\products\scandinavian\board-4246550\product-scandinavian-where-the-wild-lilacs-grow-by-tyler-guinn-vertical-grain-whi-21-05.jpg,https://havenly.com/products/groups/four-hands-242609-129651?vendorVariantId=139391116,4246550
